"customer_id","first_purchase_year"
"SB-201703",2011
"BS-17551",2012
"VT-217002",2011
"AT-104351",2011
"PS-90452",2011
"JB-160002",2011
"JR-162101",2011
"MJ-177401",2011
"VW-117752",2012
"SJ-202153",2011
"GH-144104",2011
"LD-168554",2013
"JD-160603",2011
"EK-137954",2011
"SV-107851",2011
"MT-178154",2012
"HF-149954",2011
"CS-119504",2011
"PO-191951",2011
"NR-185504",2011
"CB-120254",2011
"PC-87451",2012
"ZD-219254",2011
"JK-53701",2011
"TT-112201",2011
"JD-160601",2011
"NF-185952",2011
"SR-104252",2014
"TG-116403",2011
"JM-156552",2013
"JJ-154454",2012
"DL-128654",2011
"RR-195253",2011
"BW-111102",2011
"ML-74101",2013
"JL-152352",2011
"LT-171104",2011
"SC-207251",2011
"DK-33752",2011
"RP-93902",2012
"TG-213101",2011
"CH-120703",2012
"AC-104503",2013
"DK-32252",2013
"RD-196603",2013
"SG-204704",2011
"BP-12301",2011
"MK-179052",2011
"AJ-9602",2011
"RW-96901",2011
"SP-109201",2012
"SB-101852",2011
"BT-114401",2011
"LP-170802",2012
"JC-157753",2013
"RD-99301",2012
"CK-123251",2012
"CG-120402",2011
"VP-117302",2014
"BO-14251",2012
"TT-112202",2011
"DL-129254",2011
"TT-212654",2012
"RH-94952",2012
"JM-55351",2014
"ED-138853",2011
"FH-142752",2012
"DV-30451",2011
"AC-106153",2011
"FH-143504",2012
"DL-34952",2011
"PF-191203",2011
"TH-112352",2011
"SG-206054",2011
"AR-105403",2012
"JF-53551",2011
"TC-212953",2012
"JH-61802",2014
"CM-124452",2012
"MG-178752",2011
"BS-113652",2011
"KL-66451",2013
"BP-111554",2012
"CH-120704",2012
"LH-67502",2012
"JR-162103",2012
"KE-164201",2011
"MC-175751",2011
"GM-144403",2012
"AR-103452",2012
"Co-126403",2011
"MS-179802",2012
"DB-32701",2013
"MP-79651",2011
"JE-157152",2011
"AT-104353",2011
"SR-107401",2012
"DF-131353",2012
"GT-47101",2012
"RF-98402",2012
"JM-161954",2011
"DO-34352",2011
"DK-128352",2013
"BS-113801",2012
"RB-194653",2011
"JP-161354",2011
"RS-194204",2011
"AJ-107804",2011
"VS-118201",2013
"MH-181151",2012
"RB-96451",2013
"DB-129702",2011
"DH-130753",2011
"RD-194803",2012
"BG-110353",2011
"KH-65101",2013
"FW-143952",2013
"DS-130304",2011
"AP-107203",2012
"SS-208754",2011
"NC-84151",2011
"LW-69901",2011
"SB-202901",2011
"HG-50252",2011
"AS-100903",2012
"SS-204104",2011
"Dl-36002",2012
"IL-51001",2011
"KD-166151",2011
"AG-104953",2012
"KN-164501",2011
"JW-60751",2012
"KB-166004",2011
"DF-131354",2011
"CB-124152",2011
"KB-165853",2011
"LO-71702",2011
"BF-111703",2012
"CV-22952",2011
"SS-208752",2012
"ND-83702",2011
"AB-101653",2011
"DB-130604",2011
"AC-104504",2011
"NS-185053",2011
"VG-218053",2011
"JM-152651",2011
"AT-7351",2012
"JE-157451",2011
"AB-601",2012
"RS-197652",2011
"AB-1651",2014
"AG-103902",2012
"FG-142604",2011
"RB-94352",2011
"MF-82501",2013
"EM-42002",2013
"TS-216551",2012
"CM-22352",2012
"SC-100502",2012
"RH-95102",2011
"JF-154903",2012
"PL-89252",2014
"LT-171101",2011
"NM-84452",2012
"MM-179202",2011
"AT-107354",2011
"GM-144553",2013
"LH-71552",2012
"SW-204553",2014
"AR-105404",2011
"PR-188803",2012
"MT-80701",2013
"SN-107101",2011
"KF-162851",2013
"KM-66602",2012
"KD-166152",2011
"AH-301",2011
"KN-63902",2013
"LS-69752",2014
"DR-128803",2011
"JW-160752",2011
"WB-218503",2012
"CG-25202",2013
"TC-214754",2011
"TD-209954",2011
"AC-106603",2011
"CT-119953",2011
"CK-125951",2012
"JG-158053",2011
"PA-190602",2013
"AH-104652",2011
"SW-202753",2011
"GB-45751",2013
"JK-152054",2011
"CD-119202",2011
"MH-180254",2011
"BF-110201",2011
"JH-59852",2014
"FM-42901",2013
"JH-158201",2013
"RA-192854",2011
"MJ-77402",2013
"CC-24751",2011
"JM-158651",2012
"SW-202454",2011
"PB-92101",2013
"CA-19651",2013
"CA-27752",2011
"CS-21303",2013
"DO-36452",2014
"SV-203651",2011
"AH-102101",2011
"RC-199602",2011
"SC-107252",2013
"SP-209204",2011
"Dp-32403",2011
"JG-153101",2012
"SF-202004",2011
"PT-90901",2014
"PO-188503",2011
"FO-143052",2011
"AS-102251",2011
"NP-183253",2011
"SJ-101252",2013
"EH-41851",2012
"NC-186252",2011
"JC-57751",2014
"BT-114854",2012
"CS-18601",2011
"SG-200803",2011
"MR-175451",2012
"LT-67652",2014
"JH-161802",2011
"JG-153103",2012
"AB-102554",2011
"BP-111852",2011
"MA-79953",2011
"HA-49051",2013
"KA-65251",2012
"MT-78151",2013
"VG-218051",2011
"KB-165851",2011
"ML-182652",2011
"PA-190603",2011
"SS-105151",2012
"DR-129402",2011
"LS-172303",2012
"GT-147101",2011
"PG-88202",2012
"NP-87002",2012
"RS-194202",2011
"BW-12001",2011
"EP-139153",2013
"TS-214303",2012
"CP-120852",2012
"RC-98251",2012
"CM-121901",2011
"HE-48001",2012
"LC-171403",2011
"JM-155352",2013
"KM-63751",2012
"JC-157751",2012
"CM-121904",2012
"AJ-107803",2012
"BM-16501",2011
"KW-165702",2011
"BS-115902",2011
"BC-111254",2011
"GT-147551",2011
"SM-103201",2011
"SC-106952",2013
"NC-185354",2011
"TC-114751",2011
"PH-87902",2011
"BS-118004",2012
"SC-103051",2012
"DJ-134202",2011
"CA-119651",2011
"VM-116851",2013
"TC-115351",2013
"KB-164052",2012
"AA-104801",2011
"RB-194652",2011
"PF-191201",2011
"TZ-214453",2011
"RW-195403",2013
"MS-77701",2011
"YS-218803",2011
"JH-159102",2011
"SF-209652",2012
"JE-54751",2013
"TH-111002",2012
"SM-103202",2011
"OT-87302",2013
"TN-210404",2011
"RP-198552",2011
"MB-80852",2011
"LP-170804",2011
"AB-1053",2012
"TB-216253",2011
"JH-161803",2011
"BD-113201",2013
"BS-13651",2012
"TT-210701",2011
"MZ-173354",2012
"HA-49201",2012
"BP-11852",2012
"DL-29252",2012
"NL-183102",2011
"RF-197353",2012
"CC-124303",2011
"MH-172901",2012
"VD-216704",2011
"JR-62102",2013
"TZ-215803",2011
"NL-183104",2011
"PH-187902",2012
"RF-97351",2014
"BP-112903",2011
"TT-112651",2012
"JE-161653",2011
"BP-111552",2011
"DB-132104",2012
"LF-171851",2012
"NZ-185652",2011
"CD-119204",2011
"RE-194502",2011
"AH-101204",2011
"DJ-36302",2012
"AG-3902",2013
"AM-103604",2011
"DV-34652",2012
"JS-158803",2011
"KB-164051",2011
"DP-30002",2011
"SC-202603",2011
"JK-56401",2012
"KM-67201",2012
"CM-126552",2011
"RF-198404",2011
"KN-163902",2011
"AB-102552",2011
"CP-120853",2012
"KD-164952",2012
"AH-5851",2014
"AJ-109452",2011
"JK-161202",2011
"SS-205904",2011
"GR-45601",2011
"SC-204404",2012
"JK-61203",2013
"HG-148453",2013
"EG-39001",2011
"TP-111302",2013
"CM-18302",2011
"AS-102854",2013
"TM-214904",2014
"SC-100202",2011
"JK-157301",2011
"TH-211004",2011
"CC-123703",2012
"RP-198551",2013
"CD-19803",2013
"CP-123402",2011
"EM-142001",2011
"BW-112002",2011
"AS-2852",2011
"AR-8252",2011
"DM-29553",2011
"TH-115502",2013
"BS-13652",2014
"GD-145902",2011
"TZ-114451",2011
"HM-149802",2012
"GH-44252",2012
"EA-140353",2012
"CB-125353",2011
"EM-40653",2013
"NP-183251",2011
"GD-45902",2013
"BW-11102",2011
"VW-217754",2011
"MS-73651",2012
"GZ-145453",2011
"CC-125501",2011
"Co-126404",2011
"LC-68702",2011
"JP-155202",2011
"SG-204703",2011
"AS-1352",2012
"DB-35552",2012
"MA-79952",2014
"PO-188654",2011
"DK-129853",2011
"JL-55051",2013
"TH-212351",2011
"SM-200053",2013
"CC-121004",2011
"DP-31652",2011
"SC-203803",2011
"JD-160602",2011
"MA-179953",2011
"BB-109904",2011
"AG-109004",2011
"TS-216103",2011
"JO-152803",2011
"IM-150553",2011
"AS-102852",2012
"JB-160451",2012
"RF-93453",2012
"DS-131801",2011
"BD-17701",2011
"PK-190752",2012
"RW-195404",2012
"PR-188802",2011
"JM-152501",2011
"CM-122354",2013
"PG-88201",2011
"LW-69902",2011
"DK-131504",2011
"CB-125351",2012
"RS-97652",2013
"AG-103303",2011
"SW-102753",2011
"GM-145004",2011
"RE-194504",2011
"MO-79502",2012
"BF-110051",2012
"EB-38402",2011
"AM-103602",2011
"RL-196153",2011
"DK-131502",2012
"JB-60002",2012
"SN-205604",2012
"RF-198401",2013
"VP-217302",2011
"CM-118154",2011
"NC-83402",2014
"QJ-192552",2012
"LO-171702",2011
"TW-110251",2012
"RR-195252",2011
"GZ-144702",2011
"LC-69302",2012
"QJ-192554",2011
"KD-163453",2011
"LM-170652",2011
"RM-196754",2011
"MK-181601",2011
"TS-111601",2012
"SA-208303",2011
"MH-181154",2013
"DB-132702",2011
"BW-111104",2012
"GM-45002",2012
"HP-148151",2012
"LB-67353",2011
"PJ-90151",2013
"SC-206801",2011
"SW-107553",2011
"EB-39301",2011
"KL-65552",2012
"SP-209202",2011
"CP-123403",2011
"DK-29851",2011
"CM-127152",2012
"GB-145752",2011
"NW-84003",2011
"PS-189702",2011
"BF-10052",2012
"RS-94201",2011
"SP-206201",2011
"JK-61202",2014
"JS-59403",2011
"CR-26251",2011
"SF-200654",2011
"MM-182803",2011
"MC-74252",2014
"KC-162553",2011
"MV-181903",2012
"VM-218351",2011
"EB-138404",2011
"RF-98401",2011
"MW-182201",2011
"KE-64202",2011
"LH-167501",2012
"AR-105104",2011
"AO-8102",2014
"JK-156404",2011
"JG-158054",2011
"CL-18903",2013
"SG-104701",2013
"ML-177553",2012
"TT-210703",2011
"GR-45602",2013
"RH-196003",2012
"SM-209503",2011
"EB-38401",2013
"KD-62701",2012
"DB-136152",2011
"BD-117254",2012
"CB-120253",2012
"SC-200504",2011
"KH-163302",2012
"JE-157452",2012
"FC-143351",2012
"NW-184004",2011
"GT-47102",2013
"CS-118451",2011
"HP-48152",2013
"NF-183853",2011
"AC-104202",2011
"SD-204851",2011
"FO-143053",2012
"SB-201854",2011
"JH-61803",2013
"YC-218953",2011
"SC-202604",2011
"BD-17251",2013
"SV-209351",2011
"AG-103901",2013
"LH-169003",2012
"TS-212052",2011
"SJ-205004",2011
"IM-150701",2012
"DA-34501",2011
"LT-167651",2011
"SD-104851",2013
"LR-170353",2011
"LC-169603",2012
"AH-101201",2013
"AS-106302",2012
"AB-101651",2012
"CD-22801",2013
"DK-132254",2011
"CY-27451",2011
"BT-13952",2014
"SO-103351",2011
"AB-152",2011
"GZ-145451",2011
"VP-217301",2011
"LW-169904",2013
"MV-81902",2012
"MC-174254",2011
"HR-48302",2012
"DJ-34202",2014
"KB-165852",2011
"AM-107051",2011
"AB-1052",2014
"GH-144852",2011
"JO-151452",2011
"EB-41701",2012
"DK-128954",2012
"CM-24452",2011
"BH-17101",2011
"SW-203503",2013
"BF-110801",2011
"EN-137802",2011
"NG-184301",2011
"ME-180102",2011
"Dl-136004",2011
"KB-162403",2012
"KM-166602",2011
"KD-162701",2011
"LF-71851",2012
"MM-179201",2011
"TB-214001",2011
"DJ-36301",2013
"RP-192703",2011
"EH-139903",2011
"EB-37052",2011
"DV-134651",2011
"BK-112604",2011
"LC-171404",2011
"AR-4052",2011
"PS-190451",2011
"CC-124752",2013
"HM-148601",2011
"SH-206353",2011
"SN-105602",2011
"HK-48901",2014
"EM-41402",2012
"TG-116401",2012
"SC-203053",2011
"CD-119203",2011
"SS-205901",2012
"TB-212804",2011
"DP-131053",2011
"DG-133001",2011
"BC-11251",2011
"GZ-145452",2012
"PM-91352",2011
"ME-73202",2013
"RB-97053",2013
"DO-136453",2012
"YS-118801",2011
"BD-116351",2011
"RP-193901",2011
"SC-206953",2011
"MG-178753",2011
"MF-182503",2011
"DE-32551",2011
"GM-144554",2011
"MD-178601",2011
"MT-180702",2012
"SN-205601",2011
"AA-104804",2011
"RM-196753",2012
"ZC-219102",2011
"GT-147102",2011
"DK-130904",2012
"TS-213704",2011
"SP-105451",2012
"KE-64201",2013
"EM-140952",2011
"AG-109003",2012
"LA-167803",2011
"HD-147853",2011
"CM-124451",2011
"GB-45303",2011
"PO-191953",2011
"MK-181603",2011
"PB-191054",2011
"MC-78451",2011
"DK-28952",2012
"BE-13351",2011
"CA-120552",2012
"LW-168251",2011
"PB-191501",2011
"JE-56102",2012
"CC-124301",2011
"DK-132252",2011
"SC-202301",2011
"DC-32851",2012
"JS-156853",2011
"JD-60601",2012
"RD-94803",2011
"TN-210403",2011
"RP-98551",2011
"TP-215654",2012
"TP-211303",2011
"DV-134653",2011
"GT-146353",2012
"Dp-132404",2011
"RA-92852",2013
"EH-140052",2011
"MH-174551",2012
"CM-21901",2014
"TC-209804",2011
"HF-149953",2012
"LS-69452",2013
"EN-137803",2011
"JB-160003",2011
"ED-38851",2011
"AP-7201",2011
"BT-116801",2011
"JA-59702",2013
"KD-163451",2012
"SR-204252",2011
"CS-124601",2011
"PV-89851",2011
"CR-126252",2011
"LC-168704",2012
"LS-172452",2013
"MG-176802",2011
"AS-100904",2011
"SC-106801",2011
"MW-182354",2011
"LR-170352",2011
"CR-128201",2012
"EM-42001",2014
"AH-105851",2011
"NS-186401",2012
"MH-180252",2012
"MD-73503",2013
"SC-102301",2012
"AS-100452",2011
"PO-88502",2011
"MM-172601",2011
"AH-106902",2011
"ME-173201",2011
"BG-117404",2011
"AH-100302",2011
"BO-113502",2012
"DG-33001",2012
"AW-108402",2011
"TB-215201",2011
"RF-193452",2013
"BT-116804",2011
"AG-104952",2011
"KL-165554",2011
"SC-200953",2013
"VW-117751",2013
"BW-10652",2014
"JH-54302",2011
"EH-40052",2011
"EJ-141551",2011
"LC-169303",2012
"MM-180553",2011
"CS-19502",2011
"NG-84301",2014
"JL-158503",2012
"JD-58951",2011
"MZ-73352",2013
"FW-143951",2011
"DB-35551",2014
"CM-121152",2011
"GM-44402",2014
"TB-212802",2011
"XP-118652",2014
"LT-171102",2011
"CS-124004",2011
"CC-22203",2012
"JK-153254",2011
"RD-96601",2011
"BF-11701",2013
"BD-115001",2011
"NH-186102",2011
"AB-101054",2011
"PJ-88352",2013
"TB-114001",2012
"LW-172152",2011
"LR-169153",2011
"TS-215051",2011
"JG-151154",2011
"AS-102254",2011
"EB-38702",2011
"KS-163004",2012
"DL-128653",2011
"DP-133904",2011
"TM-210101",2012
"MC-181303",2011
"RB-193301",2011
"FG-142603",2014
"PP-89551",2011
"RB-94351",2012
"CC-26851",2011
"PA-190604",2011
"JM-52651",2013
"HP-148153",2011
"RE-194052",2011
"AM-107052",2011
"EM-41401",2012
"DF-31351",2014
"LT-171103",2011
"GT-146351",2011
"QJ-192551",2011
"KT-64801",2011
"CB-25351",2014
"SH-103951",2011
"JK-52052",2011
"GK-146202",2011
"ML-73952",2012
"RA-199453",2012
"PN-187753",2011
"HH-50102",2013
"RD-198102",2011
"ME-77252",2014
"MZ-75153",2013
"CM-121154",2012
"GW-146054",2011
"CC-121452",2012
"EM-40652",2011
"LL-168402",2011
"JF-53552",2011
"BS-113654",2011
"TZ-115802",2011
"JL-151302",2011
"BT-13951",2013
"DC-128502",2011
"JG-151151",2012
"GR-145601",2012
"AG-106752",2011
"MB-180851",2012
"LC-69301",2011
"TA-213854",2011
"EH-139452",2012
"BS-16651",2013
"TG-113101",2014
"JK-56253",2011
"EJ-41551",2011
"YC-218952",2011
"MZ-175152",2011
"RH-196002",2011
"DE-132552",2012
"JD-61502",2011
"SA-108301",2013
"AM-103603",2011
"CM-22351",2014
"BD-16352",2011
"TP-211301",2011
"NB-186551",2012
"RB-193602",2011
"CC-126702",2011
"AG-3001",2012
"KW-164351",2013
"DW-35402",2011
"TS-210851",2011
"DS-31801",2014
"TS-216104",2011
"TS-113403",2011
"CS-124604",2014
"CM-118302",2011
"GD-145903",2011
"BN-115152",2012
"SG-208904",2011
"PB-91051",2014
"SC-206803",2012
"CC-24301",2012
"BN-115153",2012
"IL-151004",2011
"GT-147104",2011
"SW-202451",2011
"JH-158202",2011
"EH-139451",2012
"MW-182202",2012
"DR-129401",2011
"DH-36752",2012
"BT-116803",2011
"HG-49652",2014
"PG-188201",2011
"EA-140354",2011
"SW-104552",2013
"LS-172001",2011
"JK-61201",2011
"GK-146201",2012
"CK-25951",2013
"EH-139902",2011
"MM-180552",2011
"RO-97802",2011
"BM-111404",2011
"PW-190302",2011
"MC-181301",2011
"CP-20853",2011
"MD-178603",2011
"HL-150404",2011
"KH-66301",2012
"AI-8552",2011
"AA-106453",2011
"PS-190452",2012
"NH-186101",2011
"JE-57151",2011
"SF-200651",2011
"AG-5252",2013
"SW-202452",2011
"JR-56701",2012
"RP-198554",2011
"DV-134654",2011
"CC-121453",2011
"PO-191954",2011
"RF-93451",2013
"JP-161351",2011
"DB-34051",2012
"EB-139752",2012
"CJ-120101",2012
"JO-151451",2012
"AG-2702",2013
"NG-183553",2011
"CK-23251",2013
"TS-213701",2011
"DK-132253",2011
"SS-205902",2011
"PK-90751",2013
"GH-144102",2011
"GM-144402",2011
"DR-29402",2013
"AA-3152",2011
"KB-165854",2011
"SV-203652",2011
"KC-62552",2012
"JC-53401",2011
"BD-115602",2011
"DD-135703",2011
"JS-160304",2011
"VW-217752",2011
"DL-128651",2011
"AH-101953",2011
"KD-166154",2012
"TC-112951",2011
"TC-114752",2013
"TB-211903",2011
"MG-176951",2012
"SS-205153",2013
"AH-106904",2011
"ES-40202",2013
"SE-201103",2012
"EM-140951",2013
"SP-209201",2011
"CR-25802",2013
"SN-205603",2011
"SC-108001",2014
"MJ-177404",2012
"DE-132551",2012
"NC-186254",2011
"MY-182951",2011
"LW-172154",2011
"LC-170502",2012
"CM-118301",2011
"AR-5402",2012
"HG-149653",2011
"AB-2553",2012
"BM-15752",2011
"RC-199601",2011
"JM-155802",2011
"GG-146504",2011
"ON-187153",2011
"MS-177701",2012
"LS-172002",2012
"RD-197202",2011
"LT-71102",2011
"LS-172451",2012
"EB-38701",2012
"KB-163153",2011
"RB-197052",2011
"NC-184153",2012
"KH-63602",2013
"KC-166751",2012
"CB-124153",2011
"AS-102401",2011
"BW-110652",2011
"SC-104402",2014
"JJ-54452",2012
"BP-11851",2013
"BV-112454",2012
"ON-87152",2012
"JD-158953",2011
"SJ-205001",2011
"MB-180854",2011
"AH-1952",2011
"PS-187601",2011
"AJ-7801",2011
"SV-209352",2011
"JJ-154453",2013
"MG-176504",2011
"MM-179203",2011
"TS-111602",2012
"JB-154002",2012
"TZ-215804",2011
"DP-33902",2014
"PR-88802",2012
"EB-39752",2012
"CH-20702",2012
"CL-27002",2013
"ED-138852",2011
"KM-62252",2013
"JH-159854",2011
"MH-180251",2012
"PO-188502",2011
"SC-102302",2011
"AA-4802",2012
"RM-93751",2014
"EJ-137204",2011
"SS-208751",2011
"CW-119052",2012
"Co-126401",2011
"CG-125203",2013
"JK-60901",2013
"AO-108102",2011
"BT-15302",2014
"EM-141404",2011
"ME-180104",2011
"DB-32102",2013
"HE-148003",2011
"KH-166903",2011
"AF-108854",2011
"BW-112003",2011
"AH-102102",2011
"YC-218954",2011
"CS-124603",2011
"RL-96152",2011
"AP-109154",2011
"AG-102702",2012
"JW-160753",2011
"LH-169002",2012
"AW-109303",2011
"DW-35852",2014
"TA-213853",2011
"GH-144101",2011
"HL-150402",2011
"MY-173803",2011
"CT-19951",2011
"KL-165551",2011
"MW-82352",2012
"AH-751",2011
"VB-217452",2011
"RC-198254",2011
"JH-159101",2011
"PR-188801",2011
"NW-84001",2011
"JH-59851",2011
"ER-138551",2012
"BT-113951",2011
"BO-114251",2011
"MO-175004",2011
"RA-192851",2013
"TC-214753",2011
"TM-210104",2011
"RM-97502",2012
"AS-451",2012
"SN-207104",2011
"DK-133754",2011
"AS-2251",2012
"MM-72601",2014
"MF-76652",2011
"CP-20851",2012
"IM-150704",2011
"EB-141701",2011
"DP-131652",2011
"BP-10952",2012
"TR-213254",2011
"DB-129103",2011
"DW-31951",2011
"DJ-136302",2011
"JF-154902",2011
"LR-170354",2011
"DD-35702",2014
"SU-206651",2013
"AR-103454",2011
"JB-159252",2011
"AS-102853",2012
"MS-173653",2011
"RD-196604",2012
"TS-116551",2014
"EA-40351",2013
"AH-106901",2011
"TB-211902",2011
"TS-213703",2013
"BC-111253",2011
"JD-161502",2012
"JB-160454",2012
"JO-152801",2011
"DB-135551",2011
"RA-99152",2013
"MZ-173353",2011
"MS-173651",2011
"DR-128802",2011
"LC-168702",2011
"PG-88951",2013
"HK-48902",2013
"VT-117001",2011
"HL-50401",2012
"PG-188953",2011
"DB-136601",2011
"DC-28502",2013
"CC-21452",2011
"BT-14852",2013
"AS-106304",2011
"MF-82502",2011
"VD-216703",2011
"SF-202002",2011
"KD-162704",2011
"KB-163152",2011
"CR-25801",2014
"VP-217303",2011
"EH-139454",2011
"AR-5701",2012
"JS-55952",2011
"CR-125802",2013
"KA-165252",2011
"CC-21002",2012
"SS-204103",2011
"JM-156553",2011
"JF-154151",2012
"SC-207252",2011
"MO-178001",2013
"MZ-175154",2011
"MC-175902",2011
"RB-193603",2011
"AG-103302",2011
"TZ-215801",2011
"JP-61351",2013
"SR-107402",2014
"VT-217003",2013
"RH-96001",2012
"RM-96753",2011
"SR-207403",2012
"MH-174402",2011
"JG-153102",2011
"SM-100051",2012
"BP-110504",2011
"BG-110352",2011
"LC-71402",2011
"MD-178602",2011
"DR-28801",2012
"KN-164503",2011
"JH-58202",2011
"BT-116802",2011
"AR-105401",2011
"TC-111451",2012
"HM-49802",2011
"PL-189252",2011
"BD-15602",2011
"KN-67051",2011
"SH-103952",2014
"LM-170654",2011
"AG-107652",2011
"FP-143201",2011
"TW-210254",2011
"MD-73502",2013
"LP-170803",2011
"NF-184754",2011
"CC-125503",2011
"TB-214004",2011
"DB-36152",2014
"KT-64652",2014
"BD-17702",2012
"DB-130601",2011
"JP-155201",2011
"AJ-7802",2013
"CB-125352",2011
"KC-165404",2012
"CM-118303",2011
"NG-184302",2012
"NF-184753",2011
"EH-141851",2011
"SS-205903",2011
"AJ-7952",2012
"MP-79652",2011
"BP-110503",2011
"KN-64501",2011
"TW-110252",2011
"RB-93602",2014
"JO-155501",2012
"BE-14102",2011
"CK-122053",2012
"VG-118052",2012
"GB-145754",2012
"MC-175901",2014
"TS-113402",2013
"BE-114552",2011
"CM-126551",2012
"RD-199004",2011
"TN-210402",2011
"EC-40501",2013
"KT-164802",2011
"AA-6452",2013
"ND-183703",2011
"TS-213702",2011
"DK-30902",2014
"MS-178302",2011
"SM-203203",2011
"EJ-37201",2012
"BN-114703",2012
"RE-94051",2013
"MO-179501",2013
"JS-155951",2012
"MG-181453",2012
"RW-196303",2011
"EM-38101",2012
"BS-115903",2011
"IM-150702",2013
"PL-189253",2012
"EM-138104",2012
"SW-102452",2011
"SC-208002",2011
"AC-104204",2011
"JJ-57602",2011
"MG-82053",2011
"RS-194203",2012
"TS-116101",2011
"JK-60902",2011
"TT-212202",2011
"SS-204102",2012
"BS-18002",2011
"AB-1652",2013
"JF-153553",2012
"BH-117101",2011
"ND-83701",2011
"LS-69753",2012
"AG-3002",2012
"GM-44552",2013
"DM-33452",2011
"DG-133002",2012
"DH-30751",2011
"NG-83552",2012
"CL-127003",2012
"JO-152802",2013
"KW-164352",2011
"JM-155353",2012
"EH-141854",2011
"SU-206653",2011
"AC-4202",2013
"ST-205304",2011
"MG-176501",2011
"SH-199754",2011
"RR-193151",2011
"KB-63151",2012
"NP-186702",2012
"RA-199451",2013
"IG-50852",2012
"SV-103651",2012
"KN-63901",2012
"FM-143804",2012
"TG-113103",2014
"CK-122052",2011
"BF-110804",2011
"DL-133302",2011
"WB-218502",2011
"PO-191801",2012
"NC-86252",2011
"EB-41102",2012
"NP-187002",2011
"DL-133152",2011
"RA-92853",2011
"SD-204853",2011
"CS-119503",2011
"YS-218802",2011
"NP-86852",2014
"JL-158502",2012
"JL-51751",2014
"TB-210552",2011
"AG-103001",2011
"FH-143654",2011
"RD-198104",2011
"PK-190754",2011
"EB-137052",2011
"DB-131203",2014
"RP-192704",2011
"JK-152053",2011
"FC-142451",2011
"PB-191051",2013
"DM-35253",2011
"HE-148004",2013
"TH-112351",2011
"RB-193601",2011
"CV-128051",2012
"AG-104951",2011
"MV-181904",2011
"BP-110953",2011
"CM-26551",2012
"BD-16051",2012
"RH-194954",2011
"PO-91952",2012
"TB-111751",2014
"DB-132103",2011
"SC-207701",2011
"AH-302",2012
"HP-148154",2011
"TD-209951",2011
"PB-88051",2012
"BC-111251",2011
"BS-113804",2011
"ND-184603",2011
"CR-125804",2013
"PS-190454",2011
"DP-31051",2011
"NM-185201",2011
"CL-118902",2011
"PB-192104",2011
"BM-15751",2013
"ML-82652",2013
"TS-110852",2013
"GM-146802",2011
"DP-31052",2012
"LC-169304",2011
"CS-124003",2011
"RC-199603",2012
"HM-49801",2013
"EN-137801",2011
"DW-135853",2011
"GH-44253",2012
"DP-131653",2011
"LA-167804",2011
"SC-202302",2012
"AH-1202",2014
"EG-139003",2011
"SD-104852",2012
"BH-117104",2011
"JA-159701",2013
"TM-210102",2011
"DK-132251",2011
"SV-208154",2012
"CC-121001",2011
"DE-32552",2011
"Dl-136003",2014
"MW-82351",2011
"CR-126251",2011
"CD-119801",2011
"FH-143503",2011
"NB-186552",2011
"MM-80551",2013
"CM-21902",2012
"SR-204254",2011
"KN-164504",2011
"PM-191354",2012
"GH-146651",2011
"AH-2102",2012
"JE-157151",2011
"AF-108851",2012
"EB-138703",2014
"SC-208451",2012
"BD-116051",2011
"ON-187151",2011
"TZ-214452",2012
"KB-62402",2012
"SC-108451",2013
"CJ-118754",2013
"SC-200202",2011
"TB-210554",2013
"MC-176053",2013
"MS-179801",2011
"BO-113504",2013
"LP-70952",2013
"KF-162854",2011
"BF-12151",2013
"CM-122352",2011
"CM-127154",2011
"PO-188652",2011
"RD-96603",2013
"GT-47551",2011
"MP-179651",2011
"FG-42601",2011
"SG-200801",2011
"KN-163904",2011
"AB-602",2011
"VD-116702",2011
"LW-71251",2012
"SO-203354",2012
"DM-29551",2011
"PL-189254",2011
"LH-70202",2012
"RA-198852",2011
"LH-171551",2011
"BH-17102",2012
"SG-100801",2012
"AP-7202",2014
"MF-176651",2011
"CL-127001",2011
"LH-171554",2011
"FP-43202",2014
"CS-124002",2013
"AG-2703",2014
"ES-40203",2011
"JD-60152",2011
"MS-175304",2011
"DJ-136303",2013
"LR-70351",2011
"TB-212801",2012
"GB-145304",2011
"LW-71252",2012
"AO-8101",2014
"AG-4951",2012
"AT-104354",2011
"NS-186404",2011
"CJ-18751",2011
"JK-153252",2011
"DW-134803",2011
"JC-53852",2013
"VP-117601",2013
"BM-17851",2011
"NF-85952",2011
"CL-118901",2011
"AA-3751",2012
"LS-172454",2011
"JL-158353",2011
"CC-124753",2012
"LC-170501",2012
"JS-60303",2012
"SV-108152",2014
"KH-165102",2011
"DO-136451",2011
"KB-164053",2012
"ML-177554",2013
"KW-164353",2012
"MG-182051",2011
"BM-117852",2011
"BO-13501",2012
"AJ-107952",2011
"LC-168854",2011
"HL-150401",2011
"PT-190903",2011
"AC-106154",2012
"PR-188804",2011
"JB-160004",2013
"HR-148301",2011
"JD-160154",2011
"BF-109753",2011
"JS-60301",2013
"JG-151604",2011
"VP-217603",2011
"CR-28201",2011
"DL-133151",2012
"MS-79802",2013
"YC-218951",2011
"JF-155652",2011
"EP-139152",2011
"MK-181604",2011
"AG-104954",2012
"PB-191052",2011
"AH-102104",2011
"FH-43501",2014
"MH-76203",2011
"ME-177251",2011
"CP-23401",2011
"PO-191803",2012
"TB-216252",2011
"JM-152503",2011
"MS-177104",2011
"JM-58652",2012
"JM-61952",2011
"TS-216101",2011
"TB-212501",2013
"JC-161054",2011
"CM-23852",2011
"BP-112301",2012
"TB-213554",2013
"RW-96301",2011
"RW-196903",2012
"AD-101802",2012
"CD-119803",2012
"DL-133154",2011
"PC-187451",2011
"DO-136454",2012
"MC-176352",2012
"SH-103953",2012
"ZC-219103",2011
"JH-61801",2012
"BF-9752",2011
"CR-127301",2011
"PB-91502",2011
"DO-134353",2012
"KH-165104",2011
"RF-197351",2011
"AS-102402",2011
"TM-210103",2011
"GB-45302",2014
"TB-212503",2012
"SN-207101",2011
"TT-214602",2011
"PG-188202",2011
"AG-106754",2012
"SV-209353",2011
"MR-75451",2012
"SC-205752",2011
"BT-16802",2013
"SV-108153",2012
"JO-155504",2012
"RH-195551",2012
"SR-207401",2013
"EB-137503",2011
"KC-165401",2012
"JC-153853",2012
"AG-109002",2011
"ZC-219104",2011
"SV-203654",2011
"DW-34803",2011
"LD-170051",2011
"AB-101502",2011
"BE-113353",2011
"JS-160303",2013
"NF-185954",2011
"LS-169452",2011
"RR-193153",2011
"TS-114302",2011
"EM-39603",2013
"AG-5251",2011
"DB-134054",2012
"AD-101803",2011
"PF-91202",2013
"TC-114753",2011
"JH-59103",2012
"TG-216403",2011
"AC-106604",2011
"CG-20401",2013
"JH-59101",2011
"SM-209052",2011
"HA-149052",2013
"SC-103801",2012
"TB-116252",2011
"SC-106802",2013
"EB-139303",2012
"JC-53851",2011
"EC-140504",2011
"AA-106454",2011
"RA-192853",2011
"AG-103903",2012
"AH-1951",2011
"BD-117704",2013
"PB-192102",2011
"LD-168553",2011
"CC-122204",2011
"AF-108702",2011
"CW-119053",2011
"MH-81152",2011
"DL-133303",2011
"KN-163903",2012
"BT-15301",2011
"DK-31501",2011
"HZ-149501",2011
"MH-80253",2011
"DK-133752",2011
"JS-58802",2011
"MA-175603",2013
"HL-150403",2011
"CA-120551",2012
"JR-62103",2011
"PF-91651",2012
"CS-124902",2011
"MS-77101",2012
"KC-162551",2011
"LS-172004",2011
"JJ-157602",2011
"LW-72151",2011
"CL-18902",2013
"JP-154604",2011
"JE-156101",2012
"RE-94502",2011
"RB-196454",2011
"TB-115202",2011
"TC-215354",2011
"AR-105703",2011
"RW-196902",2012
"JW-152201",2011
"HG-150251",2012
"FH-43651",2013
"AA-3151",2014
"PJ-188351",2011
"JE-156102",2011
"SG-200802",2013
"NG-83553",2011
"DK-128353",2011
"SL-201551",2012
"JL-151751",2011
"AF-8851",2014
"MM-72602",2011
"CK-127604",2011
"KE-164204",2011
"JJ-57601",2013
"DL-133153",2011
"RH-194953",2011
"PJ-88351",2012
"TT-114601",2013
"BS-113651",2014
"BC-11252",2011
"ED-38852",2013
"BT-14851",2011
"EL-137354",2013
"KN-167053",2011
"NB-185804",2011
"TM-114902",2012
"RH-195104",2011
"CV-128054",2013
"CD-19802",2013
"NP-186701",2011
"BF-112151",2011
"MW-182204",2011
"EB-41702",2011
"SP-208601",2011
"BE-113351",2011
"KM-166601",2011
"MO-78001",2012
"RM-197503",2012
"BN-15151",2011
"TB-216251",2011
"HL-50402",2013
"EB-137504",2012
"KD-162703",2012
"RB-194354",2011
"MO-75002",2013
"NH-86103",2013
"MR-175453",2013
"PP-189551",2011
"PB-191504",2011
"NB-186554",2011
"RO-197801",2011
"EC-40502",2012
"JB-154003",2011
"GA-145154",2011
"DR-128804",2012
"KT-164803",2012
"DC-28503",2013
"CS-118601",2011
"RH-195552",2012
"NB-185801",2011
"DK-133751",2013
"NC-183403",2013
"KH-63301",2011
"RC-198251",2011
"TS-113701",2011
"BP-112304",2011
"MO-79501",2013
"GG-46501",2014
"DM-130152",2011
"CL-127002",2011
"KM-66601",2014
"LC-69601",2012
"SG-206052",2011
"DF-131351",2011
"MP-181754",2011
"BM-115754",2012
"TM-214902",2012
"DB-29102",2013
"RD-198101",2012
"JA-159703",2011
"MK-79051",2012
"TB-214002",2011
"SZ-200354",2011
"RK-193001",2012
"EM-139602",2011
"EB-141102",2011
"CA-123103",2011
"PB-191502",2011
"PK-190753",2011
"DK-129852",2011
"FP-143202",2012
"LH-171553",2011
"MZ-75152",2012
"JF-155651",2011
"LH-167504",2011
"GZ-44701",2014
"JF-152951",2013
"LD-68552",2011
"EJ-37202",2012
"RW-196901",2011
"DB-131202",2012
"EB-37501",2011
"SS-105902",2011
"CC-24302",2013
"NK-184902",2011
"AR-3451",2011
"SV-207853",2011
"MC-172751",2011
"SV-207851",2011
"TC-211454",2014
"AS-100902",2011
"DJ-136304",2012
"PJ-188352",2011
"RR-195254",2011
"RC-99601",2013
"BF-110053",2011
"AB-106002",2011
"RP-198553",2011
"JW-152204",2012
"DB-132102",2011
"DW-135403",2011
"ND-184604",2011
"AR-5101",2013
"AH-100301",2011
"GG-146502",2011
"MB-173053",2012
"LC-171402",2011
"CK-22051",2014
"TH-215501",2011
"RS-197653",2012
"AB-101652",2011
"BB-109902",2013
"NL-83102",2012
"DL-33302",2013
"BW-12002",2013
"NC-183401",2011
"LL-168401",2012
"LE-168102",2011
"EH-141251",2011
"SA-208301",2011
"ML-173954",2011
"DP-31651",2011
"AF-108703",2011
"PK-189101",2012
"NC-85351",2011
"GR-145603",2011
"CL-125652",2011
"SS-105901",2013
"AR-5702",2011
"DJ-135101",2013
"LS-169453",2012
"RS-98701",2011
"AA-103152",2012
"TD-209952",2011
"DW-131953",2013
"EM-39601",2011
"RM-93752",2011
"SF-200653",2013
"RC-99602",2012
"KL-165552",2012
"BP-111551",2011
"LD-68551",2012
"MC-174251",2011
"JC-61051",2014
"LS-72302",2011
"CP-20852",2013
"RA-92851",2012
"JM-155801",2011
"AH-104651",2011
"BW-110654",2011
"EB-138403",2011
"CV-128052",2011
"RM-193751",2011
"JE-157154",2011
"AH-101952",2011
"RD-99302",2011
"BG-16952",2013
"SC-107701",2012
"JL-58351",2011
"CS-122502",2011
"KM-166604",2011
"GD-45901",2013
"TB-215953",2012
"VM-116852",2012
"AP-107201",2011
"NF-84752",2012
"BP-110502",2012
"AZ-107504",2011
"AS-102403",2011
"MG-176503",2011
"CM-121903",2011
"DM-129554",2011
"SS-205154",2011
"CS-123554",2011
"SU-106651",2014
"EH-141852",2011
"CV-22951",2012
"TW-210253",2011
"NP-187004",2011
"MW-182353",2011
"SV-109351",2011
"EH-137653",2013
"BN-114701",2011
"ML-174103",2011
"TH-215502",2012
"AY-105554",2011
"MO-178002",2011
"MZ-175153",2011
"CS-121752",2011
"PO-188504",2011
"JF-55652",2012
"KB-162404",2011
"GM-144551",2012
"TB-213552",2011
"AJ-109454",2011
"MC-181003",2011
"MH-181152",2011
"DB-32702",2014
"MM-182802",2011
"FP-43201",2013
"MP-81751",2013
"MV-174853",2011
"CK-125953",2012
"PJ-190152",2011
"JK-156254",2011
"SV-207852",2013
"PF-92252",2011
"KH-166303",2011
"SS-204101",2011
"CY-127454",2011
"JW-60752",2014
"KD-63452",2013
"RB-194352",2011
"KM-163753",2011
"CC-25502",2011
"CA-22652",2011
"RE-194503",2013
"MD-173501",2012
"RB-194654",2011
"AH-102103",2012
"DS-131803",2011
"ES-140203",2011
"AC-6601",2013
"LD-168552",2011
"HM-148602",2011
"Dp-32401",2012
"CP-120854",2011
"AH-105852",2011
"RD-194801",2013
"GM-145003",2011
"AH-1201",2012
"TS-113401",2014
"HF-49951",2013
"JK-153702",2012
"DB-132101",2012
"JD-158952",2011
"NC-185352",2011
"CR-125803",2014
"BD-116202",2012
"AG-103304",2013
"SM-209051",2012
"CD-19201",2013
"RD-199003",2012
"LS-172003",2012
"ME-77253",2011
"HA-149054",2011
"HR-148302",2013
"HA-149204",2011
"JW-152202",2013
"JO-155503",2011
"JK-56402",2012
"DB-29101",2013
"ML-82651",2012
"AS-6301",2011
"AB-100151",2012
"BT-115303",2013
"DC-32852",2013
"DW-131952",2014
"DB-31202",2012
"RW-195402",2011
"ER-138552",2011
"MH-172903",2011
"LS-172302",2011
"EH-140054",2011
"BF-110204",2011
"TB-112803",2011
"PF-192253",2012
"BT-15303",2011
"PP-189553",2012
"SN-207103",2011
"RC-198253",2011
"AB-102551",2011
"KC-162552",2013
"PS-187604",2011
"BB-15451",2012
"TB-211901",2012
"HW-49351",2013
"SW-207551",2012
"IG-150854",2011
"GT-147552",2011
"ML-174102",2012
"RA-98853",2013
"LE-168104",2011
"RM-96752",2014
"CG-125204",2012
"JR-156704",2012
"DC-28501",2011
"JO-151453",2012
"RB-193304",2011
"AJ-9601",2011
"XP-218654",2011
"NW-184003",2011
"AH-1953",2012
"SC-208452",2011
"GD-145904",2011
"JC-153402",2012
"NP-186852",2012
"KM-162254",2012
"JO-55501",2011
"JC-153403",2011
"CC-126102",2011
"MM-179204",2011
"CJ-20101",2011
"GP-47401",2011
"DB-135554",2011
"KT-164652",2013
"BK-112601",2013
"TT-214604",2012
"MH-74552",2011
"DM-35251",2011
"EH-39453",2011
"LB-167952",2011
"BT-114852",2011
"TS-110851",2012
"BT-114404",2011
"AW-9301",2012
"CM-119353",2014
"LB-67952",2011
"AB-106004",2011
"NP-186854",2011
"SM-109052",2012
"PT-190902",2012
"JA-159704",2011
"TS-112052",2011
"EB-138401",2012
"DS-130302",2011
"NG-84303",2011
"FH-143502",2011
"DB-136603",2011
"QJ-92551",2014
"FO-143051",2011
"DW-135852",2012
"YC-118952",2014
"BW-110651",2011
"TD-109952",2014
"BD-116201",2011
"RA-198851",2012
"DA-134503",2011
"JE-161652",2012
"FM-142152",2011
"JK-156253",2012
"BN-14702",2012
"JK-152052",2012
"NG-184304",2011
"AJ-9452",2012
"TW-210252",2011
"NM-185204",2012
"JD-161503",2012
"SJ-101251",2011
"DK-133753",2011
"EM-40951",2011
"SM-109051",2012
"HD-147852",2011
"DB-136604",2011
"ED-138854",2011
"BT-113054",2011
"CM-121602",2013
"AG-107654",2011
"NL-83101",2013
"GM-45001",2013
"BD-117253",2011
"LW-171253",2012
"CA-127751",2011
"AS-100453",2012
"NF-183852",2011
"TC-209801",2011
"MP-174703",2011
"MH-77852",2014
"MV-181902",2012
"EM-139601",2011
"EH-39902",2014
"CS-18451",2013
"AP-107204",2011
"BD-13201",2014
"BS-15901",2011
"SW-103501",2013
"FM-42902",2012
"CR-27302",2011
"SV-208153",2011
"CR-128204",2012
"RF-193453",2011
"JW-159554",2012
"MA-179954",2011
"FH-43652",2011
"VG-218052",2011
"RM-193754",2011
"LD-70051",2011
"DS-30301",2013
"HW-49352",2011
"BP-11551",2013
"RD-199304",2011
"CJ-118753",2011
"JB-159251",2011
"DS-30302",2011
"PJ-188354",2011
"BW-112004",2011
"TH-212354",2011
"RH-94951",2013
"GA-47251",2013
"SZ-200353",2011
"PC-190001",2011
"CM-21602",2011
"VF-217152",2013
"AH-100303",2011
"JR-156701",2011
"LC-169301",2011
"CV-128053",2012
"DF-131352",2011
"CR-127303",2012
"LW-68252",2012
"TS-110853",2011
"DM-130153",2011
"MM-82802",2011
"CD-122804",2014
"JE-57152",2011
"AI-108552",2011
"CP-123404",2011
"PN-87752",2013
"MN-179352",2012
"TS-214301",2011
"SB-202902",2012
"SC-108452",2011
"SM-209502",2011
"PC-190002",2011
"CR-27301",2013
"RP-192702",2011
"AC-6602",2013
"GA-45151",2011
"SP-106202",2011
"HJ-148754",2012
"KH-163602",2012
"RA-199151",2012
"FM-142901",2011
"NB-85801",2012
"LO-171703",2011
"EH-39901",2011
"GZ-45452",2014
"CK-25952",2013
"DS-31802",2014
"BP-12901",2013
"SD-204854",2011
"BP-111851",2011
"SV-109352",2014
"CH-120701",2011
"NF-183851",2011
"AA-103754",2011
"DB-135552",2014
"FM-43802",2013
"JG-151153",2011
"DW-31952",2011
"AR-105101",2011
"MO-78002",2011
"CS-125052",2012
"DP-30001",2011
"AB-6002",2011
"JC-153851",2013
"GT-46351",2012
"AS-102404",2011
"MO-75001",2011
"MG-178903",2011
"SG-204702",2011
"DW-34802",2013
"PV-189853",2012
"MY-182953",2013
"BP-10502",2011
"MO-175003",2011
"NG-83551",2011
"NC-84152",2012
"CS-23551",2011
"JC-157754",2011
"AH-100304",2011
"SC-102602",2012
"AW-108403",2011
"SB-201853",2011
"VF-217154",2011
"CM-119352",2013
"CA-122652",2011
"JF-152952",2011
"JR-157002",2011
"JG-151602",2012
"SC-204402",2011
"JL-52352",2014
"SO-103352",2011
"VB-117452",2013
"DW-35851",2014
"CM-126553",2011
"DL-33152",2012
"CS-24902",2012
"NM-84453",2011
"SN-105601",2011
"BO-14252",2011
"DV-130451",2011
"JL-151753",2011
"RH-194951",2011
"MC-175904",2011
"TD-109953",2014
"SC-207703",2011
"CD-127903",2012
"BD-115603",2011
"LD-170052",2011
"SC-205753",2011
"JF-52952",2013
"SC-107702",2013
"BD-117252",2011
"MG-76951",2012
"DL-28651",2011
"RE-94501",2011
"BM-115751",2011
"JS-158801",2011
"TM-110101",2012
"RF-198403",2012
"AB-100602",2012
"PN-187754",2012
"LS-169451",2011
"PS-87601",2014
"PN-187752",2011
"AO-108104",2013
"IL-151003",2012
"SB-201851",2011
"TB-215203",2012
"TH-211003",2011
"BP-10951",2013
"ES-40801",2011
"JG-151603",2011
"JD-157902",2011
"AG-107651",2012
"AA-6451",2011
"BS-116651",2011
"JK-153701",2013
"DH-36753",2011
"GT-146352",2011
"AS-102252",2012
"RS-194201",2011
"AH-753",2013
"LE-168103",2014
"PF-192254",2013
"DP-130003",2011
"CD-22802",2012
"LF-171853",2012
"BE-13352",2012
"CW-19051",2012
"RD-194804",2011
"DL-134952",2012
"CL-25652",2014
"CA-127753",2011
"AB-100153",2011
"MN-179351",2011
"Dp-132402",2011
"SB-101702",2013
"CS-118452",2012
"AR-4051",2011
"EJ-141552",2011
"SC-203804",2011
"FA-142304",2011
"HH-50101",2013
"CM-21152",2014
"SJ-201254",2012
"PL-89251",2013
"ML-180401",2011
"TS-213402",2011
"EB-141101",2011
"RB-194651",2011
"GH-146653",2011
"LE-68101",2011
"LC-70501",2012
"KL-165553",2011
"LH-170202",2011
"GP-47402",2012
"NB-186553",2013
"FH-142754",2011
"DK-130902",2013
"TB-215204",2011
"MS-177102",2011
"DL-34951",2012
"KH-66901",2011
"RL-196151",2012
"SN-107102",2013
"RD-197203",2011
"JG-53101",2011
"AT-7352",2011
"SB-201701",2011
"KS-63001",2012
"SC-200201",2011
"GM-44401",2011
"MV-174854",2011
"JB-159254",2011
"LC-71403",2012
"TT-114602",2013
"CC-124751",2011
"JE-157454",2011
"SC-206952",2011
"SC-200502",2013
"LH-70201",2013
"JP-54603",2011
"EH-41852",2012
"CS-119502",2012
"RL-196154",2011
"LA-167801",2011
"RB-97951",2014
"SM-100052",2011
"MM-79201",2012
"BM-111401",2011
"EJ-137201",2012
"JM-152504",2013
"CM-121902",2011
"AA-4803",2013
"SW-107552",2014
"KW-165701",2011
"PB-92102",2011
"MS-75302",2012
"DR-28802",2014
"SW-104551",2011
"LD-70052",2014
"SG-206053",2011
"CL-27001",2013
"PS-189701",2011
"DH-136753",2012
"HP-48151",2014
"JW-59552",2014
"JB-154001",2011
"MC-176353",2011
"BD-115604",2012
"TB-112801",2011
"JP-154603",2013
"TA-213851",2011
"DO-134351",2011
"JB-54001",2013
"VD-116701",2012
"RK-193002",2012
"DL-129253",2013
"EL-137351",2011
"NL-183101",2011
"TB-112802",2011
"BM-16502",2011
"KB-162401",2013
"SP-208602",2011
"AC-4503",2014
"AY-105553",2011
"JP-55201",2013
"FA-42301",2012
"MY-173804",2012
"DM-135254",2011
"JF-54151",2011
"AD-101804",2011
"LL-168404",2011
"PB-191503",2011
"MZ-175151",2011
"MC-181302",2011
"BD-116053",2011
"TH-111001",2014
"PO-91951",2013
"TT-212652",2013
"KB-62401",2013
"GM-144404",2011
"IM-50701",2014
"CS-118603",2011
"EH-140053",2011
"FH-143501",2013
"PS-90451",2012
"DW-135854",2011
"SF-209654",2011
"VT-217001",2011
"JG-151601",2011
"JM-56552",2013
"LP-170801",2011
"GA-147252",2012
"SS-104102",2013
"MZ-75151",2012
"AW-109304",2011
"JS-55951",2011
"GM-146952",2011
"ZC-219101",2012
"BE-14552",2013
"GB-145751",2011
"EM-139603",2011
"JF-51902",2011
"FM-143802",2012
"SP-205453",2011
"CR-126254",2011
"CB-125354",2012
"BD-116054",2011
"LS-172301",2011
"DB-129101",2012
"CC-125502",2011
"BF-110803",2012
"TZ-114452",2012
"HW-149353",2012
"AB-101051",2011
"ZD-119251",2012
"DA-134504",2011
"RA-99451",2012
"CV-28052",2011
"SC-107703",2011
"SS-205151",2011
"HM-148603",2012
"MF-176653",2011
"JG-51151",2011
"IG-50851",2011
"AS-101354",2013
"BB-115453",2012
"RA-99452",2011
"MG-76802",2013
"FA-42302",2014
"CM-19351",2012
"OT-187302",2012
"FM-142154",2011
"LC-68851",2011
"JF-151901",2011
"CG-25201",2013
"CC-126704",2011
"DP-33903",2011
"LW-72152",2014
"PM-189403",2011
"EP-39152",2011
"SW-202752",2011
"MC-172754",2011
"NM-184452",2011
"JP-61352",2012
"FG-142601",2012
"DK-32251",2012
"KF-62851",2011
"DP-133903",2012
"CS-19503",2013
"ES-140802",2012
"JM-158652",2011
"TT-110701",2011
"HA-149053",2011
"PF-191651",2011
"ME-177253",2012
"CM-18151",2011
"TP-111301",2012
"MS-177702",2011
"MM-80552",2011
"AG-103002",2012
"BG-16951",2011
"RS-197651",2011
"SS-205152",2011
"CM-121604",2013
"LC-168853",2012
"DB-130602",2011
"LH-69001",2012
"SA-108303",2012
"MY-173801",2012
"JS-155954",2011
"DC-132851",2012
"CJ-118751",2012
"SS-208753",2011
"CB-24151",2011
"SG-106051",2012
"KH-63601",2012
"TZ-115801",2013
"EG-39002",2011
"CC-121003",2012
"MW-182352",2011
"DB-31201",2011
"DB-132704",2011
"RR-193154",2013
"MC-181304",2011
"JK-161201",2012
"GM-146951",2012
"EK-37951",2013
"DJ-136301",2011
"BF-109752",2012
"SG-206051",2011
"TH-215503",2012
"GH-44102",2011
"LA-67801",2013
"SS-201401",2011
"SC-100951",2012
"KD-166153",2012
"TS-213404",2011
"PW-192403",2011
"BD-116353",2011
"MO-179502",2011
"MC-74251",2011
"MH-74403",2012
"DB-134052",2011
"KC-165403",2011
"NP-187003",2012
"AI-108551",2011
"TG-216404",2011
"PS-187603",2012
"LH-170204",2011
"JW-159551",2011
"SH-206351",2011
"HR-148303",2011
"JH-159852",2011
"DP-133902",2011
"GK-46201",2011
"GH-44851",2012
"JD-60151",2011
"EB-138702",2012
"SP-206501",2011
"AH-101954",2012
"JB-60451",2012
"HG-150254",2011
"SE-201101",2011
"TS-211601",2011
"GG-146501",2011
"SH-199753",2012
"CS-121751",2011
"SW-203502",2011
"MY-182952",2011
"CV-122952",2013
"JM-158653",2011
"FG-142602",2013
"NG-183554",2011
"MV-74852",2011
"HK-48903",2013
"MV-81901",2012
"HF-149952",2011
"AG-105251",2011
"BF-112153",2012
"BF-111702",2011
"SS-108751",2014
"CK-27602",2012
"CS-121302",2011
"SV-208152",2012
"BO-113503",2011
"SC-100201",2014
"CC-121451",2011
"TB-115951",2014
"BF-9751",2011
"CG-120404",2012
"RA-98852",2011
"CR-28202",2013
"RH-196001",2012
"MT-178152",2012
"SS-105152",2011
"MS-175302",2012
"TP-215651",2012
"KH-166302",2011
"VP-217602",2012
"TC-111452",2011
"DJ-135102",2011
"XP-218652",2011
"AY-105552",2012
"LH-71553",2014
"BK-112602",2011
"JO-51452",2013
"SC-107251",2012
"ES-140801",2011
"CP-123401",2012
"SL-201553",2011
"RB-193303",2011
"KM-163752",2011
"JM-56553",2013
"TB-215952",2011
"NP-183252",2012
"LW-172151",2011
"MG-82052",2013
"SC-103802",2011
"FO-43051",2012
"CC-26101",2013
"TR-113251",2011
"FC-43351",2011
"PK-189104",2011
"JS-58801",2011
"HJ-48752",2011
"CL-127004",2013
"MH-174554",2011
"DM-130151",2011
"BT-113952",2011
"AG-4952",2014
"NP-86701",2013
"SR-204251",2012
"CC-126104",2011
"PW-90302",2012
"KC-166754",2011
"PO-91801",2011
"MK-81601",2013
"PF-91201",2012
"BN-14701",2011
"BP-111854",2012
"ST-205303",2011
"SR-207402",2011
"JL-158351",2011
"FA-142301",2013
"BE-114104",2013
"AB-100604",2012
"VB-117451",2014
"ML-174101",2011
"PG-188951",2011
"TT-112652",2011
"CC-26702",2011
"PF-191204",2011
"AG-103301",2011
"TS-112051",2014
"CS-123551",2013
"LR-169154",2011
"RB-197054",2012
"JL-152353",2012
"PS-189704",2011
"JJ-157603",2012
"EB-141702",2014
"CW-119051",2011
"RR-93151",2012
"SF-109652",2013
"JH-158204",2011
"DV-130454",2013
"KM-163754",2011
"JC-153404",2011
"RO-197804",2012
"PW-190304",2011
"DB-36602",2012
"DK-128953",2011
"SJ-201253",2012
"DB-132703",2011
"KH-163603",2011
"SU-206652",2013
"JS-159401",2012
"HR-147702",2011
"NF-83852",2013
"IL-51002",2011
"BM-115753",2011
"JK-156403",2011
"VM-216854",2011
"TB-112501",2012
"JB-159253",2012
"BV-112452",2011
"JH-154304",2011
"KH-66903",2011
"BT-113052",2011
"DM-133453",2011
"PM-89401",2012
"MC-175752",2011
"ND-84602",2012
"FC-143352",2011
"SC-200501",2011
"RD-199001",2011
"MH-177853",2011
"PO-88652",2012
"MH-80252",2014
"JD-157903",2011
"RA-199154",2011
"MJ-77401",2013
"DH-30752",2011
"PR-88803",2011
"EB-141704",2011
"KF-162853",2012
"KB-166001",2011
"JL-55052",2011
"HG-150253",2011
"BS-18001",2011
"AW-108401",2011
"EB-137501",2013
"MN-179353",2011
"DB-29701",2014
"RD-196601",2011
"CB-124151",2011
"DB-133601",2011
"JG-51601",2011
"MG-76952",2011
"SC-200952",2011
"MA-175604",2011
"AS-2401",2011
"HD-47852",2014
"AM-107053",2011
"PW-92402",2011
"CA-120553",2011
"DB-132701",2011
"RF-193454",2011
"AP-9151",2012
"ES-140804",2011
"TG-213102",2011
"CS-124903",2011
"NG-84302",2013
"FM-142903",2011
"DL-29251",2013
"DK-28352",2011
"NS-185052",2012
"VP-217304",2012
"TS-116102",2012
"BM-16503",2011
"MK-79053",2012
"PO-191804",2012
"CM-23851",2012
"MO-179504",2012
"BG-10351",2013
"SC-203052",2012
"JK-153251",2011
"KB-65851",2012
"CK-123254",2011
"AB-100154",2011
"AG-3302",2014
"BF-109754",2011
"SP-206504",2011
"KW-64351",2011
"PF-192251",2012
"HR-148304",2011
"SJ-205003",2011
"GH-144254",2011
"VP-217601",2011
"VG-117902",2014
"DC-132853",2011
"AC-6151",2011
"DL-133304",2011
"CC-122203",2011
"AZ-7503",2011
"VG-217901",2011
"SV-207854",2011
"SC-202601",2011
"BT-113053",2011
"EM-141401",2011
"JG-153104",2013
"DO-134354",2011
"BS-117553",2011
"MH-74551",2013
"BP-111853",2011
"BD-117703",2011
"CC-126851",2012
"NB-185803",2011
"SF-202001",2011
"JF-154153",2011
"FA-142302",2012
"RA-199153",2011
"MH-176204",2012
"GB-45752",2012
"MD-173503",2011
"LS-72451",2012
"HR-147703",2011
"NF-83851",2011
"HG-150252",2011
"TH-211153",2011
"MP-181753",2011
"DD-135702",2011
"SS-101402",2014
"GH-44852",2013
"CG-125202",2011
"RP-193902",2011
"CC-126854",2011
"JF-151903",2011
"LP-170954",2013
"CD-122801",2012
"SM-109501",2013
"RM-196752",2011
"TB-113552",2012
"KT-164804",2011
"MY-82952",2011
"KH-166902",2011
"KT-164653",2011
"JS-59402",2014
"DJ-35101",2012
"MB-73052",2011
"AB-1653",2011
"JM-161951",2011
"SB-201852",2011
"DK-28351",2011
"MG-181451",2012
"BV-12451",2011
"PO-91802",2011
"JM-152502",2011
"DB-36151",2012
"TT-214603",2011
"CC-21451",2011
"JL-58352",2011
"GM-145001",2013
"PF-191654",2011
"GZ-44703",2013
"DL-33151",2013
"CP-120851",2012
"HJ-148751",2011
"DM-33451",2013
"JL-158354",2011
"LP-170951",2012
"NM-84451",2011
"DB-136154",2011
"NP-83251",2013
"KS-63002",2014
"RW-196301",2012
"SH-199751",2011
"SG-200804",2012
"BD-17252",2011
"JE-154754",2012
"CV-28051",2011
"TC-211451",2011
"JL-51301",2011
"TG-213103",2011
"SZ-200352",2014
"MG-178904",2011
"AJ-109451",2011
"DL-128652",2011
"CC-22201",2012
"AM-7052",2013
"EM-142003",2012
"AC-4502",2012
"FM-42152",2012
"JK-53702",2013
"MS-73652",2014
"BP-110951",2011
"VM-216852",2013
"LC-169602",2012
"RB-196451",2011
"JE-156103",2011
"DN-136903",2011
"MR-75452",2011
"CR-26253",2011
"SO-203351",2012
"FC-142454",2012
"TP-215653",2012
"BB-109903",2011
"CM-124454",2011
"MH-172904",2011
"HW-149351",2011
"CK-122054",2011
"AB-101503",2011
"MP-179652",2012
"PG-188954",2011
"JP-161352",2011
"DW-134802",2011
"RA-199152",2011
"LC-171401",2013
"SK-199902",2012
"DV-130452",2012
"TG-216401",2012
"SG-208902",2012
"EN-137804",2012
"JK-57301",2012
"KC-166752",2012
"EH-39451",2011
"JB-59251",2012
"PV-189854",2011
"CS-25051",2011
"KC-66751",2013
"SJ-201252",2012
"JM-155803",2011
"NM-85201",2014
"SC-200951",2011
"PS-189703",2011
"LB-67351",2012
"MG-178751",2011
"AB-1501",2012
"SM-200054",2011
"ML-180404",2014
"CC-126853",2014
"PA-90602",2011
"TB-212803",2011
"PW-190303",2011
"MS-75301",2012
"EM-140652",2013
"JJ-157601",2011
"AR-103451",2011
"MB-173052",2012
"PG-188204",2011
"MC-176051",2011
"SN-105603",2011
"KA-165254",2011
"RW-195401",2011
"PC-190004",2011
"PJ-190153",2013
"MC-181002",2011
"JC-153854",2014
"RH-95101",2011
"EH-141253",2012
"RH-195554",2012
"AA-103751",2011
"AS-102851",2011
"AH-5852",2011
"MW-182203",2012
"MT-180704",2011
"DL-28652",2013
"KM-167203",2011
"DB-136151",2012
"AA-104802",2011
"RM-197502",2011
"BP-112302",2011
"KT-164654",2011
"BM-116503",2013
"KC-65402",2011
"KW-65701",2011
"TC-209803",2011
"LS-72001",2012
"MF-182502",2011
"DP-131051",2011
"KH-163304",2011
"RW-196302",2011
"PC-187452",2011
"CM-119354",2012
"TT-214601",2011
"RH-95551",2011
"NZ-85651",2012
"BS-118003",2011
"JS-159404",2011
"SH-99752",2011
"BP-12302",2011
"EM-140654",2011
"KM-167202",2011
"CB-25352",2014
"MH-174404",2011
"DW-131951",2011
"PS-89701",2012
"BD-16202",2011
"CA-123102",2012
"RS-94203",2011
"Dp-132403",2011
"BF-10051",2011
"JK-161204",2011
"JL-158501",2011
"JF-153554",2012
"AJ-109453",2011
"CM-123854",2012
"DA-134502",2011
"EM-40953",2011
"NF-185953",2012
"CY-127453",2011
"MK-179053",2011
"KW-164354",2012
"DP-133901",2011
"TB-211752",2011
"KN-163901",2011
"KD-163454",2011
"AH-2101",2011
"AG-103004",2011
"TB-116251",2011
"AB-102553",2011
"TH-115501",2011
"EH-137652",2011
"AJ-109602",2012
"AA-103153",2011
"PF-92251",2011
"CD-127902",2011
"MG-176801",2011
"VM-218354",2011
"BM-11402",2011
"RP-193903",2011
"KT-64651",2011
"LA-67802",2011
"BD-116204",2011
"EM-142002",2011
"JD-160153",2011
"DK-30901",2014
"HZ-49501",2011
"LD-170053",2011
"JK-156251",2012
"NB-85802",2011
"AC-104203",2011
"JF-151904",2011
"DK-33753",2011
"KT-164651",2011
"JS-160302",2011
"AY-5551",2012
"YC-118951",2011
"SW-204552",2011
"JL-151754",2011
"KM-167204",2011
"PN-187751",2011
"JS-156852",2011
"AS-106303",2013
"SJ-102152",2012
"MH-81151",2012
"LC-69602",2011
"CM-123851",2011
"AS-106301",2012
"JL-151304",2011
"RM-197501",2011
"DK-128354",2011
"RC-198252",2011
"CM-127151",2011
"CB-20251",2013
"EB-138701",2011
"MB-180853",2011
"DW-35401",2014
"JM-52652",2014
"CM-118153",2012
"HD-147851",2011
"BC-111252",2011
"JR-57002",2011
"BF-112754",2011
"SO-203352",2011
"MC-175903",2012
"CS-121304",2011
"LS-72452",2011
"JH-154301",2012
"AM-103601",2011
"VM-218353",2011
"JK-160903",2011
"MB-73051",2011
"SC-208001",2011
"DL-33301",2012
"IM-150703",2011
"CK-125952",2011
"JO-55502",2012
"RH-195553",2011
"DB-133602",2012
"BS-113653",2012
"NZ-185651",2011
"HD-47851",2012
"FH-142751",2012
"PA-90601",2011
"CA-120554",2012
"VG-218054",2011
"CM-118151",2011
"DS-131804",2011
"RB-197053",2012
"LH-167502",2013
"BP-112303",2011
"VM-216853",2011
"BS-117554",2011
"RD-95851",2012
"JC-161051",2012
"MG-76501",2013
"ST-105301",2011
"RR-95252",2012
"KB-164054",2012
"HA-149051",2011
"BD-115003",2011
"NM-184454",2011
"AA-103752",2012
"HM-149804",2012
"PF-91652",2011
"JC-161052",2011
"CC-26701",2011
"PC-90001",2012
"SH-203953",2011
"IG-150852",2012
"RD-199301",2011
"GM-46802",2012
"CK-23252",2011
"PO-191802",2012
"NS-86401",2012
"GH-144854",2012
"BS-117551",2011
"KD-164953",2011
"TB-212504",2011
"NC-186253",2012
"ML-177552",2011
"JS-59401",2013
"GM-44551",2013
"GH-144853",2012
"BG-110354",2011
"JL-52351",2012
"SC-202304",2013
"AB-2552",2014
"NB-86552",2011
"DB-130603",2012
"JC-153401",2011
"MG-78751",2013
"CV-122951",2012
"SH-203954",2011
"GM-146803",2011
"JK-153703",2012
"GA-145151",2011
"JM-156551",2011
"BF-10202",2014
"PH-187901",2011
"SK-199904",2013
"MD-173502",2013
"CK-123253",2011
"ME-177254",2011
"GR-145602",2012
"BT-113051",2013
"AF-8701",2011
"HA-149201",2011
"AH-6902",2012
"ME-173202",2011
"KW-165703",2011
"DJ-135104",2011
"RH-195103",2012
"DR-29401",2011
"NH-186104",2011
"MC-178451",2011
"DM-129552",2011
"AP-109153",2012
"MD-178604",2011
"SZ-100351",2012
"ES-140201",2011
"RS-198702",2011
"HR-147704",2011
"VP-217604",2011
"ML-80401",2012
"BF-11702",2012
"DO-36453",2014
"RH-96002",2012
"AH-4652",2011
"CL-118904",2011
"KW-165704",2011
"CS-124602",2012
"BN-115154",2011
"TB-211904",2011
"LH-67501",2012
"DB-134053",2011
"NP-186851",2012
"FW-143953",2011
"BS-115901",2011
"RF-193451",2011
"AB-100152",2011
"BG-116952",2013
"AM-7051",2012
"VP-117301",2012
"CD-127904",2011
"CM-124453",2011
"DK-33751",2011
"NW-84002",2013
"JE-161654",2013
"AD-1801",2014
"SC-208004",2012
"NC-183404",2011
"JR-57001",2013
"RM-96751",2014
"XP-218653",2011
"BW-111101",2011
"SJ-202152",2011
"DW-34801",2011
"MB-173051",2012
"RB-194351",2011
"CS-121753",2013
"TB-214003",2011
"RB-193302",2011
"MM-180551",2014
"AR-8251",2012
"GH-144103",2011
"HA-149203",2013
"JM-52502",2011
"ML-182654",2012
"DL-129252",2011
"DL-33303",2012
"BB-9901",2013
"LW-168252",2012
"RD-195854",2011
"MP-181752",2011
"TS-215054",2011
"EH-37652",2011
"MM-172604",2011
"TS-116552",2012
"HR-47701",2011
"AP-9152",2012
"GM-46801",2012
"NP-183254",2011
"BS-116653",2011
"BF-10803",2013
"CR-126253",2011
"FA-142303",2011
"AC-106151",2011
"KF-62852",2013
"PH-87901",2011
"CM-126554",2012
"KB-66002",2012
"FW-43952",2011
"SP-208604",2011
"EB-139754",2013
"AS-102253",2012
"JP-55203",2014
"DM-30152",2013
"SF-102001",2011
"JF-153552",2011
"TT-212201",2012
"RP-192701",2011
"JR-157003",2011
"CC-123704",2013
"CC-123702",2011
"TH-211154",2011
"KN-67052",2011
"SH-203952",2011
"TC-112953",2013
"AZ-107503",2011
"PM-191352",2011
"LD-168551",2011
"KM-167201",2011
"MP-181751",2011
"MW-82202",2011
"CH-120702",2011
"KW-65702",2012
"CG-125201",2012
"SE-101101",2012
"AG-4953",2011
"EB-137502",2011
"ML-80403",2011
"BP-112902",2011
"SC-207254",2011
"TS-210854",2012
"HZ-49502",2012
"JC-61052",2011
"DB-129701",2014
"MC-75902",2012
"VM-218352",2011
"ML-77551",2013
"KM-63753",2011
"VS-218202",2011
"HK-148901",2011
"JM-58653",2014
"CM-121153",2013
"MO-178003",2011
"JB-154004",2011
"YS-118802",2011
"GM-46951",2013
"DR-129404",2011
"PK-190751",2012
"MC-176351",2011
"CS-25052",2013
"JD-57902",2011
"SC-100952",2011
"TC-215351",2011
"SW-202751",2011
"MG-182052",2012
"RS-198701",2012
"JL-151303",2012
"AG-102703",2011
"SS-101401",2012
"DC-128503",2011
"AR-104052",2011
"IM-150551",2012
"PB-188051",2011
"AY-5552",2011
"AG-3301",2011
"BS-118002",2012
"ES-140803",2011
"BP-110501",2012
"VG-217904",2011
"CM-127153",2011
"MO-178004",2012
"AA-106452",2011
"MS-77102",2012
"NC-86251",2013
"JC-53402",2012
"RC-199604",2011
"CC-23702",2011
"TP-114151",2012
"MH-176202",2011
"AH-101202",2012
"BF-12752",2012
"TC-212952",2011
"NB-185802",2012
"RO-97801",2011
"BF-10802",2012
"BB-115454",2012
"TC-109802",2011
"VF-217153",2012
"LW-169902",2011
"CM-121601",2011
"SJ-101253",2011
"EJ-141553",2011
"HG-48452",2012
"KB-166002",2013
"SC-206954",2011
"SJ-102151",2011
"JD-157904",2012
"JF-52953",2011
"SW-102752",2014
"SF-100651",2011
"PB-88053",2013
"LT-167654",2011
"TT-212651",2011
"DH-136754",2011
"JK-160901",2011
"TS-113702",2011
"GM-146953",2011
"ND-183702",2012
"BT-114403",2011
"CS-18602",2013
"HM-148604",2011
"TC-212951",2011
"RB-95702",2011
"GK-146203",2011
"MM-172603",2012
"JF-54152",2012
"BE-113352",2011
"DK-129851",2011
"AC-4201",2011
"DM-133451",2012
"HJ-48751",2012
"AP-109151",2011
"RB-196453",2012
"EM-40651",2012
"PP-189552",2011
"SV-108151",2013
"SW-203501",2011
"JK-56252",2014
"TS-214304",2011
"LC-68852",2012
"CC-25501",2012
"DC-128501",2012
"DP-131654",2011
"CK-22052",2012
"AF-108704",2012
"JE-157453",2012
"DC-128504",2011
"BP-110952",2011
"LH-170201",2011
"FM-142153",2011
"JS-156851",2012
"LF-171852",2012
"SM-209054",2013
"ON-187152",2011
"SP-108601",2011
"KH-163303",2012
"BD-16052",2012
"CR-128202",2012
"GH-146652",2012
"RP-92701",2011
"MA-75601",2014
"EJ-137202",2011
"Dl-136001",2011
"RR-95251",2012
"SP-206202",2012
"PW-90301",2014
"CS-124001",2011
"DN-136904",2011
"JW-52202",2012
"KH-66302",2012
"AF-8852",2014
"LM-170651",2011
"RE-194501",2011
"RM-193753",2012
"TM-114901",2014
"SF-200652",2011
"TS-212054",2011
"JF-154154",2011
"SC-207253",2011
"MC-76052",2014
"AZ-7502",2012
"NP-186703",2012
"AJ-107802",2012
"DN-36902",2013
"CL-18901",2011
"TH-211151",2011
"SC-108002",2012
"JM-155354",2011
"ML-77553",2014
"CM-21601",2012
"AH-101203",2011
"NB-86551",2011
"FC-142453",2011
"CC-22202",2011
"RB-94652",2011
"SW-203504",2013
"NP-186704",2012
"HK-148903",2011
"DH-130751",2011
"MN-79351",2012
"BG-17401",2014
"AG-7652",2012
"CA-20551",2012
"SF-100652",2011
"RH-195102",2011
"JS-56852",2012
"LW-171251",2013
"VM-216851",2011
"NB-85803",2011
"NF-84751",2014
"MG-176502",2011
"KH-163601",2011
"TH-212352",2011
"NK-184903",2011
"PW-92401",2012
"RF-197354",2011
"BW-11101",2011
"TP-214154",2012
"ME-80101",2013
"LC-68701",2012
"AM-7053",2012
"TA-113852",2012
"EK-137952",2012
"BG-117402",2013
"JS-156854",2013
"NP-83252",2012
"AB-106003",2013
"TG-113102",2011
"JL-58501",2011
"KC-162554",2011
"BM-111402",2011
"TB-113551",2013
"TB-215951",2011
"FM-42151",2012
"JK-160902",2011
"ED-38853",2012
"PV-189851",2011
"DJ-134204",2011
"NC-83401",2011
"AM-107054",2011
"CS-122504",2011
"MP-74701",2012
"TB-216254",2011
"DB-32101",2011
"CA-27751",2012
"MF-76651",2013
"RB-197051",2011
"SM-209501",2013
"BP-12902",2011
"Dp-32402",2014
"JF-154901",2011
"PB-191053",2012
"KM-63752",2013
"GZ-144703",2011
"VD-216702",2012
"BN-15152",2013
"JS-60302",2013
"OT-187301",2011
"CC-122202",2011
"CC-121454",2011
"ND-184601",2013
"BF-111704",2011
"RF-197352",2012
"JS-155953",2011
"JP-154601",2012
"IM-50551",2011
"LH-71551",2014
"SW-207552",2011
"TS-210853",2011
"LB-167354",2013
"AH-101951",2011
"SC-200503",2011
"MR-175452",2011
"SH-203951",2011
"LT-167653",2011
"VG-117901",2012
"DF-31352",2011
"YS-218804",2012
"SB-102901",2013
"JW-52201",2014
"JD-58953",2012
"KH-66902",2011
"TB-110551",2012
"AG-6752",2011
"EB-137053",2011
"RB-195702",2011
"LO-171704",2012
"AR-5102",2011
"JK-152051",2011
"DB-133604",2011
"KN-164502",2011
"TS-214302",2011
"PB-188054",2012
"KT-64802",2014
"JL-51303",2011
"MS-178304",2011
"JM-55801",2011
"MF-182504",2011
"AS-100454",2011
"SU-106652",2012
"JG-51152",2012
"PM-189402",2011
"JB-54002",2012
"LO-171701",2011
"TC-212954",2011
"PV-189852",2011
"IL-151001",2012
"BF-10201",2013
"HG-149651",2011
"PS-187602",2011
"BV-112453",2012
"SR-207404",2011
"GT-47552",2013
"CM-123853",2011
"EP-139151",2011
"DC-132852",2011
"PJ-188353",2011
"HM-149803",2011
"LW-68251",2012
"PM-191353",2013
"BB-115451",2011
"GW-46051",2011
"LC-168852",2011
"JH-158203",2011
"MG-176803",2013
"KB-163151",2012
"DB-29103",2011
"HH-150102",2011
"SF-102002",2012
"CY-127452",2012
"AS-2252",2013
"PF-191653",2011
"EB-137054",2011
"GH-46652",2014
"JF-52951",2012
"JL-155053",2012
"MS-177704",2011
"MN-179354",2011
"DN-36903",2013
"RW-196304",2011
"LE-168101",2011
"CC-26852",2013
"ML-80402",2014
"SJ-201251",2011
"ML-182653",2012
"ME-180101",2011
"JS-160301",2011
"KE-164203",2011
"BM-111403",2011
"TB-111902",2014
"BD-113202",2011
"SD-204852",2011
"GH-146654",2012
"SG-108902",2012
"NP-87001",2013
"LB-167351",2011
"SC-204401",2011
"MC-72752",2012
"JS-159403",2011
"TB-211751",2011
"KD-63451",2011
"EG-139004",2012
"BT-115301",2012
"MC-172752",2011
"BS-117552",2011
"KD-164954",2011
"MH-174401",2011
"GP-147402",2011
"MD-173504",2011
"DH-36751",2011
"CS-24901",2014
"AB-2551",2011
"LH-167503",2011
"FM-142902",2012
"NS-185051",2012
"TS-216554",2012
"BM-17852",2013
"SH-206352",2012
"MG-78901",2013
"ME-177252",2011
"CA-122654",2011
"NH-186103",2013
"NF-184752",2011
"AT-4351",2011
"EH-139904",2011
"NZ-185653",2011
"HG-50251",2011
"TH-111152",2014
"TH-211152",2013
"MC-178453",2011
"CK-122051",2011
"CM-123852",2011
"CC-21001",2013
"JC-57752",2014
"CK-127601",2011
"DM-35252",2012
"RB-196452",2012
"BP-11552",2012
"RR-93152",2011
"BM-117853",2012
"JK-153253",2012
"SW-107551",2011
"BF-112152",2012
"PO-88501",2013
"SS-104103",2011
"SC-208003",2011
"BT-114402",2011
"PO-188653",2011
"SC-204403",2013
"DM-135251",2011
"SP-205452",2011
"TB-110552",2012
"SP-206204",2011
"DW-131954",2011
"TT-210702",2011
"CL-125654",2011
"HG-49651",2011
"BG-117403",2011
"BS-15902",2011
"MB-180852",2011
"MG-176953",2012
"AA-103154",2011
"CA-119652",2011
"TB-213553",2011
"KH-63302",2012
"NZ-185654",2011
"ZC-119101",2014
"WB-218504",2011
"SP-106201",2013
"AT-107351",2011
"MH-177854",2011
"MV-74851",2011
"BW-112001",2011
"AS-100901",2011
"PG-88952",2011
"RM-97501",2011
"FH-143653",2012
"CC-124304",2012
"CW-19052",2011
"CS-124904",2012
"ND-183704",2011
"PP-89552",2014
"CY-127451",2012
"TS-215052",2012
"SW-102451",2013
"TS-213403",2011
"RH-96003",2013
"BM-115752",2012
"JK-60903",2011
"MC-81302",2011
"MZ-173351",2011
"MG-182054",2014
"NC-184151",2011
"CM-24451",2012
"AR-105402",2011
"VM-118352",2014
"SC-202602",2011
"LB-167352",2011
"CK-123252",2011
"BK-112603",2011
"BB-115452",2012
"CM-118152",2011
"ML-182651",2011
"JL-152351",2011
"BB-109901",2011
"MG-178902",2011
"BD-115004",2011
"AZ-107501",2013
"BP-110954",2011
"MC-76351",2012
"TC-211453",2011
"SB-201704",2011
"QJ-92552",2011
"IL-151002",2011
"GG-146503",2012
"RS-98702",2012
"JM-55352",2011
"SC-208454",2013
"TR-213251",2011
"DV-30452",2011
"CL-125651",2013
"JG-158052",2012
"JE-154753",2013
"AJ-107951",2011
"JJ-154452",2011
"AW-108404",2012
"RA-99151",2014
"CC-24752",2011
"AW-109301",2012
"MH-177851",2011
"JF-51901",2013
"DK-131503",2011
"IG-150851",2011
"CA-122651",2011
"DL-134953",2013
"EB-139301",2011
"EC-140501",2011
"RD-99002",2011
"NR-85502",2012
"DG-133003",2011
"BT-13052",2011
"CS-119501",2011
"KL-166453",2011
"ES-40201",2012
"BS-113803",2011
"LW-171254",2011
"NW-184002",2012
"LD-70053",2011
"AR-108251",2013
"DN-136902",2011
"JB-59252",2012
"LM-170653",2011
"BF-109751",2011
"NL-183103",2011
"CC-126703",2011
"BH-117103",2011
"RK-193004",2012
"MJ-177403",2011
"LP-170952",2013
"BT-14402",2011
"BD-116052",2012
"DL-28653",2011
"CS-125054",2011
"TS-216552",2011
"MK-179051",2011
"CS-122503",2012
"JE-156104",2011
"EM-138102",2011
"MH-80251",2012
"EM-38102",2013
"TS-211602",2011
"BF-10801",2011
"MT-78152",2011
"AR-104054",2011
"JG-151152",2011
"BD-16351",2013
"HH-150103",2011
"LW-168253",2013
"BO-13502",2012
"TB-111752",2013
"BD-116352",2012
"SV-203653",2011
"SC-102601",2014
"KH-163301",2011
"CA-127754",2011
"JR-156702",2011
"SM-200052",2011
"KB-64051",2012
"LW-172153",2011
"AS-2402",2012
"BT-16801",2011
"MG-181452",2012
"DK-128952",2011
"MT-180701",2011
"PC-187453",2011
"AH-104654",2012
"CM-21151",2014
"RD-96602",2011
"JF-155653",2012
"KB-63152",2012
"AS-2851",2011
"SJ-102153",2013
"KM-62251",2013
"RB-194353",2011
"TB-112502",2011
"GP-147401",2011
"KD-164951",2011
"JK-157304",2011
"DJ-134201",2011
"MG-76801",2013
"CS-123552",2013
"CC-126852",2011
"LS-72301",2011
"DK-31502",2011
"EP-39151",2013
"SC-202303",2012
"MA-79951",2011
"RO-197803",2012
"MD-78601",2012
"JD-161504",2011
"SC-205754",2011
"TC-215353",2011
"MG-178754",2011
"BG-116954",2011
"BD-117251",2011
"JE-61651",2012
"EM-138101",2011
"RW-196904",2013
"TB-215202",2011
"KD-64951",2011
"RB-93301",2011
"HK-148904",2011
"BM-11401",2011
"ES-140202",2011
"AR-104053",2013
"KA-165251",2011
"EM-39602",2012
"KH-65102",2012
"LR-170351",2011
"SR-204253",2012
"RD-99001",2012
"KL-66452",2013
"JO-52801",2011
"MM-180554",2011
"BN-114704",2011
"AH-106903",2011
"SH-106351",2012
"CS-118453",2011
"EC-140503",2011
"GR-145604",2011
"SS-201403",2011
"BW-110653",2011
"AO-108103",2011
"JD-58952",2014
"JH-159853",2011
"LR-169151",2011
"TP-114152",2011
"DE-132553",2011
"MB-173054",2011
"GB-145301",2012
"LT-71101",2014
"SP-205454",2011
"TH-211001",2011
"HK-148902",2011
"CS-24001",2013
"JK-157303",2011
"TC-214751",2011
"LL-168403",2013
"GZ-45453",2011
"KS-163001",2012
"SK-99901",2013
"MG-181454",2011
"TB-212502",2011
"EB-138402",2011
"SR-104253",2014
"RD-195853",2012
"VS-218201",2011
"RB-97051",2011
"BO-114253",2013
"DJ-34201",2012
"CS-118604",2011
"KH-163604",2011
"DB-134051",2011
"FH-42751",2014
"FC-143354",2011
"SC-200954",2011
"PR-88801",2013
"DG-33002",2014
"MG-176952",2011
"BM-116502",2011
"JF-154152",2012
"RD-196602",2013
"AB-100601",2011
"TH-211002",2011
"AF-8702",2012
"GB-145303",2012
"DS-131802",2012
"RE-194054",2011
"EM-38251",2011
"JG-51602",2012
"ND-84603",2011
"CS-24601",2011
"GH-44251",2011
"CA-19652",2012
"CH-20701",2012
"CJ-118752",2012
"BP-112901",2011
"DW-134801",2012
"JL-51302",2012
"TB-111901",2013
"BE-14551",2014
"KM-166603",2011
"TS-215053",2011
"SM-209504",2011
"ML-77552",2011
"HP-148152",2011
"BS-17552",2012
"ER-38551",2011
"MC-75752",2012
"JM-55802",2013
"LS-69451",2013
"CT-119952",2011
"CM-121603",2011
"TS-216102",2012
"MK-79052",2011
"FC-142452",2011
"JF-154904",2011
"RD-97201",2011
"LS-69453",2012
"NG-183552",2011
"SP-206502",2011
"DB-30601",2011
"NF-85951",2013
"LS-172453",2011
"SW-202453",2011
"AJ-109604",2011
"QJ-192553",2011
"KD-66151",2012
"BD-15601",2013
"EH-141254",2011
"CS-124901",2012
"BF-112154",2011
"MH-172902",2011
"ND-84601",2011
"ZD-219252",2011
"ND-183701",2013
"GT-46352",2012
"SP-109202",2013
"SJ-105001",2012
"BT-114853",2012
"SC-206804",2011
"SB-101851",2013
"XP-118651",2011
"BW-11103",2012
"RB-197952",2013
"MH-177852",2011
"JO-151454",2011
"BS-116652",2012
"JM-161952",2011
"PB-192101",2011
"SB-101701",2014
"AF-108701",2011
"MF-176654",2011
"EH-139901",2011
"AR-108254",2011
"EM-140953",2011
"EM-40952",2012
"TM-214901",2011
"ER-138554",2012
"DB-30602",2011
"JW-59551",2012
"AA-103753",2012
"EJ-141554",2011
"KM-162253",2014
"TH-111151",2011
"LH-169004",2011
"GK-46202",2014
"MM-182801",2011
"FH-42752",2012
"SH-206354",2011
"VF-117152",2011
"RA-98851",2013
"AR-5401",2011
"MC-75901",2012
"ZD-219253",2012
"MS-175303",2011
"HG-48451",2011
"ML-174104",2011
"MC-178452",2013
"EH-137654",2011
"ED-138851",2011
"CM-27151",2011
"JK-156402",2011
"MJ-177402",2012
"TA-113851",2013
"SJ-202151",2011
"RB-195701",2013
"DK-130903",2011
"CB-120252",2011
"JD-61501",2013
"DK-28951",2013
"TM-214903",2011
"EA-140352",2013
"DH-136751",2011
"HG-148451",2011
"GP-147404",2011
"CA-22651",2014
"JL-152354",2011
"SF-109651",2011
"WB-118502",2011
"NK-184901",2013
"LB-167951",2011
"AB-1051",2011
"RH-194952",2011
"FM-43801",2014
"AR-105701",2011
"HM-149801",2011
"MS-179804",2011
"JH-161801",2012
"PF-91203",2012
"RP-193904",2011
"GB-145302",2011
"EL-37352",2011
"JK-161203",2011
"EM-141403",2011
"CD-119201",2011
"AG-102701",2011
"AR-3452",2011
"EH-37651",2011
"MP-174702",2011
"CC-23701",2011
"BE-14101",2011
"SA-208304",2011
"AI-108554",2011
"DW-135401",2012
"CS-125053",2012
"SV-209354",2013
"TP-214153",2011
"VB-217453",2011
"ST-205301",2011
"JF-54901",2012
"RE-194053",2011
"BM-117851",2011
"RF-198402",2011
"AB-101052",2012
"DL-134954",2012
"MC-174253",2011
"SC-205751",2011
"JD-60602",2012
"GA-45152",2013
"TN-110401",2012
"BF-111701",2011
"PC-190003",2013
"EH-141252",2011
"DD-135704",2011
"BE-114101",2012
"CS-21751",2011
"RL-96151",2013
"JM-152654",2011
"PW-192404",2011
"TB-210553",2011
"BT-114851",2012
"SZ-100352",2011
"TC-211452",2012
"AI-8551",2013
"CS-23552",2012
"DB-133603",2012
"AB-106001",2011
"AR-105704",2013
"DB-131201",2011
"PG-188203",2011
"NR-85501",2012
"EJ-41552",2014
"CD-27902",2011
"AT-104352",2013
"CS-19501",2013
"RD-95852",2014
"SG-208903",2011
"AF-108853",2011
"AR-105702",2012
"VF-117151",2013
"NM-184453",2012
"JP-55202",2013
"JF-153551",2012
"TP-214152",2013
"CJ-20102",2012
"PM-91351",2011
"BM-116504",2011
"AC-106602",2011
"MM-172602",2011
"JJ-54451",2012
"GW-146051",2011
"DP-130004",2011
"AA-3752",2012
"LP-70802",2013
"RA-198853",2012
"TS-210852",2012
"MK-181602",2013
"RF-93452",2014
"JA-59701",2012
"NC-184154",2011
"JR-157001",2011
"SW-207553",2011
"DM-133452",2011
"CA-123101",2011
"AJ-107801",2011
"RB-197951",2011
"RD-199302",2011
"DB-33601",2011
"TB-211753",2011
"NS-86402",2011
"ME-173203",2011
"PT-90902",2012
"MS-78301",2014
"CL-125653",2011
"AH-105854",2011
"Dl-136002",2011
"MC-175753",2012
"TS-115051",2011
"KT-164801",2011
"PC-87452",2012
"LP-70953",2011
"SC-200203",2011
"CM-18301",2012
"VS-218203",2013
"JD-161501",2011
"MT-80702",2011
"LW-72153",2013
"DR-129403",2012
"CD-19801",2011
"CD-122803",2011
"JW-159552",2012
"CA-119654",2011
"TS-213401",2011
"LO-71701",2011
"NP-86851",2012
"SE-201102",2011
"CA-20552",2013
"RB-93601",2011
"TT-212653",2012
"VS-118202",2011
"NC-83403",2013
"TC-112952",2013
"DB-129703",2011
"AG-106751",2011
"PO-91803",2011
"HR-147701",2012
"BE-114553",2012
"LB-167353",2011
"PB-91501",2013
"EL-37351",2012
"CS-121754",2011
"MM-182804",2011
"SH-99751",2011
"AR-108252",2011
"BE-114551",2011
"AO-108101",2011
"GP-147403",2011
"DH-136752",2013
"CD-19202",2012
"FG-42603",2011
"CC-126701",2011
"AS-1351",2012
"HG-149652",2012
"RB-195704",2013
"RO-197802",2011
"AS-452",2014
"JE-161651",2011
"BP-11553",2011
"BO-114254",2012
"RD-97202",2011
"LD-170054",2011
"DP-33901",2011
"GZ-144704",2011
"TH-115503",2011
"MS-175301",2012
"LT-67653",2013
"ML-173951",2011
"DE-132554",2011
"CG-120403",2011
"AP-107202",2014
"LS-169754",2011
"EH-41251",2011
"PH-187903",2011
"MG-81452",2011
"NS-85052",2011
"BB-9902",2012
"SC-203802",2011
"JE-56101",2012
"IM-50702",2011
"CS-24602",2011
"DO-136452",2011
"MM-72603",2011
"TN-210401",2011
"TR-113252",2013
"CC-24753",2013
"SK-199901",2012
"GZ-44702",2011
"BS-13802",2012
"EB-37502",2011
"SL-101551",2011
"NC-183402",2011
"TT-212204",2011
"MP-174701",2012
"RD-197204",2011
"RP-93901",2011
"ML-177551",2012
"ES-140204",2011
"JP-154602",2011
"LP-170953",2011
"PO-188501",2011
"JS-155952",2013
"CC-124754",2011
"BO-113501",2012
"SG-204701",2012
"SW-202754",2011
"AI-108553",2014
"EM-138252",2012
"MH-176201",2012
"GH-144252",2011
"JW-152203",2011
"DM-135253",2013
"AR-105103",2011
"RK-193003",2011
"TG-116402",2014
"MY-82951",2013
"TR-213252",2012
"AT-4352",2012
"AG-7651",2012
"EJ-137203",2011
"DP-131054",2012
"TD-109951",2013
"EB-138704",2011
"JP-155203",2011
"MS-178303",2011
"MC-176354",2011
"AG-9001",2011
"SG-208901",2011
"JF-152953",2011
"CK-127603",2011
"NC-85352",2013
"MH-74401",2011
"LC-170504",2011
"RH-95552",2011
"JE-154751",2011
"DO-134352",2011
"DB-135553",2011
"HR-47703",2011
"KF-162852",2013
"HZ-149502",2012
"BG-117401",2011
"JK-156401",2012
"CM-19352",2011
"WB-118501",2014
"JC-161053",2012
"GT-147554",2012
"HA-49202",2013
"DW-35403",2012
"RS-198703",2012
"HD-147854",2011
"KC-66752",2011
"EB-141103",2013
"GM-146954",2011
"GM-146804",2011
"Dl-36001",2011
"CS-21752",2012
"MA-75602",2011
"AH-100754",2011
"JK-53251",2011
"MH-181153",2011
"CS-125051",2013
"KC-62551",2012
"TS-114301",2011
"AO-8103",2013
"TB-114002",2011
"EA-140351",2011
"KB-166003",2012
"JO-51451",2012
"DL-129251",2011
"LF-71852",2013
"AJ-107954",2011
"SG-106052",2011
"BD-113203",2011
"SG-100802",2013
"BK-12601",2014
"GT-146354",2011
"PJ-190151",2012
"EH-40051",2011
"SU-206654",2012
"CJ-120102",2011
"JD-157901",2011
"TT-212203",2011
"AB-100603",2011
"LR-69152",2011
"SN-205602",2011
"DW-135404",2013
"GB-45301",2012
"JW-160754",2012
"TH-212353",2011
"AS-101352",2012
"MC-72751",2011
"NP-186853",2012
"VD-216701",2011
"DC-132854",2011
"KB-66003",2011
"AD-1802",2014
"LS-69751",2014
"BB-15452",2014
"EB-38403",2012
"JM-155804",2013
"SC-207702",2011
"SS-201404",2011
"PM-191351",2011
"MN-79352",2012
"BF-112753",2011
"JM-56551",2012
"CR-127304",2011
"LR-169152",2012
"CJ-120103",2011
"SP-206203",2011
"AG-106753",2012
"JG-158051",2011
"XP-218651",2011
"PC-90002",2012
"CL-118903",2011
"SH-199752",2011
"PF-192252",2011
"GW-46052",2012
"TP-211304",2012
"JJ-154451",2011
"KL-166454",2011
"CM-119351",2011
"PW-192402",2012
"MZ-73351",2014
"KC-166753",2012
"SA-108302",2011
"TS-211603",2011
"TZ-215802",2011
"JF-54902",2011
"LC-68853",2013
"IM-150554",2011
"ZD-119252",2011
"SW-103502",2012
"MC-76051",2011
"LT-167652",2012
"KH-165103",2012
"JG-58051",2012
"PO-188651",2011
"RB-97952",2013
"SE-101102",2014
"OT-187303",2011
"ML-180403",2012
"BS-13801",2013
"HM-48602",2011
"FG-42602",2014
"EH-137651",2012
"TZ-214451",2011
"BN-115151",2012
"DP-30003",2011
"CL-25651",2011
"AT-107353",2012
"SK-99902",2012
"AR-105102",2011
"MS-79801",2012
"ME-77251",2011
"NG-184303",2011
"AJ-7803",2011
"SS-108752",2012
"FP-143204",2011
"GZ-45451",2013
"LC-168701",2011
"RM-197504",2014
"RA-199452",2012
"NR-185503",2011
"CM-121151",2011
"MS-78302",2012
"DA-34502",2013
"KT-64653",2013
"BP-111553",2011
"JJ-157604",2012
"EB-139751",2012
"FW-143954",2012
"CA-123104",2011
"MC-172753",2012
"TC-109801",2012
"SM-200051",2011
"MS-77702",2014
"RH-195101",2011
"EB-141703",2011
"RW-96902",2012
"DJ-35102",2013
"RB-97052",2014
"SC-105751",2012
"KM-162252",2012
"RA-192852",2011
"SV-107852",2011
"EN-37801",2012
"GM-144552",2013
"JH-154303",2011
"PO-91953",2011
"AA-103151",2011
"MO-179503",2012
"JB-60001",2011
"HA-149202",2011
"NC-186251",2011
"DJ-135103",2011
"HG-148454",2011
"TS-115052",2013
"ON-87151",2011
"MY-73802",2013
"RB-95701",2012
"CA-122653",2011
"AC-106601",2011
"RE-194051",2011
"AW-8401",2011
"RB-195703",2011
"JM-58651",2013
"CM-27152",2011
"BD-116203",2013
"CY-27452",2011
"MV-174851",2011
"LW-169901",2011
"DR-128801",2011
"RR-195251",2011
"EB-139304",2011
"RD-98101",2013
"MC-76352",2012
"AC-4501",2012
"VW-217753",2012
"EB-39302",2012
"JD-160151",2011
"CG-20402",2011
"GD-145901",2011
"TC-115352",2013
"FH-143651",2011
"DM-133454",2011
"BS-118001",2012
"DD-35701",2012
"BD-113204",2012
"NK-84901",2011
"DB-129104",2011
"NF-84753",2012
"JS-55953",2012
"EM-142004",2012
"RA-199454",2011
"VB-217454",2012
"AY-105551",2011
"SB-202903",2011
"SL-201552",2011
"MK-81602",2014
"KN-167051",2011
"JM-52501",2012
"MW-182351",2011
"GH-144251",2011
"HW-149352",2011
"JR-56702",2012
"AG-2701",2011
"MS-177703",2011
"IG-150853",2011
"LT-67651",2012
"TG-213104",2012
"RP-98552",2012
"GA-147254",2011
"LC-170503",2011
"BE-113354",2013
"TS-211604",2011
"AC-106152",2013
"JW-159553",2011
"LC-71401",2014
"PW-190301",2011
"DL-133301",2011
"JO-155502",2011
"KD-162702",2011
"TZ-114453",2012
"NF-183854",2011
"JK-153704",2011
"LC-169601",2011
"EK-137953",2014
"EM-139604",2012
"LH-169001",2011
"BG-116951",2012
"JD-57901",2012
"MC-176054",2011
"MP-174704",2011
"EM-138254",2011
"NF-185951",2011
"DM-29552",2013
"NR-185502",2011
"AG-3901",2011
"AS-6302",2012
"EH-140051",2011
"NF-83853",2012
"PK-189102",2011
"CC-125504",2014
"MH-76201",2013
"MF-176652",2011
"GH-144851",2011
"EK-37952",2012
"MR-175454",2011
"PK-189103",2012
"VT-217004",2011
"PK-90752",2013
"JW-160751",2011
"CS-21301",2011
"DW-135402",2011
"AW-109302",2011
"AG-109001",2011
"MC-175754",2011
"BE-114102",2012
"AB-101504",2011
"IM-150552",2011
"AA-3753",2011
"SP-106501",2012
"MC-176052",2011
"BP-10501",2011
"CM-18152",2013
"RD-194802",2011
"NP-187001",2011
"GA-147253",2011
"MP-179654",2012
"TB-213551",2011
"SZ-200351",2011
"AH-100753",2011
"MC-178454",2011
"AH-105853",2011
"MP-179653",2011
"LB-67951",2011
"SB-201702",2011
"PT-190901",2012
"LC-168851",2011
"SL-101552",2012
"HJ-148753",2011
"DW-134804",2011
"BF-112752",2011
"KB-162402",2011
"MA-175601",2011
"PG-188952",2011
"AA-106451",2011
"NH-86102",2012
"TR-213253",2011
"FH-43502",2011
"DO-34351",2011
"SP-106502",2012
"SC-203051",2012
"BG-110351",2011
"AG-6751",2011
"KH-165101",2012
"KN-167054",2011
"CS-121301",2011
"IM-50552",2012
"SP-205451",2011
"MH-174403",2011
"BW-111103",2011
"Co-26401",2011
"AF-8703",2012
"AS-2253",2011
"DB-136602",2011
"HG-148452",2011
"JB-160001",2012
"HR-48301",2014
"LC-169604",2012
"RK-93002",2012
"MZ-173352",2012
"LB-167954",2011
"BD-13202",2013
"MC-78452",2012
"GH-46653",2011
"JH-154302",2012
"AH-4651",2011
"TS-212053",2011
"OT-87301",2011
"TP-115652",2011
"PP-189554",2011
"NS-185054",2013
"BT-113954",2011
"LS-169751",2012
"JB-60452",2011
"AZ-107502",2012
"VP-117602",2013
"MK-179054",2011
"BM-117854",2011
"ER-38552",2011
"AS-901",2011
"JS-56851",2013
"MO-175002",2012
"FC-42452",2011
"DM-135252",2012
"MG-81451",2012
"TT-210704",2011
"JH-59102",2012
"KA-65252",2012
"FM-143801",2011
"AG-103003",2011
"CC-124302",2013
"AM-3601",2012
"BD-115601",2011
"BF-110203",2012
"JL-151752",2012
"MH-180253",2011
"AJ-9451",2011
"BD-117702",2011
"KE-164202",2012
"AB-6001",2014
"AH-100752",2011
"CS-22501",2011
"GZ-145454",2011
"JD-158954",2011
"AR-103453",2011
"MM-79202",2014
"AC-6152",2011
"JG-58052",2011
"MH-77851",2011
"GK-146204",2011
"MC-81001",2011
"AA-104803",2012
"CD-119802",2011
"FO-43052",2011
"CM-26552",2011
"NC-184152",2011
"ST-205302",2012
"BT-115304",2011
"AS-100451",2011
"CP-23402",2012
"BD-116354",2011
"DS-130303",2011
"LC-70502",2014
"DO-36451",2014
"CB-124154",2012
"EM-140954",2012
"ML-73951",2012
"AG-105252",2011
"HR-47702",2014
"EM-138253",2011
"DB-136153",2011
"LW-169903",2012
"AP-109152",2011
"HE-148001",2011
"AB-101501",2013
"MA-179952",2012
"KA-165253",2011
"JK-57302",2011
"MC-81301",2013
"JK-157302",2012
"PL-189251",2011
"TS-216553",2012
"EP-139154",2011
"PO-88651",2011
"AR-104051",2011
"FH-142753",2011
"JR-62101",2012
"TS-212051",2012
"RB-193604",2013
"RS-197654",2011
"BG-116953",2011
"VB-217451",2013
"MK-81603",2011
"SG-104702",2012
"FM-142151",2011
"LC-169302",2011
"SF-209653",2013
"KH-166301",2012
"BT-13051",2012
"RS-94202",2012
"CD-122802",2012
"JB-160453",2011
"JB-160452",2011
"BF-112751",2012
"HW-149354",2012
"AH-104653",2011
"DN-136901",2011
"VF-217151",2011
"FC-43352",2012
"JR-157004",2014
"KH-166904",2011
"RM-193752",2011
"JL-155052",2011
"AJ-109603",2013
"JL-155051",2012
"AR-108253",2011
"DA-134501",2011
"BF-110802",2013
"GH-46651",2011
"TC-215352",2012
"CV-122954",2011
"JE-154752",2011
"JH-54301",2012
"RH-196004",2012
"CW-119054",2011
"JK-56251",2011
"KD-64952",2011
"VW-217751",2011
"DM-129553",2012
"SN-207102",2012
"Dp-132401",2011
"DV-134652",2012
"GM-145002",2012
"KH-166901",2011
"JM-155351",2011
"TP-115651",2013
"EG-139002",2012
"CC-126103",2011
"BW-10651",2012
"JK-52051",2011
"LS-169454",2012
"MO-175001",2012
"SL-101553",2011
"SK-199903",2011
"CS-123553",2011
"JP-54602",2014
"JL-51752",2011
"MS-173652",2012
"TA-213852",2012
"TC-209802",2011
"FM-142904",2011
"CA-119653",2011
"KC-165402",2012
"SF-209651",2011
"EH-141853",2011
"NC-185353",2014
"BF-12751",2011
"SW-207554",2011
"CS-118454",2011
"BK-12602",2011
"TH-111153",2014
"HH-150101",2011
"MV-174852",2012
"CS-18452",2011
"HZ-149503",2011
"NP-86702",2012
"JF-152954",2011
"DV-34651",2014
"JH-58201",2011
"LH-69002",2011
"SM-203204",2011
"KL-166451",2011
"MT-178151",2011
"SF-202003",2011
"ML-180402",2011
"KB-163154",2011
"SC-103052",2014
"DN-36901",2012
"SM-209053",2011
"ST-105302",2013
"FW-43951",2011
"LS-169752",2011
"AT-107352",2012
"LS-169753",2011
"JP-54601",2013
"BH-117102",2012
"PJ-190154",2011
"ON-187154",2011
"Co-126402",2011
"CD-27901",2011
"NS-186403",2011
"SC-207704",2012
"AH-6901",2011
"LW-168254",2011
"EB-137051",2011
"RA-198854",2011
"FC-42451",2011
"RB-96452",2011
"JS-159402",2011
"DL-134951",2011
"GA-145153",2012
"CS-118602",2011
"KB-66001",2011
"AF-108852",2011
"CA-23102",2011
"JH-54303",2013
"EM-138103",2011
"JD-160152",2011
"LH-171552",2011
"BF-110202",2012
"AM-3602",2012
"GT-147103",2011
"NP-83253",2012
"CB-120251",2011
"CR-26252",2014
"AH-752",2014
"VM-118351",2011
"MG-176804",2011
"AJ-7951",2011
"SW-204554",2012
"MA-179951",2011
"RD-98102",2013
"RP-92702",2011
"CR-128203",2011
"JE-157153",2011
"FO-143054",2011
"GW-146052",2013
"JC-157752",2011
"VG-217902",2013
"LP-70951",2014
"HA-49052",2013
"CS-21302",2012
"JH-159103",2012
"JS-158804",2011
"SC-203054",2011
"CD-127901",2011
"SM-109502",2011
"BD-15001",2011
"CS-122501",2011
"BD-115002",2011
"RD-199303",2011
"LR-70352",2011
"JK-156252",2012
"MG-82051",2012
"JP-161353",2011
"DP-130001",2011
"PC-187454",2011
"TP-215652",2011
"RR-193152",2011
"OT-187304",2012
"CB-24152",2011
"SL-201554",2011
"DH-130754",2011
"MG-178901",2011
"RD-197201",2011
"JK-160904",2012
"MV-181901",2011
"HE-148002",2011
"ME-73201",2011
"JH-161804",2012
"LW-171252",2011
"JF-155654",2011
"BF-110054",2011
"EC-140502",2011
"GM-144401",2011
"TP-211302",2012
"NK-184904",2012
"MC-174252",2011
"JO-152804",2011
"GB-145753",2011
"BT-115302",2011
"DP-131052",2011
"EL-137353",2012
"LH-170203",2012
"DV-130453",2011
"DD-135701",2014
"NR-185501",2011
"CC-123701",2011
"JL-151301",2011
"BE-114554",2012
"JL-158504",2011
"NW-184001",2011
"SC-208453",2011
"CJ-18752",2012
"RW-95402",2011
"JF-55651",2013
"TC-214752",2011
"LB-67352",2012
"LR-69151",2011
"GT-47553",2013
"GG-46502",2014
"EB-41101",2012
"HF-49952",2011
"HE-48002",2012
"SS-104101",2013
"RE-94052",2013
"SC-200204",2011
"JM-156554",2011
"EN-37802",2012
"MW-82201",2011
"EM-140651",2012
"LL-68401",2011
"GT-147553",2013
"MH-72901",2012
"CR-127302",2012
"DK-130901",2011
"EH-139453",2011
"BS-16652",2011
"PS-190453",2011
"KL-65551",2012
"GW-146053",2012
"AC-104501",2011
"JM-161953",2012
"JF-151902",2011
"KN-64502",2012
"JE-57452",2011
"ER-138553",2011
"MG-182053",2011
"HM-48601",2011
"PW-192401",2011
"BT-14401",2013
"GM-146801",2011
"FH-143652",2011
"DH-130752",2011
"TM-110102",2014
"NM-185202",2012
"PH-187904",2014
"RB-197953",2011
"KL-166452",2011
"TB-115952",2013
"MH-174553",2011
"EH-39452",2011
"PS-87602",2011
"KN-167052",2011
"SO-203353",2011
"RD-198103",2012
"CJ-120104",2013
"BO-114252",2011
"PA-190601",2011
"SA-208302",2011
"SP-208603",2011
"DJ-134203",2012
"JR-162102",2012
"DW-135851",2011
"NF-184751",2011
"DB-36601",2014
"MY-73801",2011
"BN-114702",2013
"AZ-7501",2011
"AB-101654",2011
"TH-215504",2011
"SC-203801",2011
"CC-122201",2012
"RL-196152",2012
"BV-112451",2012
"SC-206802",2011
"LB-167953",2011
"JM-158654",2011
"ME-180103",2012
"EM-38253",2011
"ME-173204",2011
"NC-185351",2011
"CC-121002",2011
"GA-145152",2011
"CT-119951",2011
"DM-129551",2011
"FC-143353",2011
"RK-93001",2013
"TG-216402",2011
"PK-89101",2012
"JD-158951",2012
"RD-199002",2013
"WB-218501",2011
"ND-184602",2011
"CD-119804",2013
"VG-118051",2014
"MS-177103",2011
"HG-149654",2011
"CA-127752",2012
"FM-143803",2011
"MH-74402",2011
"SG-108901",2012
"CR-125801",2011
"CM-122351",2011
"RD-195852",2011
"SV-208151",2011
"EM-138251",2011
"LM-70652",2014
"AS-101351",2011
"TW-210251",2011
"SS-101403",2012
"KD-163452",2013
"NM-184451",2011
"JH-159104",2012
"MC-181004",2011
"CG-120401",2011
"LM-70651",2012
"EB-37051",2012
"AD-101801",2012
"JE-57451",2012
"SE-201104",2011
"NM-185203",2012
"HH-150104",2011
"DK-129854",2011
"KC-65401",2013
"DK-128351",2011
"PB-188053",2012
"BM-116501",2013
"AB-101053",2011
"KS-163002",2011
"JL-155054",2011
"PT-190904",2011
"SP-206503",2013
"TB-215954",2011
"SG-100803",2011
"SW-102751",2014
"JA-159702",2011
"JP-155204",2011
"DM-130154",2011
"SW-204551",2011
"DK-128951",2013
"HJ-148752",2011
"SM-203201",2011
"CC-126101",2011
"MG-176954",2011
"MT-180703",2011
"ML-173953",2012
"PM-189401",2011
"AG-105253",2013
"KS-163003",2011
"BD-16201",2011
"MH-176203",2011
"MC-181001",2011
"JC-153852",2012
"CS-121303",2012
"DP-130002",2011
"JM-152653",2011
"PB-88052",2011
"DK-131501",2011
"PJ-90152",2011
"LP-70801",2011
"PF-191652",2011
"AC-104502",2011
"GH-44101",2012
"AB-151",2012
"SS-201402",2011
"AJ-109601",2013
"JR-156703",2013
"DM-30151",2014
"MY-182954",2011
"MC-75751",2012
"NG-183551",2013
"GZ-144701",2012
"SB-202904",2011
"PO-88653",2011
"AJ-107953",2011
"RD-94802",2014
"EB-141104",2012
"SJ-202154",2012
"LF-171854",2011
"KM-162251",2011
"RS-198704",2013
"EL-137352",2011
"NH-86101",2014
"JE-61652",2013
"RB-93302",2013
"TB-210551",2011
"JL-158352",2012
"EM-141402",2011
"MH-174552",2011
"MS-173654",2011
"MP-81752",2012
"FP-143203",2012
"LS-172304",2011
"MT-178153",2011
"EG-139001",2013
"JM-61951",2012
"CK-127602",2012
"EM-38252",2012
"AC-104201",2012
"SC-100501",2011
"JR-162104",2012
"PN-87751",2011
"PB-192103",2011
"MS-179803",2011
"RB-94651",2011
"CK-125954",2011
"AW-9302",2013
"MH-76202",2012
"AG-102704",2011
"CM-122353",2013
"SC-206951",2011
"RD-195851",2011
"BD-117701",2011
"TB-115201",2012
"AH-100751",2011
"RW-95401",2013
"PM-189404",2011
"ML-173952",2011
"EB-139753",2011
"BT-113953",2013
"VG-217903",2011
"CT-119954",2011
"TD-209953",2012
"PS-89702",2011
"JE-54752",2011
"LA-167802",2011
"MF-182501",2011
"BS-113802",2011
"TP-214151",2011
"AG-107653",2012
"BF-110052",2011
"MA-175602",2011
"DB-29702",2012
"JH-159851",2011
"TB-211754",2011
"BG-17402",2014
"EB-139302",2012
"BP-112904",2011
"CS-22502",2013
"DB-131204",2012
"CS-24002",2012
"BS-116654",2011
"ZD-219251",2011
"LL-68402",2011
"SC-104401",2011
"VT-117002",2012
"GH-144253",2011
"SV-103652",2012
"PO-191952",2012
"NS-186402",2012
"CK-27601",2012
"RB-197954",2011
"DB-129102",2011
"DG-133004",2011
"MS-177101",2012
"AS-101353",2013
"KM-163751",2011
"JD-160604",2011
"PM-89402",2011
"RS-97651",2011
"MM-82801",2011
"HZ-149504",2013
"RM-196751",2012
"DP-131651",2011
"SM-203202",2013
"HF-149951",2011
"CV-122953",2011
"SP-209203",2011
"RD-94801",2013
"AG-105254",2011
"Co-26402",2013
"ES-40802",2011
"EM-140653",2012
"BE-114103",2011
"DJ-35103",2013
"BS-115904",2011
"RW-96302",2013
"VS-218204",2011
"GM-46952",2011
"YS-218801",2013
"JS-158802",2012
"MD-73501",2011
"JL-58502",2011
"EH-41252",2011
"EB-39751",2011
"AA-4801",2011
"LC-168703",2011
"EK-137951",2012
"GA-147251",2011
"MB-80851",2011
"PF-191202",2011
"NS-85051",2013
"SC-106951",2012
"MY-173802",2012
"HG-49653",2012
"JM-152652",2011
"KH-166304",2011
"MS-178301",2012
"PV-89852",2014
"DS-130301",2011
"CA-23101",2011
"AG-103904",2011
"PB-188052",2011
"SJ-205002",2011
"SR-104251",2013
