"customer_id","total_orders"
"DK-130901","18"
"CS-121751","17"
"EP-139154","17"
"EM-139601","16"
"TZ-214453","15"
"JG-158052","15"
"AR-108252","15"
"NC-186251","15"
"JH-159853","15"
"LB-167353","14"
"YC-218952","14"
"AF-108701","14"
"SZ-200353","14"
"CL-118903","14"
"JS-160301","14"
"LH-171551","14"
"KH-166902","14"
"RB-197953","14"
"BM-117851","14"
"HG-149651","14"
"BH-117103","13"
"GH-146651","13"
"RK-193003","13"
"JE-157454","13"
"EA-140354","13"
"GH-144102","13"
"NS-186404","13"
"DW-131951","13"
"DS-131803","13"
"MP-181751","13"
"RD-199003","13"
"JB-154002","13"
"PN-187752","13"
"MF-182502","13"
"CK-122054","13"
"MG-176801","13"
"VT-217001","13"
"SH-199754","13"
"FO-143052","13"
"AF-108852","13"
"HJ-148751","13"
"AG-107653","13"
"HG-148451","13"
"EB-139753","13"
"CD-127902","13"
"SB-201852","13"
"AS-100452","13"
"MC-176353","13"
"JJ-157602","13"
"JK-153251","13"
"HD-147853","13"
"KE-164201","13"
"LD-168553","13"
"MP-179652","13"
"LH-167503","13"
"NF-183852","13"
"ZC-219104","13"
"MD-173503","13"
"PG-188204","13"
"PF-191651","13"
"BC-111252","12"
"SW-207553","12"
"AO-108101","12"
"TB-212803","12"
"PB-191503","12"
"TB-215201","12"
"DO-134353","12"
"NP-186853","12"
"LC-168854","12"
"KW-165703","12"
"CL-125654","12"
"LA-167801","12"
"AH-106904","12"
"RP-193904","12"
"KA-165251","12"
"SC-200201","12"
"FA-142302","12"
"KD-164954","12"
"CC-123701","12"
"CC-122204","12"
"PS-189702","12"
"EH-137654","12"
"SC-203801","12"
"SC-206951","12"
"BW-111101","12"
"AA-106451","12"
"SC-208453","12"
"JH-161802","12"
"FW-143953","12"
"BS-113653","12"
"JE-157151","12"
"CR-126251","12"
"RB-194654","12"
"SJ-201254","12"
"KW-165701","12"
"PO-188502","12"
"JH-159101","12"
"JH-154303","12"
"BP-110954","12"
"PK-190754","12"
"HG-149654","12"
"JG-158051","12"
"MS-173653","12"
"SM-209504","12"
"BM-111403","12"
"KB-165854","12"
"AB-100152","12"
"CS-122504","12"
"HE-148003","12"
"SP-209202","12"
"RB-193302","12"
"KL-166454","12"
"GM-146801","12"
"BE-113352","12"
"JF-155652","12"
"JW-152202","12"
"DK-128354","12"
"AH-102103","12"
"BD-113204","12"
"DK-129851","12"
"KM-166601","12"
"MG-178752","11"
"JH-159851","11"
"RB-194353","11"
"JD-158954","11"
"MG-176951","11"
"AB-101652","11"
"GA-147254","11"
"RP-192701","11"
"CK-122051","11"
"JK-160902","11"
"JM-156553","11"
"SS-201401","11"
"SZ-200354","11"
"DJ-134202","11"
"XP-218654","11"
"SZ-200351","11"
"PO-188504","11"
"AH-102102","11"
"CM-123851","11"
"GB-145304","11"
"VW-217751","11"
"CK-125954","11"
"VM-216851","11"
"LT-167653","11"
"BE-113353","11"
"ME-180102","11"
"JM-158652","11"
"SL-201553","11"
"MS-177702","11"
"KH-166901","11"
"DJ-136301","11"
"CS-119504","11"
"DC-132853","11"
"SW-202751","11"
"MO-175003","11"
"KT-164653","11"
"ON-187152","11"
"DL-133303","11"
"BB-109901","11"
"VP-217301","11"
"TH-211153","11"
"SV-203651","11"
"NS-185053","11"
"JG-151604","11"
"DR-129401","11"
"Dp-132404","11"
"BM-116504","11"
"GH-144252","11"
"MC-174253","11"
"AM-103602","11"
"NM-184451","11"
"OT-187301","11"
"JC-153402","11"
"JF-154904","11"
"MC-175903","11"
"CM-118302","11"
"JP-161351","11"
"TP-211303","11"
"MY-182954","11"
"MC-181303","11"
"MA-175604","11"
"SW-202753","11"
"TG-213102","11"
"PG-188201","11"
"TC-211451","11"
"JW-152201","11"
"CC-126101","11"
"CS-123554","11"
"KB-164051","11"
"JC-153853","11"
"DW-135853","11"
"LA-167804","11"
"AR-105101","11"
"CS-118451","11"
"HM-148601","11"
"JM-152651","11"
"ES-140202","11"
"HM-148602","11"
"PF-192252","11"
"ML-174101","11"
"KH-163301","11"
"BF-111704","11"
"SC-207254","11"
"JE-156101","11"
"AS-101351","11"
"JL-158354","11"
"ML-177551","11"
"AR-108253","11"
"FM-142903","11"
"DW-135851","11"
"SE-201102","11"
"MG-182052","11"
"SE-201104","11"
"MG-181453","11"
"TS-212051","11"
"TC-215353","11"
"ZC-219102","11"
"GT-147104","11"
"CS-123553","11"
"WB-218504","11"
"AG-104952","11"
"AC-106151","11"
"CJ-118751","11"
"MW-182203","11"
"CM-124453","11"
"MM-179204","11"
"PO-188653","10"
"LT-167651","10"
"CS-124903","10"
"RB-193303","10"
"MS-179803","10"
"PW-190304","10"
"MT-180701","10"
"TC-212952","10"
"EB-141703","10"
"DB-129103","10"
"MV-181902","10"
"EB-141102","10"
"AG-109004","10"
"DB-132104","10"
"PP-189554","10"
"EB-138704","10"
"JM-156551","10"
"TT-212653","10"
"PO-188652","10"
"PO-188503","10"
"DC-128503","10"
"EB-138402","10"
"EB-137504","10"
"DD-135702","10"
"JE-157152","10"
"DG-133001","10"
"TS-215051","10"
"MZ-175151","10"
"PF-192251","10"
"NC-183401","10"
"JM-161954","10"
"DV-30452","10"
"DJ-135103","10"
"PB-192102","10"
"JE-157154","10"
"NF-183851","10"
"DS-130303","10"
"DK-31502","10"
"TG-216402","10"
"DL-128652","10"
"DL-133301","10"
"NG-184301","10"
"NS-186402","10"
"NR-185501","10"
"TG-216403","10"
"DM-130151","10"
"DM-130152","10"
"AH-100754","10"
"DP-130002","10"
"JC-161052","10"
"TS-213403","10"
"NM-185204","10"
"GZ-144703","10"
"JP-161352","10"
"KN-164501","10"
"TB-213553","10"
"AO-108102","10"
"TB-211753","10"
"MB-173052","10"
"AT-107354","10"
"TB-210553","10"
"MB-173054","10"
"JF-151901","10"
"AB-101053","10"
"AB-101054","10"
"TB-112502","10"
"MB-180853","10"
"MC-174251","10"
"BD-116352","10"
"BD-117253","10"
"MC-175753","10"
"SV-209351","10"
"SV-203654","10"
"WB-218501","10"
"BE-114101","10"
"VW-217754","10"
"ST-205303","10"
"ST-205302","10"
"SS-205901","10"
"SS-204103","10"
"GM-145004","10"
"MC-176351","10"
"BF-112151","10"
"MC-178451","10"
"BF-112752","10"
"SP-208604","10"
"BG-110353","10"
"AM-107051","10"
"MC-181004","10"
"JB-160002","10"
"HW-149351","10"
"ME-173202","10"
"BM-117854","10"
"GH-144103","10"
"ME-173204","10"
"BN-114701","10"
"GG-146502","10"
"JH-154301","10"
"VM-216853","10"
"MF-176652","10"
"AP-109154","10"
"TH-215503","10"
"SH-203954","10"
"LO-171702","10"
"SH-203951","10"
"JH-161801","10"
"SG-206051","10"
"FO-143054","10"
"BT-114853","10"
"BT-116801","10"
"MG-182053","10"
"SD-204852","10"
"BV-112452","10"
"SC-208002","10"
"FM-142154","10"
"SC-207701","10"
"BW-111102","10"
"KH-163603","10"
"BW-112003","10"
"SC-207252","10"
"SC-206954","10"
"HM-149801","10"
"HM-148604","10"
"FH-142754","10"
"SC-205753","10"
"TM-210102","10"
"CB-120254","10"
"CC-124304","10"
"AB-100603","10"
"MK-179053","10"
"SC-202301","10"
"SC-200203","10"
"AS-100903","10"
"KD-164952","10"
"SA-208304","10"
"TM-214901","10"
"AF-108851","10"
"KD-164951","10"
"EP-139151","10"
"ML-182651","10"
"MM-172601","10"
"RR-193151","10"
"MM-179203","10"
"MM-180552","10"
"JD-161503","10"
"JK-157304","10"
"JK-160901","10"
"TB-216251","10"
"RO-197801","10"
"JK-161204","10"
"EM-139602","10"
"HJ-148752","10"
"AI-108554","10"
"KC-162553","10"
"MP-179653","10"
"JB-154004","10"
"RH-194953","10"
"TP-211301","10"
"JL-151303","10"
"RE-194051","10"
"RD-199303","10"
"MS-173654","10"
"TT-214603","10"
"RD-198101","10"
"RD-197204","10"
"JL-151753","10"
"KW-164352","10"
"RD-195854","10"
"AS-102251","10"
"AG-103303","10"
"RD-194803","10"
"KT-164804","10"
"CR-127301","10"
"EH-141254","10"
"EH-139453","10"
"TP-215652","10"
"RB-195702","10"
"RB-194653","10"
"LH-169001","9"
"PG-188954","9"
"AS-102851","9"
"AB-106001","9"
"CC-123702","9"
"SC-203052","9"
"JW-160751","9"
"CC-124301","9"
"SH-206353","9"
"CC-124303","9"
"MD-178602","9"
"CC-124751","9"
"PF-191652","9"
"GR-145601","9"
"CC-124754","9"
"PC-190001","9"
"MP-181754","9"
"EH-140051","9"
"MG-178751","9"
"BS-116652","9"
"TT-214602","9"
"BF-109751","9"
"GP-147402","9"
"CC-126701","9"
"SC-202601","9"
"AM-103603","9"
"BS-117553","9"
"GH-144852","9"
"TC-209803","9"
"DB-136152","9"
"TS-214301","9"
"SC-200954","9"
"SC-200952","9"
"PH-187901","9"
"SC-200504","9"
"EA-140353","9"
"HZ-149501","9"
"SC-200501","9"
"RD-195852","9"
"ES-140804","9"
"BF-110051","9"
"AB-100151","9"
"AJ-109451","9"
"MV-174854","9"
"MC-172752","9"
"MV-174852","9"
"SB-201853","9"
"TT-210701","9"
"AS-100904","9"
"RB-194651","9"
"BM-115751","9"
"SA-208301","9"
"AF-108703","9"
"CD-119202","9"
"SG-206053","9"
"AA-106453","9"
"ES-140201","9"
"RD-199004","9"
"GH-144251","9"
"GH-144104","9"
"LA-167802","9"
"ML-173954","9"
"CD-122803","9"
"AB-102554","9"
"DK-129853","9"
"AH-106902","9"
"BD-17252","9"
"CS-121301","9"
"RW-196304","9"
"TC-211453","9"
"TG-216401","9"
"JK-156253","9"
"BF-110801","9"
"BE-113351","9"
"NB-186554","9"
"DJ-136302","9"
"SR-207401","9"
"BC-111254","9"
"JK-156403","9"
"RS-194202","9"
"PV-189851","9"
"KA-165252","9"
"EH-141851","9"
"JK-156404","9"
"MG-178902","9"
"RR-195253","9"
"ML-182652","9"
"AB-100601","9"
"AA-103754","9"
"CV-128054","9"
"CH-120702","9"
"BT-114852","9"
"RP-198552","9"
"TP-211304","9"
"SF-209654","9"
"TT-210702","9"
"MP-179654","9"
"EL-137353","9"
"RP-193903","9"
"MT-178151","9"
"TB-216254","9"
"KT-164651","9"
"MC-175751","9"
"SF-202004","9"
"ME-177251","9"
"PW-190301","9"
"TG-213101","9"
"TC-214751","9"
"JK-157303","9"
"MG-178904","9"
"BN-114703","9"
"LB-167951","9"
"MM-182804","9"
"CK-123253","9"
"TZ-214451","9"
"TS-210853","9"
"EB-137054","9"
"JK-160903","9"
"CT-119952","9"
"MY-173802","9"
"BN-115153","9"
"AP-109151","9"
"CK-127604","9"
"CR-128203","9"
"LH-169004","9"
"EH-139901","9"
"KB-163154","9"
"RM-197503","9"
"EM-141403","9"
"GG-146504","9"
"SD-204854","9"
"QJ-192554","9"
"EM-141401","9"
"HG-150251","9"
"SD-204851","9"
"PR-188802","9"
"CL-125652","9"
"MP-174703","9"
"MS-177703","9"
"CL-127001","9"
"RF-198403","9"
"DL-133152","9"
"FM-143804","9"
"MC-178453","9"
"CL-127003","9"
"DL-133302","9"
"DR-128803","9"
"AG-102703","9"
"AH-100751","9"
"SC-207703","9"
"FM-142904","9"
"EB-139751","9"
"AH-105851","9"
"LH-171554","9"
"NZ-185654","9"
"AH-100752","9"
"TS-216103","9"
"JC-157754","9"
"AS-102402","9"
"BF-112753","9"
"NH-186101","9"
"LC-171404","9"
"GM-144401","9"
"KD-162701","9"
"AH-101952","9"
"DR-128804","9"
"DP-133904","9"
"DH-130753","9"
"DC-128504","9"
"RA-192854","9"
"BW-112001","9"
"DM-129552","9"
"DM-129553","9"
"TC-214754","9"
"PL-189251","9"
"SL-201552","9"
"DL-128653","9"
"RD-197202","9"
"JO-151454","9"
"LS-172301","9"
"Dp-132403","9"
"KH-166304","9"
"DP-131652","9"
"CA-119652","9"
"TD-209954","9"
"DP-131053","9"
"NL-183101","9"
"MZ-173353","9"
"BE-114551","9"
"DP-130004","9"
"KC-165403","9"
"DK-129852","9"
"ON-187154","9"
"DO-134354","9"
"HM-149802","9"
"AR-103452","9"
"NM-184453","9"
"LS-169754","9"
"CA-122651","9"
"GK-146204","9"
"TM-214902","9"
"AG-103302","9"
"CA-122654","9"
"GZ-144704","9"
"SP-206504","9"
"BG-110351","9"
"AH-102104","9"
"TB-215204","9"
"JS-59403","9"
"JP-161354","9"
"LA-67802","9"
"PM-189403","9"
"LD-168552","9"
"GD-145902","9"
"PM-191352","9"
"GD-145901","9"
"IM-150702","9"
"WB-218503","9"
"MS-178303","9"
"GP-147403","9"
"TS-213702","9"
"LW-171252","9"
"KN-163904","9"
"TB-214003","9"
"AR-103451","9"
"JH-158201","9"
"SC-206802","9"
"KN-163901","9"
"GW-146051","9"
"MH-181151","9"
"SC-206801","9"
"TB-215951","9"
"SC-205752","9"
"TB-212502","9"
"SC-205751","9"
"JH-158202","9"
"AA-106452","9"
"BP-111854","9"
"RH-195552","9"
"JD-158953","9"
"LD-170051","9"
"MC-181002","9"
"MH-181154","9"
"MS-177704","9"
"RA-199154","9"
"AC-104203","9"
"LE-168101","9"
"PN-187751","9"
"AW-108403","9"
"BP-112903","9"
"CS-124004","9"
"AB-102553","9"
"SV-208153","9"
"SJ-202153","9"
"SC-203804","9"
"JC-153401","9"
"BD-116201","9"
"MB-180852","9"
"SC-203802","9"
"SJ-202151","9"
"TA-213852","9"
"AB-101503","9"
"SV-207854","9"
"DK-132254","9"
"TS-213401","9"
"CC-121003","9"
"MJ-177401","9"
"TH-211001","9"
"MD-178601","9"
"DS-131804","9"
"ND-183704","9"
"SJ-201252","9"
"BB-109903","9"
"SP-206204","9"
"SW-207552","9"
"PO-191804","9"
"MC-172751","9"
"BB-115454","9"
"TS-212052","9"
"AG-104954","8"
"RP-198554","8"
"LC-171403","8"
"AF-108853","8"
"CS-122502","8"
"JC-157752","8"
"AB-100604","8"
"CJ-120103","8"
"CJ-120104","8"
"JK-157301","8"
"MM-180554","8"
"PW-190302","8"
"EH-141252","8"
"CT-119954","8"
"CR-128202","8"
"CK-125952","8"
"KD-162703","8"
"KB-162402","8"
"RC-198253","8"
"MO-178004","8"
"EM-142003","8"
"JD-161504","8"
"HF-149952","8"
"KB-163151","8"
"RM-196752","8"
"MO-179502","8"
"RA-192852","8"
"CL-127002","8"
"NF-184752","8"
"DL-133154","8"
"JS-156853","8"
"DL-134952","8"
"TW-210252","8"
"DL-134954","8"
"Dl-136001","8"
"NG-184302","8"
"NZ-185651","8"
"LC-169602","8"
"NW-184001","8"
"DL-129253","8"
"NS-186403","8"
"LW-69902","8"
"DL-128654","8"
"RM-193751","8"
"JE-157453","8"
"RL-196154","8"
"KC-166752","8"
"JR-157003","8"
"DM-133452","8"
"DM-133454","8"
"NP-187002","8"
"DP-131054","8"
"LW-172151","8"
"JB-154003","8"
"NP-186702","8"
"RH-196002","8"
"OT-187302","8"
"DO-134351","8"
"GZ-145451","8"
"NM-185201","8"
"JA-159702","8"
"JL-158351","8"
"JR-156702","8"
"DR-129404","8"
"JP-54603","8"
"EH-141251","8"
"OT-187303","8"
"GZ-144702","8"
"KN-167054","8"
"GZ-144701","8"
"JP-155203","8"
"TB-215202","8"
"RA-199153","8"
"PB-191502","8"
"DK-28352","8"
"PB-191504","8"
"AS-6301","8"
"TB-212503","8"
"EM-138254","8"
"RB-197954","8"
"AT-104353","8"
"MA-79951","8"
"AT-107352","8"
"EM-138103","8"
"KM-167204","8"
"AT-4352","8"
"LS-172001","8"
"TN-210403","8"
"DK-133754","8"
"TB-210551","8"
"CM-121601","8"
"WB-218502","8"
"AH-100302","8"
"LB-167954","8"
"LB-167953","8"
"KC-162551","8"
"HH-150103","8"
"GT-147552","8"
"DK-132251","8"
"GT-146352","8"
"PB-192101","8"
"DK-131501","8"
"ND-183703","8"
"JF-152952","8"
"SW-207551","8"
"SC-202302","8"
"SW-204552","8"
"SW-203502","8"
"DV-130453","8"
"MC-172753","8"
"AB-101654","8"
"BD-113202","8"
"BD-115002","8"
"JF-153552","8"
"MC-172754","8"
"KM-163754","8"
"LD-170052","8"
"DK-128353","8"
"IL-151003","8"
"TH-211002","8"
"LE-168102","8"
"HH-150101","8"
"JF-154901","8"
"SV-209354","8"
"BD-117251","8"
"TH-211151","8"
"CM-121903","8"
"BD-117703","8"
"MC-175754","8"
"EH-140053","8"
"IG-150852","8"
"HA-149201","8"
"AR-108254","8"
"PF-191201","8"
"PF-191202","8"
"PF-191203","8"
"KM-163753","8"
"DJ-135104","8"
"RB-197951","8"
"JF-155654","8"
"BE-114103","8"
"KM-163752","8"
"JW-159551","8"
"MC-176053","8"
"TH-212352","8"
"LF-171852","8"
"RH-194951","8"
"MC-176054","8"
"GM-146803","8"
"RB-196453","8"
"AM-107054","8"
"RF-198404","8"
"ED-138852","8"
"SS-201404","8"
"SS-201403","8"
"KM-162251","8"
"PF-191653","8"
"SR-207404","8"
"BF-110202","8"
"VT-217002","8"
"BF-110204","8"
"SR-207403","8"
"SR-207402","8"
"BF-111702","8"
"BF-111703","8"
"JW-159552","8"
"RB-193301","8"
"DW-135852","8"
"MP-181752","8"
"SP-208603","8"
"MC-181001","8"
"AB-100153","8"
"KB-166001","8"
"BG-110354","8"
"TT-212204","8"
"RB-193601","8"
"JM-161951","8"
"PG-188203","8"
"HW-149354","8"
"KL-165554","8"
"PG-188951","8"
"SP-206201","8"
"DF-131351","8"
"BH-117104","8"
"GH-146652","8"
"EJ-137203","8"
"BK-112602","8"
"MY-182952","8"
"JD-157901","8"
"LS-172453","8"
"SO-203353","8"
"DE-132553","8"
"LB-167352","8"
"JG-151601","8"
"JD-157903","8"
"JG-151603","8"
"PH-187903","8"
"PJ-188354","8"
"TS-216102","8"
"VP-217303","8"
"RF-197351","8"
"JG-153101","8"
"RF-193454","8"
"EB-137051","8"
"AR-5102","8"
"AG-103003","8"
"CM-18302","8"
"ME-177253","8"
"AS-102853","8"
"PK-189103","8"
"LC-168851","8"
"BO-113501","8"
"LL-168402","8"
"BO-114252","8"
"ME-177254","8"
"MR-175451","8"
"SK-199903","8"
"AM-103601","8"
"RF-193451","8"
"LO-171701","8"
"HA-149204","8"
"KB-164053","8"
"SJ-205001","8"
"BP-110952","8"
"BP-110953","8"
"JL-151302","8"
"KH-166302","8"
"HP-148153","8"
"TH-212354","8"
"BP-112901","8"
"PN-187754","8"
"PO-188501","8"
"SJ-202152","8"
"MF-182501","8"
"PO-188651","8"
"JM-156552","8"
"JH-159102","8"
"PP-189551","8"
"GA-145154","8"
"BS-113803","8"
"YS-218803","8"
"MW-182351","8"
"GA-145153","8"
"SH-206352","8"
"BS-116653","8"
"MR-175452","8"
"EB-139301","8"
"LW-168251","8"
"ED-138853","8"
"LC-169304","8"
"BS-118003","8"
"SH-203952","8"
"AG-103903","8"
"JM-155801","8"
"LP-170803","8"
"SG-208901","8"
"MG-178753","8"
"YS-218804","8"
"SG-204704","8"
"TS-216552","8"
"SG-204703","8"
"MG-178901","8"
"BT-113052","8"
"BT-113053","8"
"FP-143204","8"
"BT-113951","8"
"BT-113952","8"
"FP-143203","8"
"DB-135551","8"
"AC-106153","8"
"FP-143201","8"
"ED-138854","8"
"BT-114851","8"
"PR-188801","8"
"JA-159704","8"
"RD-198104","8"
"AA-6451","8"
"SF-202001","8"
"DB-134051","8"
"AS-102403","8"
"DB-133602","8"
"DB-133601","8"
"JC-153852","8"
"DB-132704","8"
"KH-165101","8"
"EH-139454","8"
"MH-172902","8"
"LP-170951","8"
"DB-132701","8"
"Co-126401","8"
"TP-214151","8"
"FH-43652","8"
"MS-175303","8"
"VG-217903","8"
"BW-111104","8"
"AP-107204","8"
"TC-212954","8"
"MH-174401","8"
"EH-37651","8"
"KH-163601","8"
"KH-163304","8"
"MH-174402","8"
"VG-217901","8"
"PS-187601","8"
"VF-217151","8"
"MH-174552","8"
"MH-174554","8"
"LC-171402","8"
"FH-143654","8"
"FH-143652","8"
"FH-143502","8"
"CA-127753","8"
"EH-137651","8"
"LT-171104","8"
"CP-120854","8"
"MH-180252","8"
"PS-187603","8"
"AD-101801","8"
"TP-215653","8"
"CP-123403","8"
"DB-130602","8"
"CB-124153","8"
"CB-124154","8"
"SC-204403","8"
"CB-125352","8"
"CB-125353","8"
"CB-125354","8"
"AD-101804","8"
"KE-164204","8"
"AG-109002","8"
"MV-181901","8"
"JJ-157601","8"
"DB-129104","8"
"AG-109001","8"
"LR-169152","8"
"PS-189704","8"
"KD-166153","8"
"LC-168704","8"
"CC-122203","8"
"LT-171101","8"
"DA-134503","8"
"MK-179051","8"
"CP-123404","8"
"PS-190453","8"
"TP-215651","8"
"FC-142451","8"
"CC-125502","8"
"CC-125503","8"
"SC-202604","8"
"JM-152501","8"
"CC-126102","8"
"AG-105252","8"
"LR-170353","8"
"CC-126703","8"
"JK-152053","8"
"TM-210104","8"
"AS-100902","8"
"JB-160003","8"
"EH-141853","8"
"CY-127454","8"
"CY-127452","8"
"MK-179054","8"
"RB-194354","8"
"CY-127451","8"
"CR-125801","8"
"SA-208303","8"
"CD-119203","8"
"JK-153702","8"
"HK-148904","8"
"JK-153704","8"
"RD-194804","8"
"CW-119052","8"
"ML-174103","8"
"RW-196901","8"
"RW-196303","8"
"CS-124902","8"
"RW-195401","8"
"JB-159251","8"
"HK-148902","8"
"RS-197654","8"
"RS-197653","8"
"PT-190903","8"
"CS-124901","8"
"RB-195703","8"
"CS-119502","7"
"AR-104052","7"
"JC-161053","7"
"AR-105102","7"
"JD-158951","7"
"TC-214753","7"
"JD-160153","7"
"JD-160602","7"
"JD-160603","7"
"KT-164654","7"
"AR-105701","7"
"JE-156104","7"
"JE-157451","7"
"JE-157452","7"
"JE-161651","7"
"KS-163002","7"
"KN-164502","7"
"JF-151902","7"
"KM-167203","7"
"JF-151904","7"
"KM-166602","7"
"JF-152953","7"
"KL-166452","7"
"KL-165552","7"
"KH-63302","7"
"JG-151153","7"
"KH-166904","7"
"TC-209802","7"
"TC-209801","7"
"KH-166903","7"
"TC-111452","7"
"JH-158203","7"
"JH-159104","7"
"KH-165104","7"
"JH-54301","7"
"KH-165102","7"
"AA-103152","7"
"KF-162854","7"
"AS-100454","7"
"KD-166152","7"
"JK-153253","7"
"JK-156251","7"
"JK-156254","7"
"JK-157302","7"
"TB-215953","7"
"KD-162702","7"
"KC-166753","7"
"KB-166004","7"
"JL-152351","7"
"JL-152352","7"
"AS-102253","7"
"AS-102401","7"
"JL-51303","7"
"KB-163152","7"
"KB-162404","7"
"KB-162403","7"
"KA-165254","7"
"KA-165253","7"
"JW-160752","7"
"JM-152653","7"
"JM-155351","7"
"JW-159554","7"
"JM-155354","7"
"AS-102404","7"
"AS-102852","7"
"JM-158654","7"
"JW-159553","7"
"JS-160302","7"
"JS-156852","7"
"JS-156851","7"
"JR-162102","7"
"JO-151452","7"
"JO-152801","7"
"JO-152803","7"
"AB-101051","7"
"AS-106304","7"
"JP-154602","7"
"JP-154604","7"
"JP-155204","7"
"JP-155202","7"
"TB-214004","7"
"TB-214001","7"
"AS-2851","7"
"TB-212504","7"
"AT-107353","7"
"TB-211751","7"
"AW-108401","7"
"AW-109304","7"
"AW-8401","7"
"TB-115202","7"
"TB-114002","7"
"BB-115452","7"
"SW-204554","7"
"AA-103753","7"
"BD-113203","7"
"BD-115003","7"
"BD-115602","7"
"SW-202454","7"
"SW-202452","7"
"BD-116054","7"
"BD-116202","7"
"BD-116351","7"
"AB-102551","7"
"BD-117702","7"
"SV-208151","7"
"SV-207851","7"
"BD-16202","7"
"SV-203653","7"
"SU-206654","7"
"BE-114102","7"
"BE-114552","7"
"ST-205304","7"
"BF-109754","7"
"BF-110052","7"
"SS-104103","7"
"BF-112152","7"
"VP-217604","7"
"VP-217603","7"
"BG-117402","7"
"VP-217602","7"
"SP-206203","7"
"SP-206202","7"
"BH-17102","7"
"BK-112601","7"
"VP-217601","7"
"BM-111401","7"
"SO-203351","7"
"SN-207104","7"
"BM-116502","7"
"SN-207103","7"
"BM-117852","7"
"VP-217302","7"
"SN-205603","7"
"BM-17851","7"
"VM-218352","7"
"SM-209503","7"
"SM-209052","7"
"SM-209051","7"
"SM-203202","7"
"SM-200052","7"
"VM-218351","7"
"BO-114251","7"
"SM-109502","7"
"SL-201554","7"
"SL-101551","7"
"VM-216854","7"
"SJ-205002","7"
"BP-110502","7"
"BP-111552","7"
"ZD-219252","7"
"BP-111852","7"
"BP-111853","7"
"BP-112301","7"
"AC-104202","7"
"BP-112904","7"
"AA-104802","7"
"VG-218051","7"
"BS-115901","7"
"BS-117551","7"
"BS-117554","7"
"AC-104504","7"
"SH-199751","7"
"SG-206052","7"
"BT-115302","7"
"BT-115303","7"
"BT-116804","7"
"SF-200654","7"
"SE-201103","7"
"SE-201101","7"
"SC-207704","7"
"SC-207253","7"
"CA-119651","7"
"SC-206953","7"
"CA-120552","7"
"VF-217153","7"
"CA-122653","7"
"CA-123102","7"
"VD-116702","7"
"CA-127754","7"
"SC-206803","7"
"SC-204404","7"
"SC-204401","7"
"SC-203803","7"
"CC-121002","7"
"CC-121451","7"
"CC-121452","7"
"SC-203054","7"
"CC-121454","7"
"VB-217451","7"
"CC-122202","7"
"TZ-215803","7"
"CC-124753","7"
"CC-126104","7"
"CC-126704","7"
"CC-126852","7"
"SC-200503","7"
"SC-200202","7"
"SB-202904","7"
"SB-202903","7"
"SB-201701","7"
"AF-108704","7"
"CD-119802","7"
"CD-119803","7"
"CD-122801","7"
"RW-195404","7"
"RW-195402","7"
"RS-198703","7"
"RS-198702","7"
"CG-120401","7"
"RS-194203","7"
"RS-194201","7"
"RP-193901","7"
"RO-97801","7"
"CK-122052","7"
"CK-122053","7"
"CK-123251","7"
"CK-125951","7"
"CK-125953","7"
"RO-197804","7"
"CK-127603","7"
"RO-197802","7"
"TW-210254","7"
"CK-27602","7"
"CL-118901","7"
"TW-210251","7"
"RM-193752","7"
"RL-196153","7"
"RH-196003","7"
"CM-118152","7"
"CM-118301","7"
"CM-121151","7"
"RH-195103","7"
"RH-195101","7"
"CM-121602","7"
"AG-102701","7"
"TT-214604","7"
"CM-122351","7"
"RF-198402","7"
"AG-103002","7"
"RF-198401","7"
"RF-197354","7"
"RE-94502","7"
"RE-194501","7"
"RE-194053","7"
"CM-26552","7"
"RD-198103","7"
"ZC-219101","7"
"CP-120853","7"
"CP-123401","7"
"CP-123402","7"
"RD-196601","7"
"RD-195851","7"
"CR-126253","7"
"RD-194802","7"
"CR-127303","7"
"RC-199602","7"
"RC-198252","7"
"RB-97051","7"
"CS-118603","7"
"CS-119503","7"
"CS-124601","7"
"CS-124602","7"
"CS-124603","7"
"TT-210704","7"
"RA-92851","7"
"RA-199453","7"
"RA-199452","7"
"RA-198854","7"
"RA-198852","7"
"AG-106752","7"
"QJ-192553","7"
"PW-192404","7"
"PW-192403","7"
"AG-106754","7"
"PV-189853","7"
"PV-189852","7"
"PT-190902","7"
"CY-127453","7"
"PS-190454","7"
"DA-134502","7"
"PS-190451","7"
"PS-189703","7"
"DB-130601","7"
"DB-130604","7"
"PR-188803","7"
"DB-131204","7"
"DB-132101","7"
"DB-133603","7"
"DB-134052","7"
"DB-134053","7"
"DB-135554","7"
"DB-136153","7"
"DB-136154","7"
"DB-136604","7"
"PO-191951","7"
"PO-191801","7"
"PO-188654","7"
"TS-216104","7"
"PM-189402","7"
"DC-128501","7"
"PJ-190154","7"
"PG-188952","7"
"DG-133003","7"
"TS-215053","7"
"DH-136753","7"
"DJ-134201","7"
"DJ-135102","7"
"PC-187451","7"
"PB-91502","7"
"PB-192103","7"
"DK-128351","7"
"DK-128953","7"
"DK-130904","7"
"DK-133753","7"
"PA-190603","7"
"AH-100304","7"
"DL-128651","7"
"ON-187151","7"
"NW-184004","7"
"NW-184003","7"
"NR-185503","7"
"DM-129551","7"
"DM-129554","7"
"NP-187004","7"
"DM-130154","7"
"DM-133451","7"
"NP-183252","7"
"DN-136904","7"
"NM-184454","7"
"DO-136454","7"
"DP-130001","7"
"AH-101204","7"
"DP-131651","7"
"DP-131653","7"
"NK-184904","7"
"DP-133901","7"
"NH-186104","7"
"NG-183553","7"
"NF-83851","7"
"NF-185954","7"
"NF-185953","7"
"DR-128801","7"
"DR-128802","7"
"DR-129402","7"
"DR-129403","7"
"TS-213402","7"
"NF-183854","7"
"DV-134653","7"
"NC-185354","7"
"NC-185352","7"
"DW-134801","7"
"DW-134803","7"
"TS-212054","7"
"AH-104653","7"
"DW-135854","7"
"MZ-173352","7"
"MY-173804","7"
"EB-137053","7"
"MY-173801","7"
"MW-182353","7"
"MW-182352","7"
"MW-182204","7"
"MV-181904","7"
"MT-180702","7"
"MT-178152","7"
"MS-75302","7"
"EC-140501","7"
"MS-178302","7"
"ED-138851","7"
"MS-177701","7"
"EG-139002","7"
"TR-213251","7"
"MS-177103","7"
"EH-139903","7"
"MS-177101","7"
"EH-140054","7"
"MS-175301","7"
"MS-173651","7"
"EH-41251","7"
"AH-5852","7"
"EJ-141551","7"
"TP-211302","7"
"MP-179651","7"
"MP-174704","7"
"TN-210404","7"
"AI-108552","7"
"TN-210402","7"
"EM-138253","7"
"TN-210401","7"
"EM-142001","7"
"XP-218651","7"
"MO-178003","7"
"MO-178001","7"
"MM-82802","7"
"AJ-107802","7"
"MM-179202","7"
"MM-172602","7"
"AJ-107804","7"
"ML-177554","7"
"ER-138553","7"
"ES-140203","7"
"AJ-107954","7"
"AJ-109452","7"
"ML-173953","7"
"MK-81603","7"
"MK-181601","7"
"AJ-109454","7"
"FA-142304","7"
"MJ-177404","7"
"FC-142454","7"
"FC-143354","7"
"MH-77851","7"
"FG-142604","7"
"MH-177854","7"
"MH-177853","7"
"MH-177851","7"
"AJ-7801","7"
"MH-176202","7"
"FH-143651","7"
"FH-143653","7"
"FM-142151","7"
"FM-142152","7"
"FM-142153","7"
"FM-142901","7"
"TH-215504","7"
"MH-172903","7"
"MG-182051","7"
"FO-143051","7"
"FO-143053","7"
"FO-43052","7"
"GA-147251","7"
"MG-176504","7"
"GB-145301","7"
"GB-145752","7"
"GB-145753","7"
"MF-176653","7"
"MF-176651","7"
"GD-145903","7"
"GH-144253","7"
"GH-44251","7"
"MD-173504","7"
"AM-107052","7"
"MC-178454","7"
"GM-144404","7"
"MC-176352","7"
"GM-145003","7"
"GM-146953","7"
"MC-175902","7"
"GR-145603","7"
"MB-180854","7"
"GT-147101","7"
"GT-147551","7"
"GW-146054","7"
"GZ-145453","7"
"LW-172154","7"
"HA-149054","7"
"LW-169902","7"
"LT-171102","7"
"HD-147851","7"
"TG-213103","7"
"AP-107201","7"
"HF-149953","7"
"HF-149954","7"
"HG-150253","7"
"HG-150254","7"
"LS-172451","7"
"LS-172003","7"
"LR-170352","7"
"LR-169153","7"
"AP-109153","7"
"LP-170954","7"
"LP-170953","7"
"LP-170802","7"
"HP-148154","7"
"LM-170651","7"
"LL-168403","7"
"HR-148304","7"
"LH-170203","7"
"LH-169003","7"
"LF-171854","7"
"TC-215354","7"
"IG-150851","7"
"IL-151004","7"
"IM-150552","7"
"IM-150704","7"
"LD-168551","7"
"LC-68851","7"
"LC-170503","7"
"JB-160001","7"
"JB-160004","7"
"JB-160453","7"
"TC-215351","7"
"LC-169302","7"
"LC-169301","7"
"TS-113702","6"
"MS-178301","6"
"RA-92853","6"
"KB-165851","6"
"RA-99451","6"
"CS-125054","6"
"CS-125053","6"
"RB-193602","6"
"RB-193604","6"
"TR-213252","6"
"JC-157751","6"
"LS-172303","6"
"AH-1953","6"
"LS-172302","6"
"EG-39001","6"
"RB-194351","6"
"TT-212651","6"
"AG-104951","6"
"MS-177104","6"
"JB-60452","6"
"CS-119501","6"
"KB-166003","6"
"CS-118604","6"
"CS-118602","6"
"RB-196452","6"
"MS-177102","6"
"KB-63152","6"
"EH-139904","6"
"TT-214601","6"
"HH-150102","6"
"CR-27301","6"
"KB-66001","6"
"AA-3152","6"
"RC-198254","6"
"TP-214153","6"
"RC-199604","6"
"CR-126252","6"
"EH-141852","6"
"CP-20853","6"
"EH-141854","6"
"RD-197201","6"
"Co-126403","6"
"MS-175302","6"
"LS-172004","6"
"Co-126402","6"
"RD-199001","6"
"RD-199301","6"
"RD-95851","6"
"JE-161652","6"
"KC-162554","6"
"EH-41252","6"
"KC-165401","6"
"RD-99301","6"
"EJ-137201","6"
"RF-193453","6"
"CM-127153","6"
"CM-127152","6"
"KC-165402","6"
"EJ-141552","6"
"CM-126554","6"
"JK-56251","6"
"AH-751","6"
"MP-181753","6"
"AA-106454","6"
"CM-124451","6"
"EK-137951","6"
"CM-123853","6"
"CM-122352","6"
"CM-121904","6"
"CM-121902","6"
"JK-161201","6"
"EL-137351","6"
"EL-137352","6"
"CM-121604","6"
"LS-169753","6"
"EL-37351","6"
"LS-169454","6"
"TW-110252","6"
"AP-109152","6"
"RH-195104","6"
"KD-163454","6"
"CM-119352","6"
"EM-138252","6"
"HK-148903","6"
"CM-119351","6"
"CM-118303","6"
"CM-118154","6"
"EM-139603","6"
"JK-153703","6"
"CM-118153","6"
"CL-125653","6"
"EM-140653","6"
"MP-174702","6"
"MP-174701","6"
"EM-140952","6"
"MO-78001","6"
"RM-193754","6"
"CL-118902","6"
"EM-141402","6"
"RM-197501","6"
"EM-141404","6"
"LR-70351","6"
"JK-152052","6"
"RM-96753","6"
"RM-97502","6"
"KS-163003","6"
"HL-150401","6"
"CK-127602","6"
"MN-179354","6"
"MN-179353","6"
"LR-170351","6"
"MM-80552","6"
"CK-123252","6"
"MM-182803","6"
"RP-192702","6"
"CJ-120102","6"
"RP-193902","6"
"CJ-118752","6"
"LR-169154","6"
"HL-150404","6"
"AR-105703","6"
"RR-195251","6"
"RR-195252","6"
"AJ-107803","6"
"KE-164203","6"
"EN-137803","6"
"RR-195254","6"
"ML-180402","6"
"TB-216252","6"
"CG-125202","6"
"AJ-107951","6"
"ML-177552","6"
"CG-125201","6"
"CG-120404","6"
"ML-174104","6"
"AJ-107952","6"
"RW-196902","6"
"JJ-154451","6"
"RW-196903","6"
"CD-122802","6"
"RW-96902","6"
"CD-119801","6"
"SB-201854","6"
"LC-68702","6"
"KF-162852","6"
"SC-102602","6"
"KF-62852","6"
"AJ-109453","6"
"CC-23702","6"
"TB-216253","6"
"HM-149803","6"
"JE-154754","6"
"ES-40801","6"
"AF-108702","6"
"JE-154752","6"
"SC-200951","6"
"CC-126851","6"
"KH-163604","6"
"AJ-109602","6"
"SC-202603","6"
"CC-125501","6"
"SC-203051","6"
"JH-159854","6"
"AR-105404","6"
"FC-143351","6"
"MJ-177403","6"
"FC-143353","6"
"JH-159852","6"
"CC-121004","6"
"AR-5702","6"
"MH-74552","6"
"CB-124152","6"
"AD-101803","6"
"CA-22652","6"
"SC-206804","6"
"JH-158204","6"
"JD-60601","6"
"TC-109802","6"
"TM-210101","6"
"KW-165702","6"
"FH-142752","6"
"LL-168404","6"
"VB-217454","6"
"MH-176203","6"
"CA-127752","6"
"TM-114902","6"
"KH-166303","6"
"JD-161502","6"
"SC-206952","6"
"TD-209952","6"
"VD-216701","6"
"VD-216704","6"
"CA-122652","6"
"MH-174551","6"
"CA-119654","6"
"BW-112004","6"
"AC-4201","6"
"HR-148301","6"
"JG-51601","6"
"LH-71553","6"
"SC-207702","6"
"JD-160154","6"
"MH-172904","6"
"AC-106603","6"
"AC-106602","6"
"TC-114753","6"
"JG-158054","6"
"SC-208001","6"
"VG-217904","6"
"BT-14852","6"
"BT-14402","6"
"JD-160152","6"
"SF-200652","6"
"BT-13051","6"
"SF-202002","6"
"JG-153104","6"
"BT-115301","6"
"LC-170502","6"
"SG-200801","6"
"BT-114403","6"
"KH-63301","6"
"BT-114402","6"
"BT-113954","6"
"SG-204701","6"
"ZC-219103","6"
"SG-204702","6"
"SG-206054","6"
"FW-143951","6"
"SG-208903","6"
"BS-118002","6"
"BS-117552","6"
"SH-206351","6"
"BS-115904","6"
"MG-176952","6"
"GA-145152","6"
"BS-115902","6"
"BS-113801","6"
"HW-149352","6"
"VG-218053","6"
"MG-176802","6"
"SH-99752","6"
"SJ-101253","6"
"KL-165553","6"
"MF-182503","6"
"AR-3452","6"
"SJ-102153","6"
"BP-11852","6"
"SJ-202154","6"
"AJ-9601","6"
"JF-54151","6"
"TD-209951","6"
"BP-112303","6"
"KM-162254","6"
"BP-111554","6"
"HZ-149502","6"
"ME-77253","6"
"ME-73202","6"
"AB-602","6"
"BP-111551","6"
"JC-161051","6"
"ME-180103","6"
"BP-110503","6"
"ME-180101","6"
"SJ-205003","6"
"SL-101553","6"
"SM-200051","6"
"SM-209502","6"
"SN-205601","6"
"BN-114702","6"
"SN-205602","6"
"SN-205604","6"
"SN-207102","6"
"BM-115754","6"
"BM-115753","6"
"SO-203352","6"
"AR-105103","6"
"SO-203354","6"
"BM-111402","6"
"SP-205451","6"
"BK-112604","6"
"ME-173201","6"
"BK-112603","6"
"SP-205454","6"
"GH-146653","6"
"BH-117102","6"
"SP-206501","6"
"BG-117404","6"
"JF-51902","6"
"LE-68101","6"
"BG-117401","6"
"MD-173501","6"
"BG-116954","6"
"BG-116953","6"
"MC-181003","6"
"SP-206503","6"
"BG-116951","6"
"LB-167952","6"
"BG-110352","6"
"SP-208602","6"
"BF-12752","6"
"JF-154903","6"
"SP-209203","6"
"GM-144402","6"
"SP-209204","6"
"IG-150853","6"
"GM-144551","6"
"SR-204252","6"
"BF-112153","6"
"GM-144554","6"
"LE-168104","6"
"AB-106002","6"
"IG-50851","6"
"SS-204101","6"
"SS-204104","6"
"SS-205152","6"
"SS-205904","6"
"GM-146804","6"
"SS-208751","6"
"SU-206653","6"
"IG-50852","6"
"BE-114554","6"
"SV-108153","6"
"MC-176052","6"
"MC-175904","6"
"SV-207852","6"
"JF-154154","6"
"BD-117704","6"
"AB-102552","6"
"BD-117254","6"
"MC-175752","6"
"BD-117252","6"
"BD-116204","6"
"SW-202451","6"
"SW-202453","6"
"BD-116051","6"
"BD-115603","6"
"BD-115004","6"
"BD-115001","6"
"GR-145602","6"
"IL-151002","6"
"SW-202754","6"
"SW-203501","6"
"BB-115453","6"
"ZD-119252","6"
"AZ-107504","6"
"MB-80852","6"
"JF-154153","6"
"LC-168701","6"
"GT-147102","6"
"GT-147103","6"
"TA-213851","6"
"JF-154152","6"
"AY-5552","6"
"TA-213853","6"
"AB-101502","6"
"AB-101052","6"
"TB-210552","6"
"TB-211752","6"
"AT-104354","6"
"MA-179954","6"
"MA-179953","6"
"AT-104351","6"
"AS-2852","6"
"GW-146052","6"
"MA-179951","6"
"LD-170053","6"
"TH-112352","6"
"TB-212804","6"
"JP-154603","6"
"JP-154601","6"
"AS-106301","6"
"JO-152804","6"
"JR-157001","6"
"AS-102854","6"
"JF-153554","6"
"JS-155952","6"
"LW-68252","6"
"JB-160451","6"
"JS-158801","6"
"JS-158802","6"
"JM-56551","6"
"LW-169904","6"
"HA-149051","6"
"JS-160304","6"
"HA-149053","6"
"JE-61651","6"
"JW-152204","6"
"DN-136903","6"
"DN-136901","6"
"NP-183251","6"
"NP-183253","6"
"DO-136451","6"
"DO-136452","6"
"DO-136453","6"
"HA-149202","6"
"AH-101202","6"
"AH-101203","6"
"NP-183254","6"
"NL-183103","6"
"NL-183102","6"
"LW-169903","6"
"NP-186851","6"
"JM-158651","6"
"NP-186852","6"
"DP-131051","6"
"NP-186854","6"
"NP-187001","6"
"DM-135253","6"
"JE-57452","6"
"DM-135251","6"
"JM-155803","6"
"JM-152652","6"
"Dp-132401","6"
"NK-184903","6"
"NP-187003","6"
"Dl-36001","6"
"KN-163903","6"
"DP-133902","6"
"AH-101951","6"
"NS-185052","6"
"NS-186401","6"
"NK-184902","6"
"TC-212951","6"
"AH-100753","6"
"Dl-136002","6"
"AH-101953","6"
"DL-134953","6"
"HD-147852","6"
"NG-183552","6"
"JM-152504","6"
"JM-152503","6"
"HD-47851","6"
"DL-133153","6"
"JL-158504","6"
"IM-150703","6"
"DL-129254","6"
"ON-187153","6"
"DL-129251","6"
"HE-148002","6"
"JL-158503","6"
"AH-100303","6"
"LT-167652","6"
"NF-184751","6"
"DR-29401","6"
"JL-158502","6"
"DS-130301","6"
"DS-130302","6"
"PA-190604","6"
"PB-188052","6"
"DK-133751","6"
"DK-132253","6"
"DK-132252","6"
"DK-131503","6"
"ND-184604","6"
"ND-184602","6"
"DK-131502","6"
"AH-100301","6"
"DK-130902","6"
"DV-130452","6"
"TS-213701","6"
"TS-213703","6"
"TS-213704","6"
"NC-186252","6"
"JB-160452","6"
"DV-134654","6"
"AG-6751","6"
"DJ-135101","6"
"HF-149951","6"
"KB-164052","6"
"DJ-134203","6"
"NC-184154","6"
"DH-36751","6"
"DW-131954","6"
"KN-64501","6"
"PF-191654","6"
"AR-104051","6"
"AH-104651","6"
"MZ-75151","6"
"LS-72302","6"
"DW-135403","6"
"JL-158353","6"
"DH-30751","6"
"PF-91203","6"
"DH-130754","6"
"JL-155054","6"
"MZ-175154","6"
"MZ-175152","6"
"AG-5251","6"
"AG-4953","6"
"DW-34803","6"
"HG-148452","6"
"MZ-173351","6"
"MY-82951","6"
"DG-133002","6"
"DE-32552","6"
"EA-140351","6"
"MY-182951","6"
"TS-215054","6"
"TS-216101","6"
"HG-148453","6"
"DD-135704","6"
"EB-137052","6"
"JL-155053","6"
"DD-135703","6"
"PJ-190153","6"
"PJ-90152","6"
"AS-102252","6"
"PK-190752","6"
"PK-190753","6"
"AG-3301","6"
"DB-32101","6"
"PO-191953","6"
"JL-151752","6"
"LS-69453","6"
"PP-189552","6"
"PP-189553","6"
"DB-136601","6"
"JL-151751","6"
"TS-216551","6"
"YS-218802","6"
"DB-132702","6"
"EB-139752","6"
"TT-112651","6"
"JL-151304","6"
"AH-106901","6"
"PS-187602","6"
"PS-187604","6"
"EB-141104","6"
"EB-141701","6"
"PS-189701","6"
"DA-134501","6"
"EB-141704","6"
"PT-190901","6"
"CW-119054","6"
"HG-150252","6"
"CW-119051","6"
"AG-107652","6"
"MT-178154","6"
"LC-69301","6"
"CV-122953","6"
"MS-77102","6"
"IM-50702","6"
"TS-211604","6"
"MS-179804","6"
"TT-210703","6"
"TS-211602","6"
"CT-119953","6"
"CS-23552","6"
"MS-179802","6"
"HG-48451","6"
"RA-199151","6"
"LS-172454","6"
"ZD-219254","5"
"AA-103154","5"
"AA-104801","5"
"AB-100602","5"
"AB-101504","5"
"AB-101651","5"
"AB-101653","5"
"AB-2551","5"
"AC-104201","5"
"AC-104501","5"
"AC-106152","5"
"AC-106154","5"
"AC-106604","5"
"AD-101802","5"
"AG-102704","5"
"AG-103001","5"
"AG-103301","5"
"AG-103304","5"
"AG-103904","5"
"AG-105253","5"
"AG-2701","5"
"AH-104654","5"
"AH-105852","5"
"AJ-107801","5"
"AJ-7951","5"
"AJ-7952","5"
"AJ-9451","5"
"AM-103604","5"
"AM-107053","5"
"AR-104054","5"
"AR-105104","5"
"AS-100451","5"
"AS-100901","5"
"AS-102254","5"
"AS-106302","5"
"AW-108402","5"
"AW-109301","5"
"AW-109302","5"
"AW-109303","5"
"AY-105551","5"
"AY-5551","5"
"AZ-7501","5"
"BB-109902","5"
"BB-109904","5"
"BC-111253","5"
"BD-113201","5"
"BD-116353","5"
"BD-117701","5"
"BD-13202","5"
"BD-16352","5"
"BE-113354","5"
"BE-114104","5"
"BE-114553","5"
"BF-10201","5"
"BF-110053","5"
"BF-110203","5"
"BF-110803","5"
"BF-12151","5"
"BF-9751","5"
"BG-117403","5"
"BK-12602","5"
"BM-117853","5"
"BM-15751","5"
"BM-16503","5"
"BN-115152","5"
"BN-115154","5"
"BO-113504","5"
"BP-10502","5"
"BP-110504","5"
"BP-111553","5"
"BP-111851","5"
"BP-112302","5"
"BP-112304","5"
"BP-112902","5"
"BS-113652","5"
"BS-113654","5"
"BS-113804","5"
"BS-118001","5"
"BS-18001","5"
"BT-113054","5"
"BT-114401","5"
"BT-115304","5"
"BV-112454","5"
"BW-110651","5"
"BW-110652","5"
"BW-110653","5"
"BW-11103","5"
"BW-111103","5"
"CA-120551","5"
"CA-120553","5"
"CA-120554","5"
"CA-123101","5"
"CA-123103","5"
"CA-127751","5"
"CA-19652","5"
"CB-120251","5"
"CB-120252","5"
"CB-120253","5"
"CB-20251","5"
"CC-122201","5"
"CC-123704","5"
"CC-124752","5"
"CC-22202","5"
"CD-119201","5"
"CD-119204","5"
"CD-127904","5"
"CH-120701","5"
"CH-20702","5"
"CJ-118753","5"
"CK-123254","5"
"CK-27601","5"
"CL-127004","5"
"CL-18901","5"
"CM-121153","5"
"CM-121603","5"
"CM-121901","5"
"CM-122354","5"
"CM-124452","5"
"CM-126551","5"
"CM-126553","5"
"CM-18301","5"
"CM-26551","5"
"Co-126404","5"
"CP-120852","5"
"CR-125802","5"
"CR-26251","5"
"CR-27302","5"
"CS-118452","5"
"CS-118453","5"
"CS-118454","5"
"CS-121303","5"
"CS-121754","5"
"CS-122501","5"
"CS-122503","5"
"CS-123551","5"
"CS-124002","5"
"CS-124003","5"
"CS-18452","5"
"CS-18602","5"
"CS-24602","5"
"CV-122951","5"
"CV-122954","5"
"CV-128051","5"
"CV-128052","5"
"CV-22952","5"
"CW-119053","5"
"DB-129102","5"
"DB-129703","5"
"DB-132102","5"
"DB-132103","5"
"DB-133604","5"
"DB-135553","5"
"DB-136151","5"
"DB-30602","5"
"DC-132852","5"
"DC-132854","5"
"DD-35701","5"
"DE-132551","5"
"DE-132554","5"
"DG-133004","5"
"DG-33001","5"
"DH-130751","5"
"DH-130752","5"
"DH-36753","5"
"DK-128352","5"
"DK-128951","5"
"DK-128952","5"
"DK-128954","5"
"DK-129854","5"
"DK-130903","5"
"DK-133752","5"
"DK-32251","5"
"DK-33753","5"
"DL-134951","5"
"Dl-136004","5"
"DL-29252","5"
"DM-29553","5"
"DN-136902","5"
"DO-34351","5"
"DO-34352","5"
"DP-130003","5"
"DP-133903","5"
"DP-30001","5"
"DP-31651","5"
"DR-28801","5"
"DS-131802","5"
"DV-130451","5"
"DV-130454","5"
"DV-134651","5"
"DW-134804","5"
"DW-135402","5"
"DW-135404","5"
"EB-137502","5"
"EB-138401","5"
"EB-138403","5"
"EB-138404","5"
"EB-139304","5"
"EB-141101","5"
"EB-37502","5"
"EB-39302","5"
"EB-39752","5"
"EB-41101","5"
"EB-41102","5"
"EC-140504","5"
"ED-38853","5"
"EG-139003","5"
"EG-139004","5"
"EG-39002","5"
"EH-137652","5"
"EH-139451","5"
"EH-141253","5"
"EH-39453","5"
"EH-39901","5"
"EH-41851","5"
"EJ-141553","5"
"EJ-141554","5"
"EJ-37201","5"
"EK-137952","5"
"EL-37352","5"
"EM-138101","5"
"EM-138102","5"
"EM-138104","5"
"EM-138251","5"
"EM-139604","5"
"EM-140651","5"
"EM-142002","5"
"EM-40953","5"
"EN-137801","5"
"EN-137802","5"
"EP-139152","5"
"ER-138551","5"
"ER-38552","5"
"ES-140204","5"
"ES-140801","5"
"ES-140802","5"
"ES-140803","5"
"FA-142301","5"
"FA-142303","5"
"FA-42301","5"
"FG-142601","5"
"FG-42603","5"
"FH-142753","5"
"FH-143503","5"
"FM-143801","5"
"FM-43802","5"
"FP-143202","5"
"FW-143952","5"
"FW-43952","5"
"GB-145751","5"
"GB-145754","5"
"GG-146501","5"
"GH-144851","5"
"GH-144853","5"
"GH-44102","5"
"GK-146201","5"
"GK-146202","5"
"GK-146203","5"
"GM-146802","5"
"GM-146952","5"
"GM-44401","5"
"GM-46802","5"
"GP-147401","5"
"GT-146351","5"
"GT-46351","5"
"GT-47553","5"
"GW-46051","5"
"GZ-145452","5"
"GZ-44703","5"
"HA-149052","5"
"HE-148001","5"
"HE-48002","5"
"HF-49952","5"
"HG-148454","5"
"HG-149652","5"
"HJ-148754","5"
"HK-148901","5"
"HM-148603","5"
"HP-148152","5"
"HR-147702","5"
"HR-147704","5"
"HW-49352","5"
"HZ-149504","5"
"IM-150701","5"
"JA-159703","5"
"JB-159253","5"
"JB-160454","5"
"JB-59252","5"
"JC-153403","5"
"JC-153851","5"
"JC-161054","5"
"JC-53401","5"
"JC-53851","5"
"JC-61052","5"
"JD-157904","5"
"JD-158952","5"
"JD-160151","5"
"JD-60152","5"
"JD-61502","5"
"JE-154751","5"
"JE-154753","5"
"JE-156103","5"
"JE-54752","5"
"JF-152954","5"
"JF-154151","5"
"JF-154902","5"
"JF-155651","5"
"JF-53552","5"
"JF-54152","5"
"JG-151152","5"
"JG-151602","5"
"JG-153102","5"
"JG-153103","5"
"JG-51151","5"
"JG-53101","5"
"JH-154302","5"
"JH-159103","5"
"JH-161803","5"
"JH-59851","5"
"JH-61801","5"
"JJ-154452","5"
"JJ-154454","5"
"JJ-157603","5"
"JK-152051","5"
"JK-152054","5"
"JK-153252","5"
"JK-153701","5"
"JK-156402","5"
"JK-161202","5"
"JK-161203","5"
"JL-151754","5"
"JL-152353","5"
"JL-152354","5"
"JL-155051","5"
"JL-155052","5"
"JL-158352","5"
"JM-152654","5"
"JM-155352","5"
"JM-155802","5"
"JM-155804","5"
"JM-156554","5"
"JM-158653","5"
"JM-61952","5"
"JO-155501","5"
"JO-155503","5"
"JO-155504","5"
"JO-55502","5"
"JP-61352","5"
"JR-156701","5"
"JR-156703","5"
"JR-162101","5"
"JR-162104","5"
"JS-158804","5"
"JS-159402","5"
"JS-159404","5"
"JS-160303","5"
"JW-152203","5"
"JW-160753","5"
"KB-162401","5"
"KB-163153","5"
"KB-165852","5"
"KB-63151","5"
"KC-62552","5"
"KD-162704","5"
"KD-166154","5"
"KF-162853","5"
"KH-65101","5"
"KL-165551","5"
"KL-166451","5"
"KM-166603","5"
"KM-166604","5"
"KM-167202","5"
"KN-163902","5"
"KN-164504","5"
"KS-163001","5"
"KT-164652","5"
"KT-164801","5"
"KT-64801","5"
"KW-164353","5"
"KW-164354","5"
"LB-67952","5"
"LC-168853","5"
"LC-169601","5"
"LC-169603","5"
"LC-170501","5"
"LC-170504","5"
"LC-171401","5"
"LC-70501","5"
"LD-68551","5"
"LF-171851","5"
"LL-168401","5"
"LL-68402","5"
"LM-170654","5"
"LO-171703","5"
"LO-171704","5"
"LP-170801","5"
"LR-169151","5"
"LR-170354","5"
"LS-169452","5"
"LS-169453","5"
"LS-69451","5"
"LW-168252","5"
"LW-168254","5"
"LW-172153","5"
"LW-68251","5"
"LW-71251","5"
"MA-175601","5"
"MC-174254","5"
"MC-178452","5"
"MC-181304","5"
"MC-75752","5"
"MD-178603","5"
"MD-178604","5"
"MD-78601","5"
"MF-176654","5"
"MF-182504","5"
"MF-82502","5"
"MG-176501","5"
"MG-176503","5"
"MG-176803","5"
"MG-176953","5"
"MG-178754","5"
"MG-181451","5"
"MG-76801","5"
"MH-174403","5"
"MH-174553","5"
"MH-177852","5"
"MH-180253","5"
"MH-180254","5"
"MH-74401","5"
"MH-80253","5"
"MH-81151","5"
"MK-179052","5"
"MK-181602","5"
"MK-79053","5"
"ML-173951","5"
"ML-174102","5"
"ML-180401","5"
"ML-180403","5"
"ML-182653","5"
"ML-82651","5"
"MM-172603","5"
"MM-179201","5"
"MM-180553","5"
"MM-182801","5"
"MM-182802","5"
"MM-79201","5"
"MN-179352","5"
"MO-175002","5"
"MP-79651","5"
"MS-173652","5"
"MS-179801","5"
"MS-78302","5"
"MT-178153","5"
"MV-174851","5"
"MV-181903","5"
"MW-182201","5"
"MW-182202","5"
"MW-82351","5"
"MY-173803","5"
"NB-186551","5"
"NB-186552","5"
"NC-183404","5"
"NC-184153","5"
"NC-185351","5"
"NC-186254","5"
"NC-83401","5"
"ND-184601","5"
"ND-184603","5"
"ND-84601","5"
"NG-183554","5"
"NG-184303","5"
"NG-184304","5"
"NH-186102","5"
"NK-184901","5"
"NM-184452","5"
"NM-185202","5"
"NM-84453","5"
"NP-186704","5"
"NR-185504","5"
"NR-85502","5"
"NW-84003","5"
"NZ-185652","5"
"OT-187304","5"
"PA-190601","5"
"PB-188051","5"
"PB-188053","5"
"PB-191052","5"
"PB-191501","5"
"PB-88053","5"
"PB-92102","5"
"PC-187452","5"
"PC-187453","5"
"PC-190002","5"
"PF-192254","5"
"PG-88202","5"
"PJ-188353","5"
"PJ-190152","5"
"PK-190751","5"
"PL-189254","5"
"PM-191353","5"
"PM-89402","5"
"PO-191954","5"
"PR-188804","5"
"PV-189854","5"
"PW-192401","5"
"PW-192402","5"
"RA-192853","5"
"RA-198851","5"
"RA-199454","5"
"RA-98853","5"
"RB-193603","5"
"RB-194652","5"
"RB-195704","5"
"RB-196454","5"
"RB-197051","5"
"RB-197952","5"
"RB-93301","5"
"RC-199601","5"
"RD-195853","5"
"RD-196603","5"
"RD-196604","5"
"RD-197203","5"
"RD-198102","5"
"RD-98101","5"
"RD-99001","5"
"RD-99002","5"
"RD-99302","5"
"RE-194504","5"
"RE-94501","5"
"RF-193452","5"
"RF-197353","5"
"RF-98402","5"
"RH-194952","5"
"RH-194954","5"
"RH-195102","5"
"RH-195551","5"
"RH-195553","5"
"RH-95551","5"
"RK-193001","5"
"RK-193002","5"
"RL-96152","5"
"RM-196754","5"
"RO-197803","5"
"RP-192703","5"
"RP-198551","5"
"RP-198553","5"
"RP-93901","5"
"RR-193152","5"
"RR-95252","5"
"RS-194204","5"
"RS-197651","5"
"RS-94201","5"
"RW-196302","5"
"RW-196904","5"
"SA-108301","5"
"SB-101851","5"
"SB-102901","5"
"SB-202901","5"
"SC-103051","5"
"SC-107703","5"
"SC-200204","5"
"SC-200502","5"
"SC-205754","5"
"SC-208451","5"
"SC-208452","5"
"SD-104851","5"
"SF-102001","5"
"SF-200651","5"
"SF-202003","5"
"SG-200803","5"
"SG-208902","5"
"SH-199753","5"
"SH-203953","5"
"SJ-201253","5"
"SJ-205004","5"
"SL-201551","5"
"SM-100052","5"
"SM-200053","5"
"SM-203203","5"
"SM-203204","5"
"SP-205453","5"
"SR-204251","5"
"SR-204254","5"
"SS-201402","5"
"SS-204102","5"
"SS-205151","5"
"SS-205153","5"
"SS-205902","5"
"SS-205903","5"
"SS-208752","5"
"SS-208753","5"
"SS-208754","5"
"ST-205301","5"
"SU-206651","5"
"SU-206652","5"
"SV-207853","5"
"SV-209352","5"
"SV-209353","5"
"SW-103502","5"
"SW-104551","5"
"SW-202752","5"
"SW-204551","5"
"TB-112501","5"
"TB-112803","5"
"TB-113551","5"
"TB-210554","5"
"TB-211901","5"
"TB-213554","5"
"TB-215203","5"
"TB-215952","5"
"TB-215954","5"
"TC-209804","5"
"TC-212953","5"
"TC-215352","5"
"TG-116403","5"
"TG-213104","5"
"TH-211003","5"
"TH-211004","5"
"TH-212351","5"
"TH-212353","5"
"TH-215501","5"
"TM-214903","5"
"TP-214154","5"
"TR-213254","5"
"TS-116552","5"
"TS-210852","5"
"TS-211601","5"
"TS-211603","5"
"TS-212053","5"
"TS-213404","5"
"TS-214302","5"
"TS-214304","5"
"TS-216553","5"
"TS-216554","5"
"TT-112202","5"
"TT-212201","5"
"TT-212202","5"
"TW-210253","5"
"TZ-215802","5"
"VB-217452","5"
"VD-216703","5"
"VF-217154","5"
"VG-217902","5"
"VG-218052","5"
"VG-218054","5"
"VM-218354","5"
"VS-218202","5"
"VW-217753","5"
"XP-218653","5"
"YC-218954","5"
"ZD-219251","5"
"AA-103151","5"
"IL-51002","4"
"HA-49202","4"
"CM-121152","4"
"LD-170054","4"
"AB-1053","4"
"CM-121154","4"
"KA-65251","4"
"CM-122353","4"
"JL-58351","4"
"CM-123852","4"
"TS-116102","4"
"YS-218801","4"
"JW-52202","4"
"CM-123854","4"
"LT-71101","4"
"JW-160754","4"
"NC-85352","4"
"CM-127154","4"
"AF-8703","4"
"AO-108103","4"
"AM-3601","4"
"CM-18151","4"
"CM-19351","4"
"RE-194502","4"
"DS-30302","4"
"CM-21601","4"
"AG-102702","4"
"AG-103004","4"
"ND-83702","4"
"AR-103454","4"
"AG-103902","4"
"ND-84603","4"
"DS-131801","4"
"DS-130304","4"
"RD-97202","4"
"RD-97201","4"
"JM-152502","4"
"LW-169901","4"
"NF-184753","4"
"NF-184754","4"
"NF-185951","4"
"NF-185952","4"
"RD-96603","4"
"RD-96601","4"
"RD-199304","4"
"CM-22352","4"
"JM-161952","4"
"CM-27152","4"
"AG-104953","4"
"NF-84753","4"
"RD-196602","4"
"LC-169604","4"
"GZ-45453","4"
"AG-105254","4"
"Dp-32401","4"
"CR-125804","4"
"RC-99601","4"
"RC-199603","4"
"CR-127304","4"
"TT-212203","4"
"CR-128201","4"
"RC-198251","4"
"AR-104053","4"
"AR-105401","4"
"RB-97053","4"
"NG-84303","4"
"DP-31051","4"
"XP-218652","4"
"RB-94352","4"
"DP-30003","4"
"YS-118802","4"
"CR-28201","4"
"KN-167051","4"
"VW-217752","4"
"RB-197054","4"
"RB-197053","4"
"AG-106753","4"
"NK-84901","4"
"CR-28202","4"
"AG-107651","4"
"CS-121302","4"
"NL-183104","4"
"CS-121304","4"
"CS-121752","4"
"AG-107654","4"
"TC-214752","4"
"LW-172152","4"
"CS-123552","4"
"CS-124001","4"
"AH-106903","4"
"NM-185203","4"
"AJ-9602","4"
"JS-159403","4"
"CS-124904","4"
"AH-105854","4"
"TT-114602","4"
"AB-101501","4"
"CS-18601","4"
"TT-114601","4"
"JS-156854","4"
"NP-186701","4"
"LD-70053","4"
"RA-199451","4"
"AH-105853","4"
"GZ-145454","4"
"TH-215502","4"
"RA-199152","4"
"LW-71252","4"
"TH-111151","4"
"DM-135252","4"
"DM-133453","4"
"JM-58651","4"
"JS-155954","4"
"RA-198853","4"
"NP-83253","4"
"QJ-192551","4"
"NP-86702","4"
"JS-155953","4"
"PW-92401","4"
"NP-87001","4"
"PW-90302","4"
"Dl-36002","4"
"NR-185502","4"
"CS-25051","4"
"TT-112201","4"
"MA-175602","4"
"CT-119951","4"
"NS-185051","4"
"MA-175603","4"
"PW-190303","4"
"NS-185054","4"
"CV-122952","4"
"PV-89851","4"
"IL-151001","4"
"KN-164503","4"
"MA-179952","4"
"YC-218953","4"
"NS-86401","4"
"NS-86402","4"
"CV-22951","4"
"NW-184002","4"
"DL-28653","4"
"PT-90902","4"
"PT-190904","4"
"CV-28052","4"
"PS-90452","4"
"PS-87602","4"
"AH-101954","4"
"NZ-185653","4"
"PS-190452","4"
"NZ-85651","4"
"DL-133304","4"
"DL-133151","4"
"DA-134504","4"
"DB-129101","4"
"DB-129702","4"
"JS-155951","4"
"DK-33751","4"
"JR-56702","4"
"DK-31501","4"
"VW-117752","4"
"DB-130603","4"
"DB-131202","4"
"IG-150854","4"
"JR-162103","4"
"DB-134054","4"
"DB-136602","4"
"JO-151451","4"
"AR-105702","4"
"AG-9001","4"
"PO-91951","4"
"AG-7652","4"
"MB-173051","4"
"PB-191051","4"
"AG-7651","4"
"JO-155502","4"
"PB-191054","4"
"AG-6752","4"
"DK-28952","4"
"PO-91803","4"
"TG-216404","4"
"PO-88651","4"
"DJ-36302","4"
"DB-29103","4"
"PO-191803","4"
"PO-191802","4"
"PM-91351","4"
"PM-89401","4"
"PB-91051","4"
"AR-108251","4"
"MB-180851","4"
"PM-191354","4"
"PM-191351","4"
"PM-189401","4"
"GT-147554","4"
"YC-218951","4"
"PC-187454","4"
"GT-147553","4"
"AG-3002","4"
"PK-89101","4"
"DC-28501","4"
"PK-189101","4"
"JB-60451","4"
"MB-73051","4"
"PJ-190151","4"
"PH-87902","4"
"MB-73052","4"
"JP-161353","4"
"PF-191204","4"
"DJ-136303","4"
"DJ-134204","4"
"PH-87901","4"
"DH-30752","4"
"DH-136754","4"
"GT-146353","4"
"PF-192253","4"
"TS-215052","4"
"JO-52801","4"
"DE-132552","4"
"GR-45601","4"
"JO-55501","4"
"PF-91652","4"
"GP-47402","4"
"PF-92252","4"
"DF-131352","4"
"GP-47401","4"
"PG-188953","4"
"MC-174252","4"
"JP-155201","4"
"AJ-7803","4"
"GM-46952","4"
"LB-167351","4"
"TC-211452","4"
"AR-4052","4"
"AR-5401","4"
"JE-56101","4"
"AR-5402","4"
"AR-8252","4"
"MC-176051","4"
"JE-57151","4"
"JF-151903","4"
"GM-146951","4"
"JD-161501","4"
"LH-167501","4"
"AS-1352","4"
"MC-176354","4"
"JF-152951","4"
"AB-106004","4"
"GM-144403","4"
"AS-2402","4"
"JF-153551","4"
"GH-46653","4"
"TB-212802","4"
"GH-46651","4"
"MC-181301","4"
"LC-168703","4"
"TB-212801","4"
"AS-901","4"
"HW-149353","4"
"TB-212501","4"
"MC-74251","4"
"TB-211904","4"
"LH-169002","4"
"TB-211903","4"
"TB-211902","4"
"TB-211754","4"
"AT-104352","4"
"AT-107351","4"
"AT-4351","4"
"VT-117001","4"
"AT-7352","4"
"AW-108404","4"
"JF-153553","4"
"AW-9301","4"
"JF-155653","4"
"JB-60001","4"
"MD-173502","4"
"TB-115201","4"
"VS-218204","4"
"GH-44101","4"
"TA-213854","4"
"AY-105553","4"
"LH-170202","4"
"HR-47703","4"
"AY-105554","4"
"AZ-107501","4"
"AJ-109603","4"
"AZ-107502","4"
"GH-144254","4"
"ME-173203","4"
"GH-144101","4"
"GG-46502","4"
"LH-170204","4"
"AZ-107503","4"
"GG-146503","4"
"KM-163751","4"
"AZ-7503","4"
"GD-145904","4"
"ME-180104","4"
"ME-73201","4"
"BB-115451","4"
"ME-77251","4"
"VS-218201","4"
"GB-45751","4"
"SW-203503","4"
"BB-9902","4"
"VS-118202","4"
"BD-115601","4"
"LH-171552","4"
"GB-145303","4"
"KL-65551","4"
"GA-47251","4"
"AJ-109601","4"
"SW-104552","4"
"AB-1501","4"
"SW-103501","4"
"JA-59702","4"
"JF-52953","4"
"MG-176502","4"
"KW-65702","4"
"GA-45152","4"
"KL-166453","4"
"JF-53551","4"
"JF-54902","4"
"MG-176804","4"
"AP-7201","4"
"SV-208154","4"
"SV-208152","4"
"KH-66302","4"
"TD-209953","4"
"HR-148303","4"
"KH-63601","4"
"BD-16201","4"
"BD-16351","4"
"HR-148302","4"
"HR-147703","4"
"BD-17251","4"
"SV-107852","4"
"MG-181452","4"
"FM-42902","4"
"MG-181454","4"
"FM-42901","4"
"FM-42152","4"
"SV-103652","4"
"BE-14102","4"
"AB-1653","4"
"AI-108551","4"
"MG-76802","4"
"HR-147701","4"
"MG-76952","4"
"ST-105301","4"
"BF-109753","4"
"BF-110054","4"
"BF-110802","4"
"LL-68401","4"
"BF-111701","4"
"JG-151151","4"
"MH-172901","4"
"LC-169303","4"
"FM-143802","4"
"JG-158053","4"
"BF-112154","4"
"SP-209201","4"
"BF-11702","4"
"MH-174404","4"
"BG-16951","4"
"LM-170653","4"
"JG-51152","4"
"BH-117101","4"
"JA-159701","4"
"FH-143504","4"
"JH-154304","4"
"MH-176204","4"
"VM-216852","4"
"KH-166301","4"
"SP-105451","4"
"HP-148151","4"
"BM-111404","4"
"BM-11402","4"
"JH-161804","4"
"BM-115752","4"
"FG-142602","4"
"MH-181152","4"
"MH-181153","4"
"KH-165103","4"
"LO-71701","4"
"BM-15752","4"
"SN-207101","4"
"BN-114704","4"
"MH-74551","4"
"BN-115151","4"
"BN-14702","4"
"SM-209501","4"
"MH-76203","4"
"KW-64351","4"
"BN-15151","4"
"JH-58202","4"
"BN-15152","4"
"KW-165704","4"
"BO-113502","4"
"SM-203201","4"
"KH-163602","4"
"MJ-177402","4"
"FC-143352","4"
"FC-142453","4"
"SM-200054","4"
"BO-114253","4"
"FC-142452","4"
"SM-109051","4"
"SM-103201","4"
"LP-170804","4"
"ES-40203","4"
"JH-59101","4"
"MK-181603","4"
"MK-181604","4"
"MK-79051","4"
"VM-116852","4"
"BO-14251","4"
"BO-14252","4"
"BP-10501","4"
"SK-99902","4"
"SK-199902","4"
"ML-173952","4"
"SK-199901","4"
"AA-104803","4"
"LP-170952","4"
"KH-163302","4"
"ER-138552","4"
"BP-110951","4"
"BP-11553","4"
"BP-11851","4"
"ML-177553","4"
"EN-37802","4"
"BP-12301","4"
"EN-37801","4"
"HM-149804","4"
"LP-70801","4"
"EN-137804","4"
"AC-104502","4"
"AA-103751","4"
"BP-12302","4"
"ML-73951","4"
"KE-164202","4"
"KD-63451","4"
"ML-77551","4"
"SJ-201251","4"
"BS-113651","4"
"ML-80401","4"
"BS-113802","4"
"BS-115903","4"
"AH-301","4"
"ML-82652","4"
"BS-116651","4"
"AA-104804","4"
"SH-199752","4"
"MM-172604","4"
"TP-215654","4"
"EM-41401","4"
"SH-106351","4"
"JJ-54452","4"
"AC-106601","4"
"EM-40653","4"
"BS-16652","4"
"BS-17551","4"
"BS-18002","4"
"BT-114404","4"
"EM-40651","4"
"AM-7051","4"
"BT-13052","4"
"SF-100652","4"
"KD-166151","4"
"SF-100651","4"
"BT-14401","4"
"BT-15303","4"
"SD-204853","4"
"KD-164953","4"
"EM-39601","4"
"MN-179351","4"
"TR-213253","4"
"HL-150403","4"
"BV-112451","4"
"HL-150402","4"
"JC-153404","4"
"MO-175001","4"
"SC-208004","4"
"SC-208003","4"
"MO-175004","4"
"BW-10651","4"
"JK-156252","4"
"EM-38101","4"
"KD-163452","4"
"BW-11101","4"
"EM-140954","4"
"KD-163451","4"
"BW-112002","4"
"JK-52052","4"
"CA-119653","4"
"KC-65402","4"
"LC-69601","4"
"CA-123104","4"
"SC-203053","4"
"EM-140951","4"
"EM-140654","4"
"CC-123703","4"
"CC-126702","4"
"EK-37952","4"
"SC-202304","4"
"EK-137954","4"
"CC-126854","4"
"SC-200953","4"
"LS-169451","4"
"KC-166754","4"
"EJ-137204","4"
"CC-22203","4"
"TH-211154","4"
"HJ-48752","4"
"LS-169751","4"
"LC-69602","4"
"EJ-137202","4"
"JK-53701","4"
"HJ-148753","4"
"MR-175454","4"
"KC-166751","4"
"TH-112351","4"
"KC-165404","4"
"VF-217152","4"
"EH-40051","4"
"SC-107252","4"
"CC-24751","4"
"KB-66003","4"
"SC-100951","4"
"MS-175304","4"
"EH-140052","4"
"EH-139902","4"
"EH-139452","4"
"EH-137653","4"
"EG-139001","4"
"SC-100502","4"
"AA-3751","4"
"EC-40502","4"
"KT-64653","4"
"EC-140503","4"
"HG-50251","4"
"MS-178304","4"
"TS-110853","4"
"CC-26702","4"
"EB-41701","4"
"EB-39751","4"
"MS-73651","4"
"CC-26851","4"
"SA-108303","4"
"EB-39301","4"
"VD-216702","4"
"RW-95401","4"
"MS-77701","4"
"AC-6152","4"
"KB-62402","4"
"CD-127903","4"
"RW-196301","4"
"JE-157153","4"
"KB-166002","4"
"EB-38403","4"
"TS-111602","4"
"RS-98702","4"
"RS-98701","4"
"RS-97651","4"
"JE-161653","4"
"MT-180704","4"
"CD-22801","4"
"MT-78152","4"
"LC-71403","4"
"MT-80702","4"
"RS-198701","4"
"CD-27901","4"
"MV-174853","4"
"RS-197652","4"
"CG-120403","4"
"IM-50552","4"
"CG-25201","4"
"EB-139754","4"
"RR-193153","4"
"KB-165853","4"
"MV-81901","4"
"MV-81902","4"
"RP-98552","4"
"RP-92702","4"
"CH-120703","4"
"JL-151301","4"
"TZ-215804","4"
"EB-138702","4"
"EB-138701","4"
"CJ-120101","4"
"MW-82201","4"
"MW-82202","4"
"JC-53852","4"
"RP-192704","4"
"JB-54002","4"
"CJ-18752","4"
"TS-113701","4"
"JL-158501","4"
"JL-51301","4"
"CK-127601","4"
"MY-182953","4"
"LS-72001","4"
"CK-22052","4"
"CK-23251","4"
"CK-23252","4"
"MY-82952","4"
"RM-93751","4"
"CL-118904","4"
"RM-193753","4"
"MZ-173354","4"
"DW-34801","4"
"LS-72301","4"
"KN-67052","4"
"AF-108854","4"
"CL-25651","4"
"MZ-73352","4"
"DW-135401","4"
"RL-196152","4"
"RL-196151","4"
"LS-72451","4"
"TZ-214452","4"
"AR-103453","4"
"AF-8701","4"
"RH-96001","4"
"TS-114301","4"
"LC-168852","4"
"DW-134802","4"
"NB-85801","4"
"RH-95101","4"
"CM-118151","4"
"CM-119353","4"
"HE-148004","4"
"DW-131953","4"
"NC-183402","4"
"JL-51752","4"
"KN-167053","4"
"NC-184151","4"
"NC-184152","4"
"LC-168702","3"
"JB-60002","3"
"JB-59251","3"
"TH-111002","3"
"JB-54001","3"
"JB-159254","3"
"JB-159252","3"
"JB-154001","3"
"JA-59701","3"
"LC-69302","3"
"IM-50551","3"
"IM-150554","3"
"IM-150553","3"
"LD-68552","3"
"IL-51001","3"
"HZ-49502","3"
"TH-115501","3"
"HZ-49501","3"
"LF-71852","3"
"LH-167504","3"
"LH-170201","3"
"HR-47701","3"
"LH-67502","3"
"HP-48152","3"
"LM-70651","3"
"LO-71702","3"
"HM-49802","3"
"LP-70802","3"
"HK-48903","3"
"LR-70352","3"
"LS-169752","3"
"LS-172002","3"
"HG-50252","3"
"LS-172304","3"
"LS-172452","3"
"HG-49651","3"
"HG-48452","3"
"HG-149653","3"
"LS-69751","3"
"HF-49951","3"
"HE-48001","3"
"LT-167654","3"
"HD-147854","3"
"LT-171103","3"
"HA-49052","3"
"HA-149203","3"
"LW-171253","3"
"LW-171254","3"
"LW-69901","3"
"LW-72151","3"
"GW-46052","3"
"GW-146053","3"
"MA-75602","3"
"MB-173053","3"
"GT-146354","3"
"GM-46951","3"
"GM-45001","3"
"GM-44402","3"
"GM-146954","3"
"GM-145002","3"
"GM-145001","3"
"GM-144552","3"
"GK-46201","3"
"MC-181302","3"
"MC-72751","3"
"MC-75751","3"
"MC-81001","3"
"MC-81302","3"
"GH-44851","3"
"AJ-109604","3"
"MD-73501","3"
"ME-177252","3"
"GD-45902","3"
"TM-210103","3"
"GB-145302","3"
"AJ-107953","3"
"AI-8552","3"
"AB-100154","3"
"GA-45151","3"
"GA-147253","3"
"TM-214904","3"
"GA-147252","3"
"MG-176954","3"
"FW-43951","3"
"FW-143954","3"
"FP-43202","3"
"FO-43051","3"
"MG-178903","3"
"MG-76951","3"
"MG-82051","3"
"MG-82053","3"
"FM-143803","3"
"FM-142902","3"
"FH-42752","3"
"TP-111301","3"
"MH-176201","3"
"FH-143501","3"
"TP-111302","3"
"FG-42601","3"
"TP-114151","3"
"FC-43352","3"
"MH-72901","3"
"FC-42452","3"
"MH-80251","3"
"TP-115652","3"
"FC-42451","3"
"ES-40802","3"
"AH-6901","3"
"ER-138554","3"
"TP-214152","3"
"AA-6452","3"
"ML-180404","3"
"AH-302","3"
"ML-73952","3"
"ML-74101","3"
"EM-40951","3"
"EM-39603","3"
"MM-72603","3"
"MM-82801","3"
"EM-38253","3"
"MN-79351","3"
"MN-79352","3"
"MO-178002","3"
"EM-142004","3"
"MO-179503","3"
"MO-75001","3"
"EM-140953","3"
"MO-78002","3"
"EJ-41551","3"
"EJ-37202","3"
"TS-110851","3"
"MP-79652","3"
"MP-81751","3"
"MP-81752","3"
"EH-41852","3"
"MR-175453","3"
"MR-75451","3"
"MR-75452","3"
"EH-40052","3"
"EH-39451","3"
"EC-40501","3"
"EC-140502","3"
"MS-78301","3"
"MS-79802","3"
"EB-38701","3"
"MT-180703","3"
"MT-80701","3"
"EB-141103","3"
"MV-74852","3"
"EB-139302","3"
"TS-113403","3"
"EB-137503","3"
"EA-40351","3"
"EA-140352","3"
"DW-35851","3"
"DW-31952","3"
"MZ-175153","3"
"NB-185801","3"
"NB-185803","3"
"NB-186553","3"
"NB-86552","3"
"NC-183403","3"
"TS-114302","3"
"TS-115051","3"
"DW-131952","3"
"DV-34652","3"
"NC-185353","3"
"DV-30451","3"
"NC-186253","3"
"NC-83403","3"
"NC-84152","3"
"NC-85351","3"
"ND-183701","3"
"ND-183702","3"
"TS-210851","3"
"DR-28802","3"
"DP-33903","3"
"NF-83853","3"
"NF-85952","3"
"NG-183551","3"
"NG-83553","3"
"NG-84301","3"
"NH-86103","3"
"AH-1201","3"
"ZD-219253","3"
"DO-134352","3"
"DN-36901","3"
"NM-84451","3"
"DM-35253","3"
"DM-33452","3"
"DM-33451","3"
"DM-30152","3"
"DM-30151","3"
"DM-29551","3"
"DM-135254","3"
"DM-130153","3"
"NP-83251","3"
"NP-86851","3"
"NR-85501","3"
"DL-34951","3"
"DL-33152","3"
"DL-33151","3"
"NS-85051","3"
"ON-87152","3"
"DK-32252","3"
"AH-101201","3"
"YC-118951","3"
"PA-190602","3"
"PA-90601","3"
"PA-90602","3"
"PB-188054","3"
"PB-191053","3"
"DK-28351","3"
"PB-91501","3"
"DJ-35103","3"
"TS-214303","3"
"DJ-35101","3"
"PC-87452","3"
"PC-90001","3"
"DJ-34201","3"
"DJ-136304","3"
"DH-136752","3"
"PF-91201","3"
"DH-136751","3"
"PF-91651","3"
"PF-92251","3"
"PG-188202","3"
"DF-131354","3"
"DF-131353","3"
"AG-4951","3"
"PG-88951","3"
"PG-88952","3"
"PJ-188351","3"
"PJ-188352","3"
"DD-35702","3"
"PJ-88351","3"
"PJ-88352","3"
"DC-28503","3"
"DC-128502","3"
"PL-189252","3"
"PL-189253","3"
"PM-189404","3"
"DB-36151","3"
"PN-187753","3"
"PN-87751","3"
"DB-30601","3"
"DB-29702","3"
"PO-191952","3"
"PO-91801","3"
"PO-91953","3"
"DB-136603","3"
"DB-132703","3"
"DB-131201","3"
"CY-27451","3"
"PS-90451","3"
"CW-19051","3"
"CV-28051","3"
"CS-25052","3"
"PW-90301","3"
"PW-92402","3"
"QJ-192552","3"
"QJ-92552","3"
"CS-24601","3"
"AG-109003","3"
"CS-24001","3"
"CS-23551","3"
"CS-22502","3"
"CS-21752","3"
"TT-112652","3"
"RA-99452","3"
"CS-18451","3"
"CS-125051","3"
"RB-194352","3"
"CS-121753","3"
"RB-196451","3"
"AG-106751","3"
"RB-197052","3"
"CR-26253","3"
"RB-93302","3"
"RB-95702","3"
"RB-97952","3"
"CR-25801","3"
"CR-128204","3"
"CR-127302","3"
"CR-126254","3"
"CR-125803","3"
"CP-23401","3"
"CP-20851","3"
"AG-105251","3"
"CP-120851","3"
"Co-26401","3"
"TT-212654","3"
"CM-27151","3"
"CM-24452","3"
"CM-23851","3"
"RD-94801","3"
"CM-21901","3"
"RE-194052","3"
"RE-94051","3"
"RE-94052","3"
"CM-19352","3"
"RF-197352","3"
"CM-127151","3"
"CM-124454","3"
"RF-97351","3"
"TZ-114453","3"
"TZ-115801","3"
"RH-196001","3"
"RH-196004","3"
"RH-95102","3"
"RH-95552","3"
"RH-96003","3"
"RK-193004","3"
"RL-96151","3"
"CL-18903","3"
"CL-125651","3"
"RM-196751","3"
"RM-196753","3"
"TZ-215801","3"
"RM-197502","3"
"RM-93752","3"
"AA-3753","3"
"CH-20701","3"
"CH-120704","3"
"CG-25202","3"
"CG-20402","3"
"CG-125204","3"
"RR-93152","3"
"CG-125203","3"
"VB-217453","3"
"CD-27902","3"
"CD-22802","3"
"RW-195403","3"
"CD-19801","3"
"AC-6601","3"
"CD-127901","3"
"RW-95402","3"
"CD-119804","3"
"SA-208302","3"
"SB-101702","3"
"AC-6151","3"
"SB-201702","3"
"SB-201704","3"
"SB-201851","3"
"CC-26101","3"
"CC-25501","3"
"SB-202902","3"
"SC-100202","3"
"SC-100501","3"
"SC-100952","3"
"SC-104401","3"
"SC-106951","3"
"SC-107251","3"
"SC-108452","3"
"CC-23701","3"
"CC-22201","3"
"CC-21452","3"
"CC-21451","3"
"CC-21002","3"
"CC-126853","3"
"SC-202303","3"
"SC-202602","3"
"CC-126103","3"
"CC-125504","3"
"CC-121453","3"
"CC-121001","3"
"CB-24152","3"
"SC-204402","3"
"CB-125351","3"
"CA-23101","3"
"CA-19651","3"
"BW-12001","3"
"BW-110654","3"
"BV-12451","3"
"BV-112453","3"
"SD-104852","3"
"BT-14851","3"
"SF-102002","3"
"SF-109651","3"
"SF-109652","3"
"AC-4501","3"
"SF-200653","3"
"BT-13951","3"
"BT-116803","3"
"SF-209651","3"
"SF-209652","3"
"SG-100803","3"
"SG-106051","3"
"SG-106052","3"
"SG-108901","3"
"SG-108902","3"
"SG-200802","3"
"AC-4202","3"
"SG-200804","3"
"BT-113051","3"
"BS-16651","3"
"BS-15902","3"
"SG-208904","3"
"BS-13801","3"
"AC-104503","3"
"BS-13651","3"
"BS-116654","3"
"BP-12902","3"
"SJ-105001","3"
"BP-110501","3"
"BP-10952","3"
"BP-10951","3"
"SK-199904","3"
"SK-99901","3"
"BO-13502","3"
"BO-13501","3"
"SM-100051","3"
"SM-103202","3"
"BO-113503","3"
"AC-104204","3"
"BN-14701","3"
"SN-105603","3"
"BM-116503","3"
"BM-116501","3"
"SO-103352","3"
"SP-106202","3"
"SP-106501","3"
"SP-106502","3"
"SP-205452","3"
"BH-17101","3"
"SP-206502","3"
"BF-9752","3"
"BF-112754","3"
"SR-104251","3"
"AB-601","3"
"SR-204253","3"
"BF-110804","3"
"BF-110201","3"
"SS-101401","3"
"SS-101403","3"
"AB-6001","3"
"BF-10801","3"
"AA-103752","3"
"SS-205154","3"
"VP-117302","3"
"BE-14101","3"
"BE-13352","3"
"SU-106651","3"
"SU-106652","3"
"VP-217304","3"
"SV-107851","3"
"BD-17701","3"
"SV-203652","3"
"BD-16051","3"
"BD-15602","3"
"BD-15001","3"
"AB-152","3"
"BD-116354","3"
"SW-102753","3"
"VS-118201","3"
"SW-107551","3"
"SW-107553","3"
"BD-116203","3"
"BD-116053","3"
"BD-116052","3"
"BC-11252","3"
"BC-11251","3"
"SW-203504","3"
"BB-9901","3"
"BB-15451","3"
"SZ-100352","3"
"TA-113851","3"
"TB-111752","3"
"ZD-119251","3"
"AY-105552","3"
"TB-113552","3"
"TB-115952","3"
"TB-116252","3"
"VT-117002","3"
"AS-6302","3"
"TB-213551","3"
"AS-2253","3"
"TB-214002","3"
"AS-2251","3"
"AB-106003","3"
"AS-101353","3"
"AS-101352","3"
"AS-100453","3"
"AR-8251","3"
"AR-5701","3"
"TC-111451","3"
"TC-112951","3"
"TC-115351","3"
"AR-3451","3"
"JO-51452","3"
"JO-51451","3"
"JP-61351","3"
"JR-157002","3"
"JO-151453","3"
"JR-57001","3"
"JR-57002","3"
"JR-62101","3"
"JM-61951","3"
"JS-158803","3"
"AR-105403","3"
"JM-55801","3"
"JM-55352","3"
"JS-55953","3"
"JS-56852","3"
"JS-58801","3"
"JS-58802","3"
"JS-59401","3"
"JM-52651","3"
"JM-52501","3"
"JM-161953","3"
"JW-60751","3"
"JL-58352","3"
"KA-65252","3"
"JL-52352","3"
"KB-164054","3"
"JK-61201","3"
"KB-62401","3"
"JK-60901","3"
"KB-64051","3"
"JK-57302","3"
"JK-57301","3"
"KC-162552","3"
"JK-56402","3"
"JK-53251","3"
"KC-62551","3"
"KC-65401","3"
"JK-160904","3"
"JK-156401","3"
"JK-153254","3"
"JJ-57602","3"
"JJ-57601","3"
"AP-9151","3"
"KD-66151","3"
"JJ-154453","3"
"KE-64201","3"
"KF-162851","3"
"JH-61803","3"
"KF-62851","3"
"JH-59103","3"
"KH-163303","3"
"JH-58201","3"
"JG-151154","3"
"JF-55652","3"
"KH-63602","3"
"KH-66901","3"
"KH-66903","3"
"JF-55651","3"
"JF-54901","3"
"KL-65552","3"
"KL-66451","3"
"JF-52951","3"
"KM-167201","3"
"TG-116401","3"
"KM-67201","3"
"JE-57152","3"
"KN-167052","3"
"JE-54751","3"
"JE-161654","3"
"AP-107203","3"
"KS-163004","3"
"KS-63001","3"
"JE-156102","3"
"JD-60602","3"
"AO-8103","3"
"KT-164802","3"
"JD-60151","3"
"KW-164351","3"
"JD-58951","3"
"JD-57902","3"
"JD-160604","3"
"LA-67801","3"
"JD-157902","3"
"LB-167354","3"
"JC-57751","3"
"LB-67351","3"
"LB-67353","3"
"LB-67951","3"
"LC-68701","2"
"HP-48151","2"
"JW-52201","2"
"BT-116802","2"
"IM-150551","2"
"MF-76651","2"
"JG-58052","2"
"KB-65851","2"
"SF-209653","2"
"JG-51602","2"
"BT-114854","2"
"LM-170652","2"
"BD-115604","2"
"GB-45301","2"
"SG-100801","2"
"CG-120402","2"
"JD-57901","2"
"BC-111251","2"
"GB-45303","2"
"CJ-18751","2"
"LC-70502","2"
"SG-104702","2"
"MW-182354","2"
"SW-204553","2"
"BB-15452","2"
"HH-150104","2"
"GB-45752","2"
"SC-102301","2"
"SW-207554","2"
"KN-63902","2"
"AH-2101","2"
"EB-37051","2"
"KM-66602","2"
"MY-73801","2"
"GH-144854","2"
"KH-65102","2"
"TA-113852","2"
"MD-73503","2"
"BT-113953","2"
"VF-117152","2"
"GH-146654","2"
"TR-113252","2"
"TB-110552","2"
"SC-103052","2"
"SC-103801","2"
"TB-111901","2"
"TB-111902","2"
"TR-113251","2"
"KT-64802","2"
"TB-112801","2"
"TB-112802","2"
"VS-218203","2"
"JK-53702","2"
"SC-103802","2"
"TB-114001","2"
"AW-9302","2"
"GH-44253","2"
"MC-81301","2"
"BS-15901","2"
"JC-57752","2"
"TB-116251","2"
"MM-180551","2"
"MC-78452","2"
"MC-78451","2"
"BS-13802","2"
"MC-76352","2"
"MC-76351","2"
"HH-50102","2"
"SH-103951","2"
"KM-62252","2"
"JD-58953","2"
"MC-75901","2"
"TM-114901","2"
"AR-105402","2"
"MC-72752","2"
"SC-105751","2"
"DF-31351","2"
"LH-70201","2"
"HJ-48751","2"
"DF-31352","2"
"AH-2102","2"
"KN-64502","2"
"BS-13652","2"
"AM-3602","2"
"AS-451","2"
"DE-32551","2"
"BS-118004","2"
"EM-41402","2"
"SC-106801","2"
"EM-42001","2"
"ML-80403","2"
"SC-106802","2"
"SH-206354","2"
"AG-3902","2"
"TB-213552","2"
"SH-99751","2"
"AG-3901","2"
"DD-135701","2"
"DC-32852","2"
"ML-77553","2"
"TM-110101","2"
"PJ-90151","2"
"DC-32851","2"
"PC-87451","2"
"PK-189102","2"
"SJ-101251","2"
"PK-189104","2"
"MT-78151","2"
"DC-28502","2"
"PC-190004","2"
"DC-132851","2"
"PC-190003","2"
"RS-198704","2"
"PK-90752","2"
"SJ-102151","2"
"KW-65701","2"
"LH-69001","2"
"AG-4952","2"
"PL-89251","2"
"VD-116701","2"
"JS-55951","2"
"DB-36602","2"
"VB-117451","2"
"GM-144553","2"
"ML-182654","2"
"EM-42002","2"
"AG-3001","2"
"PB-92101","2"
"AH-4651","2"
"AG-2703","2"
"PB-88052","2"
"PM-91352","2"
"AC-4503","2"
"DB-35552","2"
"LH-67501","2"
"EP-39151","2"
"EB-139303","2"
"PN-87752","2"
"DB-34051","2"
"DB-33601","2"
"RS-97652","2"
"RP-92701","2"
"HK-48901","2"
"DB-31202","2"
"DB-31201","2"
"AS-101354","2"
"VT-217003","2"
"PB-88051","2"
"PB-192104","2"
"JM-55802","2"
"DJ-36301","2"
"LH-171553","2"
"DB-29102","2"
"ER-38551","2"
"PO-88501","2"
"PO-88502","2"
"DK-131504","2"
"ES-40201","2"
"AH-4652","2"
"VT-217004","2"
"PO-91802","2"
"DK-28951","2"
"KC-66752","2"
"LR-69152","2"
"CD-19803","2"
"DB-29101","2"
"CD-19802","2"
"DK-30901","2"
"DB-135552","2"
"PP-89551","2"
"JL-58501","2"
"JM-55351","2"
"GM-44551","2"
"DB-131203","2"
"AA-4801","2"
"PR-88801","2"
"MK-81601","2"
"PR-88803","2"
"OT-87302","2"
"KL-66452","2"
"OT-87301","2"
"ON-87151","2"
"DB-129701","2"
"VM-116851","2"
"DA-34502","2"
"DA-34501","2"
"AH-5851","2"
"LA-167803","2"
"MP-74701","2"
"TC-109801","2"
"AC-4502","2"
"DL-28651","2"
"PS-89701","2"
"PS-89702","2"
"MK-79052","2"
"AH-102101","2"
"HZ-149503","2"
"KM-162252","2"
"TH-211152","2"
"AH-6902","2"
"JS-60301","2"
"SM-109501","2"
"GM-44552","2"
"DL-29251","2"
"BO-114254","2"
"NS-85052","2"
"MJ-77402","2"
"PV-89852","2"
"JL-55052","2"
"CT-19951","2"
"VM-118351","2"
"AH-104652","2"
"TT-110701","2"
"MJ-77401","2"
"KM-162253","2"
"DL-34952","2"
"MH-81152","2"
"NP-87002","2"
"LT-67651","2"
"EJ-41552","2"
"NP-86701","2"
"TC-114751","2"
"CS-24902","2"
"CC-21001","2"
"QJ-92551","2"
"EK-137953","2"
"RA-192851","2"
"MH-77852","2"
"AA-103153","2"
"CS-24002","2"
"SM-209053","2"
"JE-56102","2"
"HA-49201","2"
"AR-5101","2"
"GM-45002","2"
"MH-76201","2"
"EK-37951","2"
"AR-4051","2"
"NP-186703","2"
"CS-21751","2"
"EL-137354","2"
"SN-105601","2"
"MS-79801","2"
"LF-171853","2"
"CS-21301","2"
"SN-107101","2"
"RA-98852","2"
"SN-107102","2"
"MH-74403","2"
"BM-17852","2"
"VB-117452","2"
"BM-16501","2"
"CS-19502","2"
"CS-19501","2"
"DM-35252","2"
"RB-193304","2"
"CD-19202","2"
"TP-115651","2"
"HL-50401","2"
"GP-147404","2"
"EM-140652","2"
"GR-145604","2"
"CS-124604","2"
"MO-79502","2"
"HL-50402","2"
"DO-36451","2"
"GR-45602","2"
"CD-19201","2"
"RB-195701","2"
"FG-142603","2"
"BM-11401","2"
"DO-36453","2"
"MB-80851","2"
"CS-118601","2"
"DP-131052","2"
"DP-131654","2"
"JF-51901","2"
"RP-93902","2"
"Dp-132402","2"
"RP-98551","2"
"SP-106201","2"
"YS-118801","2"
"CD-122804","2"
"LP-70953","2"
"NH-86101","2"
"LS-72452","2"
"RB-93601","2"
"RB-93602","2"
"RB-94351","2"
"SP-108601","2"
"SP-109201","2"
"RB-94652","2"
"RB-95701","2"
"SP-109202","2"
"MS-77702","2"
"RB-96452","2"
"CR-25802","2"
"EB-38702","2"
"FH-142751","2"
"RB-97951","2"
"DW-35403","2"
"NG-83552","2"
"JP-55203","2"
"HR-48302","2"
"NG-83551","2"
"TS-210854","2"
"FH-42751","2"
"DP-31052","2"
"GT-46352","2"
"BG-17402","2"
"BG-17401","2"
"CK-25951","2"
"RD-194801","2"
"FH-43501","2"
"AA-4803","2"
"GT-47101","2"
"KD-63452","2"
"CA-27752","2"
"Dp-32402","2"
"CA-27751","2"
"JR-156704","2"
"NF-85951","2"
"SP-208601","2"
"KD-64951","2"
"HW-49351","2"
"Co-26402","2"
"CA-23102","2"
"LH-167502","2"
"NF-84751","2"
"RO-97802","2"
"MA-79953","2"
"RW-96901","2"
"BF-11701","2"
"KD-64952","2"
"MV-74851","2"
"GT-47102","2"
"JD-160601","2"
"RD-199302","2"
"CA-20552","2"
"MS-77101","2"
"SR-107401","2"
"SR-107402","2"
"RD-94803","2"
"JJ-54451","2"
"RR-193154","2"
"DP-33901","2"
"TS-112052","2"
"AB-6002","2"
"DR-29402","2"
"NF-183853","2"
"MO-75002","2"
"RD-98102","2"
"AG-103901","2"
"ND-83701","2"
"JR-56701","2"
"DS-30301","2"
"JJ-157604","2"
"GT-47551","2"
"KM-63751","2"
"AP-107202","2"
"SC-207251","2"
"CG-20401","2"
"RE-194503","2"
"TW-110251","2"
"MO-179504","2"
"SS-104101","2"
"JS-56851","2"
"CM-21151","2"
"MG-81451","2"
"EB-41702","2"
"SS-105152","2"
"SS-105901","2"
"JK-61203","2"
"SS-108751","2"
"SS-108752","2"
"SB-101701","2"
"JR-62103","2"
"CM-126552","2"
"EM-38102","2"
"NC-84151","2"
"RF-93451","2"
"BF-109752","2"
"RF-93453","2"
"BF-10803","2"
"AP-9152","2"
"AB-2553","2"
"JM-52502","2"
"BF-10202","2"
"DV-134652","2"
"TZ-114451","2"
"DV-34651","2"
"TZ-114452","2"
"EM-38251","2"
"CM-119354","2"
"AJ-9452","2"
"NB-86551","2"
"XP-118651","2"
"RH-195554","2"
"AP-7202","2"
"NB-85803","2"
"CL-27002","2"
"VG-117901","2"
"VG-117902","2"
"RH-94952","2"
"ED-38851","2"
"SC-208454","2"
"TZ-115802","2"
"GZ-44701","2"
"AH-1951","2"
"VG-118051","2"
"SB-101852","2"
"NB-185804","2"
"NB-185802","2"
"CL-27001","2"
"VP-117601","2"
"RK-93001","2"
"RK-93002","2"
"MZ-75153","2"
"BT-16802","2"
"CL-25652","2"
"BT-16801","2"
"LF-71851","2"
"CJ-20101","2"
"JE-61652","2"
"ST-105302","2"
"DW-34802","2"
"MM-80551","2"
"CC-26701","2"
"JH-59852","2"
"KT-164803","2"
"HM-48601","2"
"JC-157753","2"
"SE-101102","2"
"EB-137501","2"
"BE-13351","2"
"BD-17702","2"
"BT-15301","2"
"FM-42151","2"
"HM-48602","2"
"SB-201703","2"
"SV-108151","2"
"RR-95251","2"
"HM-49801","2"
"SV-109351","2"
"AD-1802","2"
"AB-1051","2"
"VG-118052","2"
"FP-43201","2"
"CC-25502","2"
"BD-16052","2"
"KT-64651","2"
"JL-58502","2"
"VF-117151","2"
"BD-15601","2"
"TN-110401","2"
"LW-168253","2"
"GA-145151","2"
"CC-24753","2"
"KM-63753","2"
"AB-151","2"
"MY-73802","2"
"SW-102451","2"
"SW-102452","2"
"LT-71102","2"
"AO-8102","1"
"DW-35401","1"
"GZ-44702","1"
"GZ-45451","1"
"CK-25952","1"
"RM-197504","1"
"DW-35402","1"
"KM-62251","1"
"RM-96751","1"
"RM-96752","1"
"RM-97501","1"
"CK-22051","1"
"GZ-45452","1"
"DW-35852","1"
"CJ-20102","1"
"MW-82352","1"
"CJ-118754","1"
"EB-138703","1"
"TS-113402","1"
"TS-113401","1"
"JS-55952","1"
"AD-1801","1"
"RR-93151","1"
"KM-63752","1"
"AA-3752","1"
"EB-141702","1"
"KM-66601","1"
"AC-6602","1"
"EB-37052","1"
"TS-112051","1"
"JS-59402","1"
"RS-94202","1"
"RS-94203","1"
"EB-37501","1"
"EB-38401","1"
"EB-38402","1"
"JS-60302","1"
"TS-111601","1"
"JS-60303","1"
"JM-52652","1"
"RW-96301","1"
"RW-96302","1"
"LC-68852","1"
"SA-108302","1"
"MS-75301","1"
"CC-26852","1"
"LW-171251","1"
"MS-73652","1"
"JE-57451","1"
"TG-116402","1"
"HA-49051","1"
"JM-155353","1"
"CC-24752","1"
"SC-100201","1"
"ED-38852","1"
"EH-37652","1"
"LT-67653","1"
"SC-102302","1"
"SC-102601","1"
"EH-39452","1"
"JW-59551","1"
"SC-104402","1"
"JW-59552","1"
"SC-106952","1"
"EH-39902","1"
"SC-107701","1"
"SC-107702","1"
"SC-108001","1"
"SC-108002","1"
"SC-108451","1"
"JW-60752","1"
"CC-24302","1"
"CC-24301","1"
"TS-110852","1"
"LT-67652","1"
"JL-55051","1"
"JL-52351","1"
"CC-124302","1"
"HD-47852","1"
"JL-51751","1"
"CB-25352","1"
"CB-25351","1"
"CB-24151","1"
"JL-51302","1"
"LS-69753","1"
"CB-124151","1"
"ZC-119101","1"
"LS-69752","1"
"CA-22651","1"
"CA-20551","1"
"LS-69452","1"
"MO-79501","1"
"BW-12002","1"
"LE-168103","1"
"BW-11102","1"
"MO-179501","1"
"BW-10652","1"
"WB-118502","1"
"EM-38252","1"
"JK-61202","1"
"EM-39602","1"
"SE-101101","1"
"BT-15302","1"
"LD-70052","1"
"MM-79202","1"
"AH-1952","1"
"MM-72602","1"
"HG-49652","1"
"JK-60903","1"
"JK-60902","1"
"LD-70051","1"
"BT-13952","1"
"HG-49653","1"
"TD-109951","1"
"MM-72601","1"
"AA-3151","1"
"SG-100802","1"
"SG-104701","1"
"KB-66002","1"
"KN-63901","1"
"TH-111153","1"
"JK-56401","1"
"JK-56253","1"
"JK-56252","1"
"BS-17552","1"
"EM-40652","1"
"HH-50101","1"
"SH-103952","1"
"SH-103953","1"
"EM-40952","1"
"KN-67051","1"
"ML-80402","1"
"SJ-101252","1"
"TD-109952","1"
"SJ-102152","1"
"BP-12901","1"
"LD-168554","1"
"ML-77552","1"
"EP-139153","1"
"BP-11552","1"
"BP-11551","1"
"EP-39152","1"
"KC-66751","1"
"JK-52051","1"
"ES-40202","1"
"MK-81602","1"
"SL-101552","1"
"TD-109953","1"
"LR-69151","1"
"FA-42302","1"
"SM-109052","1"
"KD-163453","1"
"AH-752","1"
"VM-118352","1"
"LC-71402","1"
"MH-80252","1"
"SM-209054","1"
"MH-76202","1"
"HK-48902","1"
"FC-43351","1"
"SN-105602","1"
"LC-71401","1"
"BM-16502","1"
"MH-74402","1"
"JC-53402","1"
"SO-103351","1"
"TP-114152","1"
"MH-180251","1"
"FG-42602","1"
"AO-108104","1"
"KS-63002","1"
"BK-12601","1"
"KD-62701","1"
"LP-70952","1"
"BG-16952","1"
"BG-116952","1"
"BG-10351","1"
"BF-12751","1"
"AH-753","1"
"FH-43502","1"
"BF-112751","1"
"SR-104252","1"
"SR-104253","1"
"FH-43651","1"
"LP-70951","1"
"MG-82052","1"
"MG-81452","1"
"JD-61501","1"
"SS-101402","1"
"KE-64202","1"
"SS-104102","1"
"SS-105151","1"
"SS-105902","1"
"MG-78901","1"
"TH-111152","1"
"BF-10802","1"
"LB-67352","1"
"VM-218353","1"
"BF-10052","1"
"JH-61802","1"
"BF-10051","1"
"VP-117301","1"
"JC-61051","1"
"BE-14552","1"
"BE-14551","1"
"VP-117602","1"
"AB-2552","1"
"MG-78751","1"
"MG-76501","1"
"MG-182054","1"
"AB-1652","1"
"JH-59102","1"
"SV-103651","1"
"AI-108553","1"
"SV-108152","1"
"SV-109352","1"
"FM-43801","1"
"WB-118501","1"
"AI-8551","1"
"AB-1651","1"
"JH-54303","1"
"JH-54302","1"
"BD-13201","1"
"AB-1052","1"
"AM-7052","1"
"SW-102751","1"
"SW-102752","1"
"MF-82501","1"
"MF-76652","1"
"LM-70652","1"
"SW-107552","1"
"JG-58051","1"
"AM-7053","1"
"GB-45302","1"
"KT-64652","1"
"TH-115503","1"
"ME-80101","1"
"ME-77252","1"
"TH-115502","1"
"IM-50701","1"
"GD-45901","1"
"SZ-100351","1"
"LH-71552","1"
"AZ-7502","1"
"SZ-200352","1"
"GG-46501","1"
"MD-73502","1"
"AJ-7802","1"
"TB-110551","1"
"TB-111751","1"
"KH-66301","1"
"LH-71551","1"
"GH-44252","1"
"KH-66902","1"
"TB-115951","1"
"LH-70202","1"
"AT-7351","1"
"MC-76052","1"
"MC-76051","1"
"MC-75902","1"
"MC-74252","1"
"TM-110102","1"
"AS-452","1"
"DG-33002","1"
"PG-88201","1"
"GH-44852","1"
"GH-46652","1"
"PH-187902","1"
"PF-91202","1"
"PH-187904","1"
"DH-36752","1"
"DJ-34202","1"
"GK-46202","1"
"JS-159401","1"
"PC-90002","1"
"AS-2401","1"
"TG-113101","1"
"AG-3302","1"
"PK-90751","1"
"LH-69002","1"
"AS-2252","1"
"PL-89252","1"
"DJ-35102","1"
"DB-36601","1"
"YC-118952","1"
"DB-36152","1"
"AG-5252","1"
"AS-1351","1"
"DB-35551","1"
"AS-106303","1"
"DB-32702","1"
"DB-32701","1"
"DB-32102","1"
"DB-29701","1"
"AG-2702","1"
"PO-88652","1"
"PO-88653","1"
"DK-29851","1"
"PO-91952","1"
"AO-8101","1"
"JD-58952","1"
"PP-89552","1"
"DK-30902","1"
"PR-88802","1"
"DK-33752","1"
"DL-129252","1"
"Dl-136003","1"
"CY-27452","1"
"PS-87601","1"
"JF-52952","1"
"CW-19052","1"
"NW-84002","1"
"NW-84001","1"
"PT-90901","1"
"DL-28652","1"
"CV-128053","1"
"DL-33301","1"
"DL-33302","1"
"DL-33303","1"
"AA-4802","1"
"TC-112952","1"
"NP-86852","1"
"TC-112953","1"
"CS-24901","1"
"TC-114752","1"
"MC-175901","1"
"JC-153854","1"
"TC-115352","1"
"NP-83252","1"
"DM-29552","1"
"CS-22501","1"
"CS-21303","1"
"VW-117751","1"
"CS-21302","1"
"RA-92852","1"
"RA-98851","1"
"DM-35251","1"
"RA-99151","1"
"RA-99152","1"
"CS-19503","1"
"HR-47702","1"
"GM-46801","1"
"CS-125052","1"
"NM-85201","1"
"NM-84452","1"
"DN-36902","1"
"DN-36903","1"
"NL-83102","1"
"NL-83101","1"
"DO-36452","1"
"JP-54601","1"
"DP-30002","1"
"NH-86102","1"
"JP-54602","1"
"CR-26252","1"
"HR-48301","1"
"NH-186103","1"
"RB-94651","1"
"JP-55201","1"
"RB-96451","1"
"RB-97052","1"
"NG-84302","1"
"JP-55202","1"
"AH-1202","1"
"RC-98251","1"
"DP-31652","1"
"RC-99602","1"
"TC-211454","1"
"CP-23402","1"
"AR-105704","1"
"CP-20852","1"
"JO-152802","1"
"TT-212652","1"
"NF-84752","1"
"JR-157004","1"
"MA-79952","1"
"CM-24451","1"
"RD-199002","1"
"CM-23852","1"
"NF-83852","1"
"CM-22351","1"
"Dp-32403","1"
"MA-75601","1"
"RD-94802","1"
"CM-21902","1"
"RD-95852","1"
"RD-96602","1"
"DP-33902","1"
"ND-84602","1"
"CM-21602","1"
"XP-118652","1"
"RE-194054","1"
"CM-21152","1"
"TS-116551","1"
"TG-113102","1"
"TG-113103","1"
"AF-8852","1"
"TH-111001","1"
"AF-8851","1"
"DS-31801","1"
"CM-18152","1"
"DS-31802","1"
"JR-62102","1"
"NC-86252","1"
"NC-86251","1"
"GT-47552","1"
"RF-93452","1"
"LC-68853","1"
"RF-98401","1"
"NC-83402","1"
"TS-116101","1"
"AF-8702","1"
"TS-115052","1"
"LW-72153","1"
"JM-58653","1"
"JM-58652","1"
"RH-94951","1"
"NB-85802","1"
"LW-72152","1"
"RH-96002","1"
"JM-56553","1"
"JM-56552","1"
"MZ-75152","1"
"MZ-73351","1"
"DW-31951","1"
"CL-18902","1"
