"customer_id","active_years"
"AA-103151","3"
"AA-103152","3"
"AA-103153","2"
"AA-103154","4"
"AA-103751","3"
"AA-103752","3"
"AA-103753","3"
"AA-103754","4"
"AA-104801","4"
"AA-104802","3"
"AA-104803","2"
"AA-104804","3"
"AA-106451","4"
"AA-106452","4"
"AA-106453","4"
"AA-106454","4"
"AA-3152","3"
"AA-3751","2"
"AA-3753","2"
"AA-4801","2"
"AA-4803","2"
"AA-6451","4"
"AA-6452","2"
"AB-100151","3"
"AB-100152","4"
"AB-100153","4"
"AB-100154","2"
"AB-100601","4"
"AB-100602","3"
"AB-100603","3"
"AB-100604","3"
"AB-101051","4"
"AB-101052","3"
"AB-101053","4"
"AB-101054","4"
"AB-101501","2"
"AB-101502","4"
"AB-101503","3"
"AB-101504","4"
"AB-101651","2"
"AB-101652","4"
"AB-101653","3"
"AB-101654","3"
"AB-102551","4"
"AB-102552","4"
"AB-102553","4"
"AB-102554","4"
"AB-1051","2"
"AB-1053","3"
"AB-106001","4"
"AB-106002","4"
"AB-106003","2"
"AB-106004","3"
"AB-1501","2"
"AB-151","2"
"AB-152","3"
"AB-1653","3"
"AB-2551","4"
"AB-2553","2"
"AB-6002","2"
"AB-601","2"
"AB-602","4"
"AC-104201","3"
"AC-104202","3"
"AC-104203","4"
"AC-104204","3"
"AC-104501","3"
"AC-104502","3"
"AC-104503","2"
"AC-104504","4"
"AC-106151","4"
"AC-106152","2"
"AC-106153","4"
"AC-106154","2"
"AC-106601","2"
"AC-106602","3"
"AC-106603","3"
"AC-106604","3"
"AC-4201","3"
"AC-4501","3"
"AC-6151","2"
"AC-6152","3"
"AC-6601","2"
"AD-101801","3"
"AD-101802","2"
"AD-101803","4"
"AD-101804","3"
"AF-108701","4"
"AF-108702","3"
"AF-108703","3"
"AF-108704","3"
"AF-108851","3"
"AF-108852","4"
"AF-108853","4"
"AF-108854","3"
"AF-8701","3"
"AF-8703","3"
"AG-102701","4"
"AG-102702","3"
"AG-102703","4"
"AG-102704","4"
"AG-103001","3"
"AG-103002","3"
"AG-103003","4"
"AG-103004","4"
"AG-103301","4"
"AG-103302","4"
"AG-103303","4"
"AG-103304","2"
"AG-103901","2"
"AG-103902","2"
"AG-103903","3"
"AG-103904","3"
"AG-104951","4"
"AG-104952","4"
"AG-104953","3"
"AG-104954","3"
"AG-105251","3"
"AG-105252","4"
"AG-105253","2"
"AG-105254","2"
"AG-106751","2"
"AG-106752","3"
"AG-106753","2"
"AG-106754","3"
"AG-107651","2"
"AG-107652","2"
"AG-107653","3"
"AG-107654","3"
"AG-109001","4"
"AG-109002","3"
"AG-109003","3"
"AG-109004","4"
"AG-2701","3"
"AG-3001","2"
"AG-3002","3"
"AG-3301","3"
"AG-3902","2"
"AG-4951","2"
"AG-4953","3"
"AG-5251","4"
"AG-6751","3"
"AG-6752","3"
"AG-7651","2"
"AG-7652","3"
"AG-9001","2"
"AH-100301","3"
"AH-100302","3"
"AH-100303","3"
"AH-100304","4"
"AH-100751","4"
"AH-100752","4"
"AH-100753","3"
"AH-100754","4"
"AH-101202","3"
"AH-101203","4"
"AH-101204","3"
"AH-101951","4"
"AH-101952","4"
"AH-101953","3"
"AH-101954","3"
"AH-102101","2"
"AH-102102","4"
"AH-102103","3"
"AH-102104","4"
"AH-104651","4"
"AH-104652","2"
"AH-104653","4"
"AH-104654","3"
"AH-105851","3"
"AH-105852","4"
"AH-105853","2"
"AH-105854","3"
"AH-106901","4"
"AH-106902","4"
"AH-106903","3"
"AH-106904","3"
"AH-1201","2"
"AH-1951","2"
"AH-1953","3"
"AH-2101","2"
"AH-2102","2"
"AH-301","2"
"AH-302","2"
"AH-4651","2"
"AH-4652","2"
"AH-5852","4"
"AH-6901","3"
"AH-6902","2"
"AH-751","4"
"AI-108551","3"
"AI-108552","3"
"AI-108554","4"
"AI-8552","3"
"AJ-107801","3"
"AJ-107802","3"
"AJ-107803","3"
"AJ-107804","4"
"AJ-107951","3"
"AJ-107952","3"
"AJ-107953","2"
"AJ-107954","3"
"AJ-109451","4"
"AJ-109452","3"
"AJ-109453","3"
"AJ-109454","4"
"AJ-109601","2"
"AJ-109602","3"
"AJ-109603","2"
"AJ-109604","2"
"AJ-7801","4"
"AJ-7803","3"
"AJ-7951","3"
"AJ-7952","3"
"AJ-9451","3"
"AJ-9452","2"
"AJ-9601","3"
"AJ-9602","2"
"AM-103601","4"
"AM-103602","4"
"AM-103603","3"
"AM-103604","4"
"AM-107051","4"
"AM-107052","4"
"AM-107053","4"
"AM-107054","4"
"AM-3601","3"
"AM-3602","2"
"AM-7051","3"
"AO-108101","4"
"AO-108102","4"
"AO-108103","4"
"AO-8103","2"
"AP-107201","4"
"AP-107203","2"
"AP-107204","4"
"AP-109151","4"
"AP-109152","3"
"AP-109153","3"
"AP-109154","3"
"AP-7201","3"
"AP-9151","2"
"AP-9152","2"
"AR-103451","4"
"AR-103452","3"
"AR-103453","3"
"AR-103454","3"
"AR-104051","3"
"AR-104052","3"
"AR-104053","2"
"AR-104054","3"
"AR-105101","4"
"AR-105102","4"
"AR-105103","4"
"AR-105104","4"
"AR-105401","3"
"AR-105402","2"
"AR-105403","2"
"AR-105404","4"
"AR-105701","4"
"AR-105702","3"
"AR-105703","3"
"AR-108252","4"
"AR-108253","4"
"AR-108254","4"
"AR-3451","2"
"AR-3452","4"
"AR-4051","2"
"AR-4052","3"
"AR-5101","2"
"AR-5102","4"
"AR-5401","3"
"AR-5402","2"
"AR-5701","3"
"AR-5702","3"
"AR-8251","3"
"AR-8252","3"
"AS-100451","3"
"AS-100452","4"
"AS-100453","2"
"AS-100454","3"
"AS-100901","4"
"AS-100902","4"
"AS-100903","3"
"AS-100904","4"
"AS-101351","4"
"AS-101352","2"
"AS-101353","2"
"AS-101354","2"
"AS-102251","4"
"AS-102252","3"
"AS-102253","3"
"AS-102254","4"
"AS-102401","4"
"AS-102402","3"
"AS-102403","4"
"AS-102404","4"
"AS-102851","4"
"AS-102852","3"
"AS-102853","3"
"AS-102854","2"
"AS-106301","2"
"AS-106302","3"
"AS-106304","4"
"AS-1352","3"
"AS-2251","2"
"AS-2253","3"
"AS-2402","2"
"AS-2851","3"
"AS-2852","3"
"AS-6301","3"
"AS-6302","2"
"AS-901","3"
"AT-104351","4"
"AT-104352","2"
"AT-104353","3"
"AT-104354","4"
"AT-107351","3"
"AT-107352","3"
"AT-107353","3"
"AT-107354","4"
"AT-4351","2"
"AT-4352","3"
"AT-7352","3"
"AW-108401","4"
"AW-108402","3"
"AW-108403","3"
"AW-108404","2"
"AW-109301","3"
"AW-109302","3"
"AW-109303","3"
"AW-109304","4"
"AW-8401","4"
"AW-9301","3"
"AW-9302","2"
"AY-105551","3"
"AY-105552","3"
"AY-105553","3"
"AY-105554","3"
"AY-5551","3"
"AY-5552","4"
"AZ-107501","2"
"AZ-107502","3"
"AZ-107503","3"
"AZ-107504","4"
"AZ-7501","3"
"AZ-7503","2"
"BB-109901","4"
"BB-109902","2"
"BB-109903","4"
"BB-109904","4"
"BB-115451","2"
"BB-115452","3"
"BB-115453","3"
"BB-115454","3"
"BB-15451","3"
"BB-9901","2"
"BB-9902","3"
"BC-111251","2"
"BC-111252","4"
"BC-111253","4"
"BC-111254","4"
"BC-11251","2"
"BC-11252","3"
"BD-113201","2"
"BD-113202","3"
"BD-113203","3"
"BD-113204","3"
"BD-115001","3"
"BD-115002","4"
"BD-115003","4"
"BD-115004","3"
"BD-115601","3"
"BD-115602","4"
"BD-115603","4"
"BD-115604","2"
"BD-116051","4"
"BD-116053","2"
"BD-116054","4"
"BD-116201","4"
"BD-116202","3"
"BD-116203","2"
"BD-116204","3"
"BD-116351","4"
"BD-116352","3"
"BD-116353","3"
"BD-116354","3"
"BD-117251","4"
"BD-117252","4"
"BD-117253","4"
"BD-117254","3"
"BD-117701","2"
"BD-117702","4"
"BD-117703","4"
"BD-117704","2"
"BD-13202","2"
"BD-15001","2"
"BD-15601","2"
"BD-15602","3"
"BD-16051","2"
"BD-16052","2"
"BD-16201","3"
"BD-16202","4"
"BD-16352","4"
"BD-17251","2"
"BD-17252","3"
"BD-17701","2"
"BD-17702","2"
"BE-113351","4"
"BE-113352","4"
"BE-113353","3"
"BE-113354","2"
"BE-114101","3"
"BE-114102","3"
"BE-114103","4"
"BE-114104","2"
"BE-114551","3"
"BE-114552","4"
"BE-114553","3"
"BE-114554","3"
"BE-13351","2"
"BE-13352","2"
"BE-14101","2"
"BE-14102","3"
"BF-10201","2"
"BF-10801","3"
"BF-10803","2"
"BF-109751","4"
"BF-109752","2"
"BF-109753","3"
"BF-109754","4"
"BF-110051","3"
"BF-110052","4"
"BF-110053","4"
"BF-110054","3"
"BF-110201","3"
"BF-110202","3"
"BF-110203","3"
"BF-110204","4"
"BF-110801","4"
"BF-110802","2"
"BF-110803","3"
"BF-110804","2"
"BF-111701","3"
"BF-111702","4"
"BF-111703","3"
"BF-111704","4"
"BF-112151","4"
"BF-112152","3"
"BF-112153","2"
"BF-112154","3"
"BF-112752","4"
"BF-112753","3"
"BF-112754","2"
"BF-11702","3"
"BF-12151","2"
"BF-12752","3"
"BF-9751","4"
"BF-9752","3"
"BG-110351","4"
"BG-110352","3"
"BG-110353","4"
"BG-110354","4"
"BG-116951","2"
"BG-116953","4"
"BG-116954","4"
"BG-117401","4"
"BG-117402","2"
"BG-117403","3"
"BG-117404","4"
"BG-16951","2"
"BH-117101","3"
"BH-117102","3"
"BH-117103","4"
"BH-117104","4"
"BH-17101","3"
"BH-17102","3"
"BK-112601","2"
"BK-112602","4"
"BK-112603","3"
"BK-112604","4"
"BK-12602","2"
"BM-111401","4"
"BM-111402","3"
"BM-111403","4"
"BM-111404","3"
"BM-11401","2"
"BM-11402","3"
"BM-115751","4"
"BM-115752","3"
"BM-115753","3"
"BM-115754","3"
"BM-116501","2"
"BM-116502","4"
"BM-116503","2"
"BM-116504","4"
"BM-117851","4"
"BM-117852","4"
"BM-117853","3"
"BM-117854","4"
"BM-15751","2"
"BM-15752","3"
"BM-16503","3"
"BM-17851","3"
"BM-17852","2"
"BN-114701","4"
"BN-114702","2"
"BN-114703","3"
"BN-114704","3"
"BN-115151","3"
"BN-115152","3"
"BN-115153","2"
"BN-115154","3"
"BN-14701","3"
"BN-14702","3"
"BN-15151","3"
"BN-15152","2"
"BO-113501","3"
"BO-113502","3"
"BO-113504","2"
"BO-114251","4"
"BO-114252","4"
"BO-114253","2"
"BO-114254","2"
"BO-13501","2"
"BO-13502","3"
"BO-14251","3"
"BO-14252","2"
"BP-10501","2"
"BP-10502","4"
"BP-10951","2"
"BP-10952","2"
"BP-110501","3"
"BP-110502","3"
"BP-110503","4"
"BP-110504","3"
"BP-110951","2"
"BP-110952","4"
"BP-110953","4"
"BP-110954","4"
"BP-111551","3"
"BP-111552","4"
"BP-111553","3"
"BP-111554","3"
"BP-111851","4"
"BP-111852","3"
"BP-111853","3"
"BP-111854","3"
"BP-112301","3"
"BP-112302","4"
"BP-112303","3"
"BP-112304","4"
"BP-112901","4"
"BP-112902","3"
"BP-112903","4"
"BP-112904","3"
"BP-11553","3"
"BP-11851","2"
"BP-11852","3"
"BP-12301","3"
"BP-12302","3"
"BP-12902","2"
"BS-113652","4"
"BS-113653","3"
"BS-113654","2"
"BS-113801","3"
"BS-113802","3"
"BS-113803","4"
"BS-113804","3"
"BS-115901","4"
"BS-115902","2"
"BS-115903","3"
"BS-115904","4"
"BS-116651","3"
"BS-116652","3"
"BS-116653","4"
"BS-116654","3"
"BS-117551","3"
"BS-117552","4"
"BS-117553","3"
"BS-117554","4"
"BS-118001","3"
"BS-118002","3"
"BS-118003","3"
"BS-118004","2"
"BS-13651","2"
"BS-13801","2"
"BS-13802","2"
"BS-15901","2"
"BS-15902","2"
"BS-16652","3"
"BS-17551","3"
"BS-18001","4"
"BS-18002","3"
"BT-113051","2"
"BT-113052","3"
"BT-113053","3"
"BT-113054","3"
"BT-113951","3"
"BT-113952","4"
"BT-113953","2"
"BT-113954","4"
"BT-114401","3"
"BT-114402","4"
"BT-114403","3"
"BT-114404","2"
"BT-114851","2"
"BT-114852","4"
"BT-114853","3"
"BT-114854","2"
"BT-115301","3"
"BT-115302","4"
"BT-115303","2"
"BT-115304","3"
"BT-116801","4"
"BT-116802","2"
"BT-116803","2"
"BT-116804","4"
"BT-13051","3"
"BT-13052","3"
"BT-13951","2"
"BT-14401","2"
"BT-14402","3"
"BT-14851","3"
"BT-14852","2"
"BT-15301","2"
"BT-15303","2"
"BT-16801","2"
"BT-16802","2"
"BV-112451","3"
"BV-112452","4"
"BV-112453","2"
"BV-112454","3"
"BV-12451","2"
"BW-10651","3"
"BW-110651","4"
"BW-110652","3"
"BW-110653","3"
"BW-110654","3"
"BW-11101","3"
"BW-11103","3"
"BW-111101","4"
"BW-111102","4"
"BW-111103","3"
"BW-111104","3"
"BW-112001","4"
"BW-112002","3"
"BW-112003","4"
"BW-112004","3"
"BW-12001","2"
"CA-119651","4"
"CA-119652","4"
"CA-119653","2"
"CA-119654","4"
"CA-120551","3"
"CA-120552","3"
"CA-120553","3"
"CA-120554","2"
"CA-122651","4"
"CA-122652","4"
"CA-122653","4"
"CA-122654","4"
"CA-123101","3"
"CA-123102","3"
"CA-123103","3"
"CA-123104","3"
"CA-127751","3"
"CA-127752","3"
"CA-127753","3"
"CA-127754","4"
"CA-19651","2"
"CA-19652","3"
"CA-20552","2"
"CA-22652","4"
"CA-23101","3"
"CA-23102","2"
"CA-27751","2"
"CA-27752","2"
"CB-120251","3"
"CB-120252","4"
"CB-120253","3"
"CB-120254","4"
"CB-124152","3"
"CB-124153","4"
"CB-124154","3"
"CB-125351","3"
"CB-125352","4"
"CB-125353","4"
"CB-125354","3"
"CB-20251","2"
"CB-24152","2"
"CC-121001","2"
"CC-121002","4"
"CC-121003","3"
"CC-121004","3"
"CC-121451","4"
"CC-121452","3"
"CC-121453","2"
"CC-121454","4"
"CC-122201","2"
"CC-122202","3"
"CC-122203","3"
"CC-122204","4"
"CC-123701","4"
"CC-123702","4"
"CC-123703","3"
"CC-123704","2"
"CC-124301","4"
"CC-124303","4"
"CC-124304","3"
"CC-124751","4"
"CC-124752","2"
"CC-124753","3"
"CC-124754","3"
"CC-125501","4"
"CC-125502","4"
"CC-125503","4"
"CC-126101","4"
"CC-126102","4"
"CC-126103","3"
"CC-126104","4"
"CC-126701","3"
"CC-126702","3"
"CC-126703","3"
"CC-126704","4"
"CC-126851","3"
"CC-126852","4"
"CC-126854","2"
"CC-21001","2"
"CC-21002","3"
"CC-21451","2"
"CC-21452","2"
"CC-22201","3"
"CC-22202","3"
"CC-22203","2"
"CC-23701","2"
"CC-23702","4"
"CC-24751","3"
"CC-24753","2"
"CC-25501","2"
"CC-26101","2"
"CC-26701","2"
"CC-26702","3"
"CC-26851","3"
"CD-119201","2"
"CD-119202","4"
"CD-119203","4"
"CD-119204","4"
"CD-119801","4"
"CD-119802","4"
"CD-119803","3"
"CD-119804","2"
"CD-122801","3"
"CD-122802","3"
"CD-122803","4"
"CD-127901","2"
"CD-127902","4"
"CD-127903","3"
"CD-127904","3"
"CD-19201","2"
"CD-19202","2"
"CD-19801","2"
"CD-19802","2"
"CD-19803","2"
"CD-22801","2"
"CD-22802","3"
"CD-27901","3"
"CD-27902","2"
"CG-120401","3"
"CG-120402","2"
"CG-120403","3"
"CG-120404","3"
"CG-125201","3"
"CG-125202","4"
"CG-125203","2"
"CG-125204","3"
"CG-20402","3"
"CG-25201","2"
"CG-25202","2"
"CH-120701","3"
"CH-120702","4"
"CH-120703","3"
"CH-120704","2"
"CH-20701","2"
"CH-20702","3"
"CJ-118751","3"
"CJ-118752","3"
"CJ-118753","3"
"CJ-120101","3"
"CJ-120102","3"
"CJ-120103","3"
"CJ-120104","2"
"CJ-18751","2"
"CJ-18752","3"
"CJ-20101","2"
"CK-122051","4"
"CK-122052","4"
"CK-122053","3"
"CK-122054","4"
"CK-123251","3"
"CK-123252","3"
"CK-123253","3"
"CK-123254","3"
"CK-125951","3"
"CK-125952","4"
"CK-125953","3"
"CK-125954","4"
"CK-127601","2"
"CK-127602","2"
"CK-127603","4"
"CK-127604","4"
"CK-22052","3"
"CK-23251","2"
"CK-23252","3"
"CK-25951","2"
"CK-27601","3"
"CK-27602","2"
"CL-118901","4"
"CL-118902","3"
"CL-118903","4"
"CL-118904","3"
"CL-125651","2"
"CL-125652","4"
"CL-125653","4"
"CL-125654","4"
"CL-127001","4"
"CL-127002","4"
"CL-127003","3"
"CL-127004","2"
"CL-18901","4"
"CL-18903","2"
"CL-25651","3"
"CL-27001","2"
"CL-27002","2"
"CM-118151","3"
"CM-118152","4"
"CM-118153","3"
"CM-118154","3"
"CM-118301","3"
"CM-118302","4"
"CM-118303","4"
"CM-119351","3"
"CM-119352","2"
"CM-119354","2"
"CM-121151","3"
"CM-121152","3"
"CM-121153","2"
"CM-121154","2"
"CM-121601","4"
"CM-121602","2"
"CM-121603","3"
"CM-121604","2"
"CM-121901","3"
"CM-121902","4"
"CM-121903","3"
"CM-121904","2"
"CM-122351","4"
"CM-122352","3"
"CM-123851","4"
"CM-123852","2"
"CM-123853","3"
"CM-123854","2"
"CM-124451","4"
"CM-124452","3"
"CM-124453","4"
"CM-124454","2"
"CM-126551","2"
"CM-126552","2"
"CM-126553","4"
"CM-126554","3"
"CM-127151","3"
"CM-127152","2"
"CM-127153","3"
"CM-127154","2"
"CM-18151","3"
"CM-18301","3"
"CM-18302","4"
"CM-19351","3"
"CM-19352","3"
"CM-21601","3"
"CM-22352","3"
"CM-23851","2"
"CM-24452","2"
"CM-26551","3"
"CM-26552","4"
"CM-27151","2"
"CM-27152","3"
"Co-126401","4"
"Co-126402","4"
"Co-126403","4"
"Co-126404","3"
"Co-26401","2"
"Co-26402","2"
"CP-120851","2"
"CP-120852","3"
"CP-120853","3"
"CP-120854","4"
"CP-123401","3"
"CP-123402","3"
"CP-123403","4"
"CP-123404","4"
"CP-20851","3"
"CP-20853","3"
"CP-23401","3"
"CR-125801","4"
"CR-125802","2"
"CR-125804","2"
"CR-126251","4"
"CR-126252","3"
"CR-126253","3"
"CR-126254","2"
"CR-127301","4"
"CR-127302","2"
"CR-127303","3"
"CR-127304","3"
"CR-128201","3"
"CR-128202","3"
"CR-128203","4"
"CR-128204","2"
"CR-25802","2"
"CR-26251","4"
"CR-26253","3"
"CR-27301","2"
"CR-27302","4"
"CR-28201","3"
"CR-28202","2"
"CS-118451","4"
"CS-118452","3"
"CS-118453","3"
"CS-118454","3"
"CS-118601","2"
"CS-118602","4"
"CS-118603","3"
"CS-118604","3"
"CS-119501","4"
"CS-119502","3"
"CS-119503","2"
"CS-119504","4"
"CS-121301","4"
"CS-121302","3"
"CS-121303","2"
"CS-121304","3"
"CS-121751","4"
"CS-121752","3"
"CS-121753","2"
"CS-121754","3"
"CS-122501","4"
"CS-122502","4"
"CS-122503","3"
"CS-122504","4"
"CS-123551","2"
"CS-123552","2"
"CS-123553","4"
"CS-123554","4"
"CS-124001","4"
"CS-124002","2"
"CS-124003","3"
"CS-124004","4"
"CS-124601","3"
"CS-124602","3"
"CS-124603","4"
"CS-124901","3"
"CS-124902","3"
"CS-124903","4"
"CS-124904","2"
"CS-125051","2"
"CS-125053","3"
"CS-125054","4"
"CS-18451","2"
"CS-18452","3"
"CS-18601","3"
"CS-18602","2"
"CS-19501","2"
"CS-19502","2"
"CS-21301","2"
"CS-21751","2"
"CS-21752","3"
"CS-22502","2"
"CS-23551","3"
"CS-23552","3"
"CS-24001","2"
"CS-24601","2"
"CS-24602","4"
"CS-24902","2"
"CS-25051","3"
"CS-25052","2"
"CT-119951","4"
"CT-119952","4"
"CT-119953","3"
"CT-119954","4"
"CT-19951","2"
"CV-122951","3"
"CV-122952","2"
"CV-122953","4"
"CV-122954","3"
"CV-128051","3"
"CV-128052","2"
"CV-128054","2"
"CV-22951","3"
"CV-22952","3"
"CV-28051","2"
"CV-28052","3"
"CW-119051","4"
"CW-119052","3"
"CW-119053","4"
"CW-119054","4"
"CW-19051","2"
"CY-127451","3"
"CY-127452","3"
"CY-127453","3"
"CY-127454","4"
"CY-27451","3"
"DA-134501","3"
"DA-134502","4"
"DA-134503","4"
"DA-134504","2"
"DA-34501","2"
"DA-34502","2"
"DB-129101","3"
"DB-129102","4"
"DB-129103","4"
"DB-129104","3"
"DB-129702","2"
"DB-129703","4"
"DB-130601","3"
"DB-130602","3"
"DB-130603","2"
"DB-130604","3"
"DB-131201","2"
"DB-131202","3"
"DB-131204","2"
"DB-132101","3"
"DB-132102","2"
"DB-132103","3"
"DB-132104","3"
"DB-132701","4"
"DB-132702","3"
"DB-132704","4"
"DB-133601","3"
"DB-133602","3"
"DB-133603","3"
"DB-133604","4"
"DB-134051","4"
"DB-134052","3"
"DB-134053","3"
"DB-134054","2"
"DB-135551","4"
"DB-135553","2"
"DB-135554","2"
"DB-136151","3"
"DB-136152","3"
"DB-136153","4"
"DB-136154","4"
"DB-136601","2"
"DB-136602","3"
"DB-136603","3"
"DB-136604","3"
"DB-29101","2"
"DB-29103","2"
"DB-29702","3"
"DB-30601","3"
"DB-30602","3"
"DB-31201","2"
"DB-31202","2"
"DB-32101","3"
"DB-33601","2"
"DB-34051","2"
"DB-35552","2"
"DB-36151","2"
"DC-128501","3"
"DC-128502","2"
"DC-128503","4"
"DC-128504","4"
"DC-132851","2"
"DC-132852","3"
"DC-132853","4"
"DC-132854","4"
"DC-28501","2"
"DC-28502","2"
"DC-28503","2"
"DD-135702","4"
"DD-135703","4"
"DD-135704","3"
"DD-35701","3"
"DE-132551","3"
"DE-132552","3"
"DE-132553","4"
"DE-132554","3"
"DE-32551","2"
"DE-32552","3"
"DF-131351","4"
"DF-131352","3"
"DF-131353","2"
"DF-131354","3"
"DF-31352","2"
"DG-133001","4"
"DG-133002","3"
"DG-133003","4"
"DG-133004","4"
"DG-33001","2"
"DH-130751","2"
"DH-130752","4"
"DH-130753","4"
"DH-130754","4"
"DH-136751","2"
"DH-136752","2"
"DH-136753","3"
"DH-136754","2"
"DH-30751","4"
"DH-30752","3"
"DH-36751","4"
"DH-36753","3"
"DJ-134201","4"
"DJ-134202","4"
"DJ-134203","2"
"DJ-134204","3"
"DJ-135101","2"
"DJ-135102","4"
"DJ-135103","4"
"DJ-135104","3"
"DJ-136301","4"
"DJ-136302","3"
"DJ-136303","2"
"DJ-136304","3"
"DJ-34201","2"
"DJ-35101","3"
"DJ-35103","2"
"DJ-36301","2"
"DJ-36302","2"
"DK-128351","3"
"DK-128352","2"
"DK-128353","4"
"DK-128354","4"
"DK-128951","2"
"DK-128952","4"
"DK-128953","4"
"DK-128954","2"
"DK-129851","4"
"DK-129852","4"
"DK-129853","4"
"DK-129854","3"
"DK-130901","4"
"DK-130902","2"
"DK-130903","3"
"DK-130904","3"
"DK-131501","3"
"DK-131502","3"
"DK-131503","3"
"DK-131504","2"
"DK-132251","4"
"DK-132252","3"
"DK-132253","4"
"DK-132254","4"
"DK-133751","2"
"DK-133752","3"
"DK-133753","4"
"DK-133754","4"
"DK-28351","2"
"DK-28352","4"
"DK-28951","2"
"DK-28952","3"
"DK-31501","3"
"DK-31502","4"
"DK-32251","3"
"DK-32252","2"
"DK-33751","3"
"DK-33753","3"
"DL-128651","4"
"DL-128652","3"
"DL-128653","4"
"DL-128654","4"
"DL-129251","4"
"DL-129253","2"
"DL-129254","3"
"DL-133151","3"
"DL-133152","4"
"DL-133153","4"
"DL-133154","3"
"DL-133301","4"
"DL-133302","4"
"DL-133303","4"
"DL-133304","4"
"DL-134951","3"
"DL-134952","3"
"DL-134953","2"
"DL-134954","3"
"Dl-136001","4"
"Dl-136002","4"
"Dl-136004","3"
"DL-28651","2"
"DL-28653","3"
"DL-29251","2"
"DL-29252","3"
"DL-33151","2"
"DL-33152","3"
"DL-34951","2"
"DL-34952","2"
"Dl-36001","4"
"Dl-36002","3"
"DM-129551","4"
"DM-129552","4"
"DM-129553","3"
"DM-129554","4"
"DM-130151","4"
"DM-130152","4"
"DM-130153","3"
"DM-130154","4"
"DM-133451","2"
"DM-133452","4"
"DM-133453","3"
"DM-133454","4"
"DM-135251","3"
"DM-135252","3"
"DM-135253","2"
"DM-135254","3"
"DM-29551","3"
"DM-29553","4"
"DM-30152","2"
"DM-33451","2"
"DM-33452","2"
"DM-35252","2"
"DM-35253","3"
"DN-136901","3"
"DN-136902","2"
"DN-136903","3"
"DN-136904","3"
"DN-36901","2"
"DO-134351","3"
"DO-134352","3"
"DO-134353","3"
"DO-134354","4"
"DO-136451","3"
"DO-136452","3"
"DO-136453","3"
"DO-136454","2"
"DO-34351","3"
"DO-34352","3"
"DP-130001","3"
"DP-130002","4"
"DP-130003","3"
"DP-130004","4"
"DP-131051","3"
"DP-131052","2"
"DP-131053","4"
"DP-131054","3"
"DP-131651","4"
"DP-131652","4"
"DP-131653","3"
"DP-131654","2"
"Dp-132401","4"
"Dp-132402","2"
"Dp-132403","4"
"Dp-132404","4"
"DP-133901","3"
"DP-133902","3"
"DP-133903","3"
"DP-133904","4"
"DP-30001","3"
"DP-30003","3"
"DP-31051","3"
"DP-31052","2"
"DP-31651","3"
"Dp-32401","2"
"DP-33903","2"
"DR-128801","4"
"DR-128802","4"
"DR-128803","4"
"DR-128804","3"
"DR-129401","4"
"DR-129402","2"
"DR-129403","3"
"DR-129404","4"
"DR-28801","3"
"DR-29401","3"
"DR-29402","2"
"DS-130301","3"
"DS-130302","4"
"DS-130303","4"
"DS-130304","2"
"DS-131801","2"
"DS-131802","3"
"DS-131803","4"
"DS-131804","4"
"DS-30301","2"
"DS-30302","2"
"DV-130451","3"
"DV-130452","3"
"DV-130453","3"
"DV-130454","2"
"DV-134651","3"
"DV-134652","2"
"DV-134653","3"
"DV-134654","4"
"DV-30451","3"
"DV-30452","4"
"DV-34652","3"
"DW-131951","4"
"DW-131953","2"
"DW-131954","3"
"DW-134801","3"
"DW-134802","3"
"DW-134803","4"
"DW-134804","3"
"DW-135401","2"
"DW-135402","4"
"DW-135403","3"
"DW-135404","2"
"DW-135851","4"
"DW-135852","3"
"DW-135853","4"
"DW-135854","4"
"DW-31952","2"
"DW-34801","2"
"DW-34803","3"
"EA-140351","3"
"EA-140353","3"
"EA-140354","4"
"EA-40351","2"
"EB-137051","3"
"EB-137052","2"
"EB-137053","4"
"EB-137054","4"
"EB-137501","2"
"EB-137502","3"
"EB-137503","2"
"EB-137504","3"
"EB-138401","2"
"EB-138402","4"
"EB-138403","4"
"EB-138404","4"
"EB-138701","3"
"EB-138702","3"
"EB-138704","4"
"EB-139301","4"
"EB-139302","3"
"EB-139303","2"
"EB-139304","3"
"EB-139751","3"
"EB-139752","3"
"EB-139753","4"
"EB-139754","2"
"EB-141101","4"
"EB-141102","4"
"EB-141103","2"
"EB-141104","3"
"EB-141701","3"
"EB-141703","4"
"EB-141704","4"
"EB-37051","2"
"EB-37502","3"
"EB-38403","3"
"EB-38701","2"
"EB-38702","2"
"EB-39301","2"
"EB-39302","3"
"EB-39751","2"
"EB-39752","3"
"EB-41101","3"
"EB-41102","3"
"EB-41701","3"
"EB-41702","2"
"EC-140501","4"
"EC-140502","3"
"EC-140503","2"
"EC-140504","3"
"EC-40501","2"
"EC-40502","2"
"ED-138851","4"
"ED-138852","4"
"ED-138853","4"
"ED-138854","4"
"ED-38851","2"
"ED-38853","2"
"EG-139001","2"
"EG-139002","3"
"EG-139003","4"
"EG-139004","3"
"EG-39001","4"
"EG-39002","3"
"EH-137651","3"
"EH-137652","3"
"EH-137653","2"
"EH-137654","4"
"EH-139451","3"
"EH-139452","3"
"EH-139453","4"
"EH-139454","4"
"EH-139901","4"
"EH-139902","3"
"EH-139903","3"
"EH-139904","3"
"EH-140051","3"
"EH-140052","3"
"EH-140053","3"
"EH-140054","3"
"EH-141251","4"
"EH-141252","4"
"EH-141253","3"
"EH-141254","4"
"EH-141851","4"
"EH-141852","4"
"EH-141853","4"
"EH-141854","3"
"EH-37651","4"
"EH-39451","2"
"EH-39453","3"
"EH-39901","3"
"EH-40051","4"
"EH-40052","2"
"EH-41251","4"
"EH-41252","3"
"EH-41851","3"
"EH-41852","2"
"EJ-137201","3"
"EJ-137202","3"
"EJ-137203","4"
"EJ-137204","3"
"EJ-141551","4"
"EJ-141552","4"
"EJ-141553","3"
"EJ-141554","3"
"EJ-37201","3"
"EJ-37202","3"
"EJ-41551","3"
"EK-137951","3"
"EK-137952","3"
"EK-137954","3"
"EK-37952","3"
"EL-137351","4"
"EL-137352","4"
"EL-137353","3"
"EL-137354","2"
"EL-37351","3"
"EL-37352","3"
"EM-138101","4"
"EM-138102","3"
"EM-138103","4"
"EM-138104","3"
"EM-138251","4"
"EM-138252","3"
"EM-138253","4"
"EM-138254","4"
"EM-139601","4"
"EM-139602","4"
"EM-139603","4"
"EM-139604","2"
"EM-140651","3"
"EM-140652","2"
"EM-140653","3"
"EM-140654","3"
"EM-140951","2"
"EM-140952","4"
"EM-140953","3"
"EM-140954","3"
"EM-141401","4"
"EM-141402","3"
"EM-141403","3"
"EM-141404","4"
"EM-142001","4"
"EM-142002","3"
"EM-142003","3"
"EM-142004","2"
"EM-38101","2"
"EM-38102","2"
"EM-38251","2"
"EM-38253","2"
"EM-39601","3"
"EM-39603","2"
"EM-40651","3"
"EM-40653","2"
"EM-40951","3"
"EM-40953","3"
"EM-41401","2"
"EM-41402","2"
"EM-42002","2"
"EN-137801","4"
"EN-137802","3"
"EN-137803","3"
"EN-137804","3"
"EN-37801","3"
"EN-37802","3"
"EP-139151","4"
"EP-139152","3"
"EP-139154","4"
"EP-39151","2"
"ER-138551","3"
"ER-138552","2"
"ER-138553","4"
"ER-138554","2"
"ER-38551","2"
"ER-38552","4"
"ES-140201","4"
"ES-140202","4"
"ES-140203","3"
"ES-140204","4"
"ES-140801","3"
"ES-140802","3"
"ES-140803","3"
"ES-140804","4"
"ES-40201","2"
"ES-40203","3"
"ES-40801","3"
"ES-40802","3"
"FA-142301","2"
"FA-142302","3"
"FA-142303","4"
"FA-142304","4"
"FA-42301","3"
"FC-142451","3"
"FC-142452","3"
"FC-142453","3"
"FC-142454","3"
"FC-143351","3"
"FC-143352","4"
"FC-143353","4"
"FC-143354","4"
"FC-42451","3"
"FC-42452","2"
"FC-43352","2"
"FG-142601","3"
"FG-142602","2"
"FG-142604","2"
"FG-42601","2"
"FG-42603","3"
"FH-142751","2"
"FH-142752","2"
"FH-142753","3"
"FH-142754","3"
"FH-143501","2"
"FH-143502","3"
"FH-143503","3"
"FH-143504","2"
"FH-143651","4"
"FH-143652","4"
"FH-143653","3"
"FH-143654","4"
"FH-42752","2"
"FH-43652","4"
"FM-142151","4"
"FM-142152","4"
"FM-142153","4"
"FM-142154","3"
"FM-142901","3"
"FM-142903","4"
"FM-142904","4"
"FM-143801","3"
"FM-143802","2"
"FM-143803","3"
"FM-143804","3"
"FM-42151","2"
"FM-42152","2"
"FM-42901","2"
"FM-42902","2"
"FM-43802","2"
"FO-143051","4"
"FO-143052","4"
"FO-143053","3"
"FO-143054","4"
"FO-43051","3"
"FO-43052","4"
"FP-143201","3"
"FP-143202","3"
"FP-143203","3"
"FP-143204","4"
"FP-43201","2"
"FW-143951","4"
"FW-143952","2"
"FW-143953","4"
"FW-143954","3"
"FW-43951","3"
"FW-43952","3"
"GA-145151","2"
"GA-145152","4"
"GA-145153","2"
"GA-145154","4"
"GA-147251","4"
"GA-147252","3"
"GA-147253","3"
"GA-147254","3"
"GA-45151","3"
"GA-45152","2"
"GA-47251","2"
"GB-145301","3"
"GB-145302","3"
"GB-145303","2"
"GB-145304","4"
"GB-145751","4"
"GB-145752","4"
"GB-145753","4"
"GB-145754","3"
"GB-45301","2"
"GB-45303","2"
"GB-45751","2"
"GD-145901","3"
"GD-145902","3"
"GD-145903","3"
"GD-145904","3"
"GD-45902","2"
"GG-146501","3"
"GG-146502","4"
"GG-146503","3"
"GG-146504","4"
"GH-144101","3"
"GH-144102","4"
"GH-144103","4"
"GH-144104","4"
"GH-144251","4"
"GH-144252","4"
"GH-144253","3"
"GH-144254","3"
"GH-144851","4"
"GH-144852","4"
"GH-144853","2"
"GH-144854","2"
"GH-146651","4"
"GH-146652","3"
"GH-146653","3"
"GH-146654","2"
"GH-44101","3"
"GH-44102","3"
"GH-44251","4"
"GH-44253","2"
"GH-44851","3"
"GH-46651","3"
"GH-46653","3"
"GK-146201","2"
"GK-146202","4"
"GK-146203","2"
"GK-146204","4"
"GK-46201","2"
"GM-144401","4"
"GM-144402","4"
"GM-144403","3"
"GM-144404","3"
"GM-144551","2"
"GM-144553","2"
"GM-144554","3"
"GM-145001","2"
"GM-145002","2"
"GM-145003","4"
"GM-145004","4"
"GM-146801","4"
"GM-146802","4"
"GM-146803","4"
"GM-146804","3"
"GM-146951","2"
"GM-146952","3"
"GM-146953","4"
"GM-146954","3"
"GM-44401","3"
"GM-44551","2"
"GM-44552","2"
"GM-45001","2"
"GM-45002","2"
"GM-46802","3"
"GM-46951","2"
"GM-46952","4"
"GP-147401","4"
"GP-147402","4"
"GP-147403","3"
"GP-147404","2"
"GP-47401","3"
"GP-47402","3"
"GR-145601","3"
"GR-145602","2"
"GR-145603","4"
"GR-45601","3"
"GR-45602","2"
"GT-146351","4"
"GT-146352","3"
"GT-146353","3"
"GT-146354","3"
"GT-147101","4"
"GT-147102","3"
"GT-147103","4"
"GT-147104","4"
"GT-147551","4"
"GT-147552","4"
"GT-147553","2"
"GT-147554","3"
"GT-46351","3"
"GT-46352","2"
"GT-47101","2"
"GT-47551","2"
"GT-47553","2"
"GW-146051","4"
"GW-146052","2"
"GW-146053","2"
"GW-146054","4"
"GW-46051","3"
"GW-46052","2"
"GZ-144701","3"
"GZ-144702","3"
"GZ-144703","4"
"GZ-144704","4"
"GZ-145451","4"
"GZ-145452","3"
"GZ-145453","3"
"GZ-145454","2"
"GZ-44703","2"
"GZ-45453","4"
"HA-149051","4"
"HA-149052","2"
"HA-149053","4"
"HA-149054","4"
"HA-149201","4"
"HA-149202","4"
"HA-149203","2"
"HA-149204","4"
"HA-49052","2"
"HA-49201","2"
"HA-49202","2"
"HD-147851","3"
"HD-147852","3"
"HD-147853","4"
"HD-147854","2"
"HD-47851","3"
"HE-148001","3"
"HE-148002","4"
"HE-148003","3"
"HE-148004","2"
"HE-48001","2"
"HE-48002","3"
"HF-149951","3"
"HF-149952","4"
"HF-149953","3"
"HF-149954","3"
"HF-49952","2"
"HG-148451","4"
"HG-148452","4"
"HG-148453","2"
"HG-148454","3"
"HG-149651","3"
"HG-149652","3"
"HG-149653","3"
"HG-149654","4"
"HG-150251","3"
"HG-150252","3"
"HG-150253","3"
"HG-150254","4"
"HG-48451","4"
"HG-48452","3"
"HG-49651","2"
"HG-50251","3"
"HG-50252","2"
"HH-150101","4"
"HH-150102","3"
"HH-150103","4"
"HH-150104","2"
"HH-50102","2"
"HJ-148751","4"
"HJ-148752","4"
"HJ-148753","2"
"HJ-148754","3"
"HJ-48751","2"
"HJ-48752","2"
"HK-148901","3"
"HK-148902","4"
"HK-148903","3"
"HK-148904","4"
"HK-48903","2"
"HL-150401","2"
"HL-150402","3"
"HL-150403","3"
"HL-150404","3"
"HL-50401","2"
"HL-50402","2"
"HM-148601","4"
"HM-148602","4"
"HM-148603","3"
"HM-148604","4"
"HM-149801","4"
"HM-149802","3"
"HM-149803","3"
"HM-149804","3"
"HM-48601","2"
"HM-48602","2"
"HM-49802","2"
"HP-148151","3"
"HP-148152","3"
"HP-148153","4"
"HP-148154","3"
"HP-48152","2"
"HR-147701","2"
"HR-147702","4"
"HR-147703","2"
"HR-147704","3"
"HR-148301","2"
"HR-148302","2"
"HR-148303","3"
"HR-148304","3"
"HR-47701","3"
"HR-47703","3"
"HR-48302","2"
"HW-149351","3"
"HW-149352","4"
"HW-149353","3"
"HW-149354","3"
"HW-49351","2"
"HW-49352","4"
"HZ-149501","4"
"HZ-149502","2"
"HZ-149503","2"
"HZ-149504","2"
"HZ-49501","3"
"HZ-49502","2"
"IG-150851","2"
"IG-150852","3"
"IG-150853","4"
"IG-150854","4"
"IG-50851","4"
"IG-50852","3"
"IL-151001","3"
"IL-151002","3"
"IL-151003","3"
"IL-151004","4"
"IL-51001","2"
"IL-51002","3"
"IM-150551","2"
"IM-150552","4"
"IM-150553","3"
"IM-150554","2"
"IM-150701","3"
"IM-150702","2"
"IM-150703","4"
"IM-150704","3"
"IM-50551","3"
"IM-50552","2"
"IM-50702","3"
"JA-159701","2"
"JA-159702","4"
"JA-159703","3"
"JA-159704","3"
"JA-59701","2"
"JA-59702","2"
"JB-154001","3"
"JB-154002","3"
"JB-154003","3"
"JB-154004","4"
"JB-159251","3"
"JB-159252","2"
"JB-159253","2"
"JB-159254","2"
"JB-160001","3"
"JB-160002","4"
"JB-160003","4"
"JB-160004","2"
"JB-160451","3"
"JB-160452","3"
"JB-160453","4"
"JB-160454","3"
"JB-54001","2"
"JB-54002","3"
"JB-59251","2"
"JB-59252","3"
"JB-60001","4"
"JB-60002","3"
"JB-60451","2"
"JB-60452","3"
"JC-153401","4"
"JC-153402","3"
"JC-153403","3"
"JC-153404","3"
"JC-153851","2"
"JC-153852","3"
"JC-153853","3"
"JC-157751","2"
"JC-157752","4"
"JC-157754","4"
"JC-161051","2"
"JC-161052","4"
"JC-161053","3"
"JC-161054","3"
"JC-53401","3"
"JC-53851","3"
"JC-53852","2"
"JC-61052","3"
"JD-157901","4"
"JD-157902","3"
"JD-157903","4"
"JD-157904","3"
"JD-158951","3"
"JD-158952","2"
"JD-158953","4"
"JD-158954","3"
"JD-160151","4"
"JD-160152","3"
"JD-160153","3"
"JD-160154","2"
"JD-160601","2"
"JD-160602","4"
"JD-160603","3"
"JD-160604","3"
"JD-161501","2"
"JD-161502","2"
"JD-161503","3"
"JD-161504","4"
"JD-57901","2"
"JD-57902","3"
"JD-58951","2"
"JD-58953","2"
"JD-60151","3"
"JD-60152","4"
"JD-60601","3"
"JD-60602","2"
"JD-61502","3"
"JE-154751","3"
"JE-154752","4"
"JE-154753","2"
"JE-154754","3"
"JE-156101","3"
"JE-156102","3"
"JE-156103","3"
"JE-156104","4"
"JE-157151","4"
"JE-157152","4"
"JE-157153","3"
"JE-157154","4"
"JE-157451","4"
"JE-157452","2"
"JE-157453","3"
"JE-157454","4"
"JE-161651","4"
"JE-161652","2"
"JE-161653","3"
"JE-161654","2"
"JE-54751","2"
"JE-54752","3"
"JE-56101","2"
"JE-56102","2"
"JE-57151","3"
"JE-57152","3"
"JE-57452","4"
"JE-61651","3"
"JF-151901","4"
"JF-151902","3"
"JF-151903","4"
"JF-151904","4"
"JF-152951","2"
"JF-152952","4"
"JF-152953","4"
"JF-152954","3"
"JF-153551","3"
"JF-153552","3"
"JF-153553","3"
"JF-153554","3"
"JF-154151","2"
"JF-154152","2"
"JF-154153","4"
"JF-154154","3"
"JF-154901","4"
"JF-154902","3"
"JF-154903","3"
"JF-154904","4"
"JF-155651","3"
"JF-155652","4"
"JF-155653","2"
"JF-155654","4"
"JF-51901","2"
"JF-51902","4"
"JF-52951","2"
"JF-52953","4"
"JF-53551","3"
"JF-53552","4"
"JF-54151","2"
"JF-54152","3"
"JF-54901","2"
"JF-54902","3"
"JF-55652","2"
"JG-151151","3"
"JG-151152","2"
"JG-151153","3"
"JG-151154","2"
"JG-151601","4"
"JG-151602","3"
"JG-151603","4"
"JG-151604","4"
"JG-153101","3"
"JG-153102","4"
"JG-153103","3"
"JG-153104","2"
"JG-158051","4"
"JG-158052","3"
"JG-158053","3"
"JG-158054","4"
"JG-51151","3"
"JG-51152","3"
"JG-51601","4"
"JG-51602","2"
"JG-53101","3"
"JG-58052","2"
"JH-154301","3"
"JH-154302","3"
"JH-154303","4"
"JH-154304","2"
"JH-158201","2"
"JH-158202","4"
"JH-158203","4"
"JH-158204","3"
"JH-159101","4"
"JH-159102","4"
"JH-159103","3"
"JH-159104","3"
"JH-159851","4"
"JH-159852","3"
"JH-159853","3"
"JH-159854","4"
"JH-161801","3"
"JH-161802","4"
"JH-161803","3"
"JH-161804","2"
"JH-54301","3"
"JH-58201","2"
"JH-58202","3"
"JH-59101","3"
"JH-59103","3"
"JH-59851","3"
"JH-61801","3"
"JH-61803","2"
"JJ-154451","4"
"JJ-154452","4"
"JJ-154453","2"
"JJ-154454","2"
"JJ-157601","4"
"JJ-157602","4"
"JJ-157603","2"
"JJ-54451","2"
"JJ-54452","3"
"JJ-57602","3"
"JK-152051","2"
"JK-152052","3"
"JK-152053","4"
"JK-152054","4"
"JK-153251","4"
"JK-153252","4"
"JK-153253","2"
"JK-153254","3"
"JK-153701","2"
"JK-153702","3"
"JK-153703","3"
"JK-153704","4"
"JK-156251","3"
"JK-156252","2"
"JK-156253","3"
"JK-156254","3"
"JK-156401","3"
"JK-156402","2"
"JK-156403","4"
"JK-156404","3"
"JK-157301","3"
"JK-157302","3"
"JK-157303","4"
"JK-157304","4"
"JK-160901","3"
"JK-160902","4"
"JK-160903","4"
"JK-160904","2"
"JK-161201","3"
"JK-161202","4"
"JK-161203","4"
"JK-161204","4"
"JK-52052","3"
"JK-53251","2"
"JK-53701","2"
"JK-53702","2"
"JK-56251","4"
"JK-56402","3"
"JK-57301","2"
"JK-57302","2"
"JK-60901","2"
"JK-61201","3"
"JK-61203","2"
"JL-151301","2"
"JL-151302","3"
"JL-151303","3"
"JL-151304","3"
"JL-151751","3"
"JL-151752","2"
"JL-151753","4"
"JL-151754","4"
"JL-152351","4"
"JL-152352","4"
"JL-152353","3"
"JL-152354","4"
"JL-155051","2"
"JL-155052","4"
"JL-155053","2"
"JL-155054","3"
"JL-158351","4"
"JL-158352","2"
"JL-158353","4"
"JL-158354","4"
"JL-158501","2"
"JL-158502","3"
"JL-158503","3"
"JL-158504","3"
"JL-51301","3"
"JL-51303","3"
"JL-51752","3"
"JL-55052","2"
"JL-58351","2"
"JL-58352","3"
"JL-58501","2"
"JL-58502","2"
"JM-152501","4"
"JM-152502","4"
"JM-152503","3"
"JM-152504","2"
"JM-152651","4"
"JM-152652","3"
"JM-152653","4"
"JM-152654","4"
"JM-155351","4"
"JM-155352","2"
"JM-155354","4"
"JM-155801","3"
"JM-155802","4"
"JM-155803","3"
"JM-155804","2"
"JM-156551","3"
"JM-156552","2"
"JM-156553","4"
"JM-156554","3"
"JM-158651","3"
"JM-158652","4"
"JM-158653","3"
"JM-158654","4"
"JM-161951","4"
"JM-161952","3"
"JM-161953","2"
"JM-161954","4"
"JM-52501","2"
"JM-52502","2"
"JM-52651","2"
"JM-55352","3"
"JM-55801","3"
"JM-55802","2"
"JM-56551","3"
"JM-58651","2"
"JM-61951","2"
"JM-61952","4"
"JO-151451","2"
"JO-151452","4"
"JO-151453","2"
"JO-151454","3"
"JO-152801","4"
"JO-152803","4"
"JO-152804","4"
"JO-155501","2"
"JO-155502","2"
"JO-155503","4"
"JO-155504","2"
"JO-51451","2"
"JO-51452","2"
"JO-52801","3"
"JO-55501","3"
"JO-55502","3"
"JP-154601","3"
"JP-154602","4"
"JP-154603","2"
"JP-154604","4"
"JP-155201","2"
"JP-155202","4"
"JP-155203","4"
"JP-155204","4"
"JP-161351","4"
"JP-161352","4"
"JP-161353","3"
"JP-161354","4"
"JP-54603","3"
"JP-61351","2"
"JP-61352","3"
"JR-156701","3"
"JR-156702","4"
"JR-156703","2"
"JR-156704","2"
"JR-157001","3"
"JR-157002","2"
"JR-157003","4"
"JR-162101","3"
"JR-162102","3"
"JR-162103","3"
"JR-162104","3"
"JR-56701","2"
"JR-56702","3"
"JR-57001","2"
"JR-57002","2"
"JR-62101","2"
"JR-62103","2"
"JS-155951","3"
"JS-155952","2"
"JS-155953","3"
"JS-155954","4"
"JS-156851","2"
"JS-156852","4"
"JS-156853","4"
"JS-156854","2"
"JS-158801","3"
"JS-158802","3"
"JS-158803","2"
"JS-158804","3"
"JS-159402","4"
"JS-159403","3"
"JS-159404","3"
"JS-160301","4"
"JS-160302","4"
"JS-160303","2"
"JS-160304","3"
"JS-55951","2"
"JS-55953","2"
"JS-56851","2"
"JS-56852","3"
"JS-58801","3"
"JS-58802","3"
"JS-59401","2"
"JS-59403","3"
"JS-60301","2"
"JW-152201","3"
"JW-152202","2"
"JW-152203","3"
"JW-152204","3"
"JW-159551","4"
"JW-159552","3"
"JW-159553","4"
"JW-159554","3"
"JW-160751","4"
"JW-160752","4"
"JW-160753","3"
"JW-160754","2"
"JW-52202","3"
"JW-60751","2"
"KA-165251","4"
"KA-165252","3"
"KA-165253","4"
"KA-165254","4"
"KA-65251","3"
"KA-65252","2"
"KB-162401","2"
"KB-162402","4"
"KB-162403","3"
"KB-162404","4"
"KB-163151","3"
"KB-163152","4"
"KB-163153","2"
"KB-163154","4"
"KB-164051","4"
"KB-164052","3"
"KB-164053","3"
"KB-164054","2"
"KB-165851","4"
"KB-165852","4"
"KB-165853","2"
"KB-165854","4"
"KB-166001","4"
"KB-166002","2"
"KB-166003","3"
"KB-166004","4"
"KB-62401","2"
"KB-62402","3"
"KB-63151","2"
"KB-63152","2"
"KB-64051","2"
"KB-65851","2"
"KB-66001","3"
"KB-66003","3"
"KC-162551","4"
"KC-162552","2"
"KC-162553","4"
"KC-162554","3"
"KC-165401","3"
"KC-165402","3"
"KC-165403","4"
"KC-165404","3"
"KC-166751","2"
"KC-166752","3"
"KC-166753","3"
"KC-166754","3"
"KC-62551","2"
"KC-62552","3"
"KC-65401","2"
"KC-65402","2"
"KC-66752","2"
"KD-162701","4"
"KD-162702","4"
"KD-162703","3"
"KD-162704","3"
"KD-163451","3"
"KD-163452","2"
"KD-163454","3"
"KD-164951","4"
"KD-164952","2"
"KD-164953","3"
"KD-164954","4"
"KD-166151","3"
"KD-166152","3"
"KD-166153","3"
"KD-166154","3"
"KD-63451","3"
"KD-63452","2"
"KD-64951","2"
"KD-64952","2"
"KD-66151","3"
"KE-164201","4"
"KE-164202","2"
"KE-164203","2"
"KE-164204","4"
"KE-64201","2"
"KF-162851","2"
"KF-162852","2"
"KF-162853","2"
"KF-162854","3"
"KF-62851","2"
"KF-62852","2"
"KH-163301","4"
"KH-163302","2"
"KH-163303","2"
"KH-163304","3"
"KH-163601","4"
"KH-163602","2"
"KH-163603","4"
"KH-163604","3"
"KH-165101","3"
"KH-165102","3"
"KH-165103","3"
"KH-165104","3"
"KH-166301","3"
"KH-166302","3"
"KH-166303","3"
"KH-166304","4"
"KH-166901","4"
"KH-166902","4"
"KH-166903","4"
"KH-166904","4"
"KH-63301","4"
"KH-63302","3"
"KH-63601","3"
"KH-63602","2"
"KH-65101","2"
"KH-65102","2"
"KH-66302","3"
"KH-66901","3"
"KH-66903","3"
"KL-165551","4"
"KL-165552","3"
"KL-165553","3"
"KL-165554","3"
"KL-166451","3"
"KL-166452","3"
"KL-166453","3"
"KL-166454","4"
"KL-65551","2"
"KL-65552","3"
"KL-66451","2"
"KL-66452","2"
"KM-162251","3"
"KM-162252","2"
"KM-162254","3"
"KM-163751","3"
"KM-163752","4"
"KM-163753","4"
"KM-163754","4"
"KM-166601","4"
"KM-166602","3"
"KM-166603","4"
"KM-166604","4"
"KM-167201","3"
"KM-167202","4"
"KM-167203","3"
"KM-167204","4"
"KM-63751","2"
"KM-63753","2"
"KM-66602","2"
"KM-67201","3"
"KN-163901","4"
"KN-163902","4"
"KN-163903","3"
"KN-163904","3"
"KN-164501","4"
"KN-164502","4"
"KN-164503","2"
"KN-164504","3"
"KN-167051","2"
"KN-167053","2"
"KN-167054","4"
"KN-63902","2"
"KN-64501","4"
"KN-64502","2"
"KN-67052","4"
"KS-163001","2"
"KS-163002","4"
"KS-163003","4"
"KS-163004","2"
"KS-63001","2"
"KT-164651","4"
"KT-164652","2"
"KT-164653","4"
"KT-164654","3"
"KT-164801","4"
"KT-164802","3"
"KT-164803","2"
"KT-164804","4"
"KT-64653","2"
"KT-64801","3"
"KW-164351","2"
"KW-164352","4"
"KW-164353","3"
"KW-164354","3"
"KW-165701","4"
"KW-165702","4"
"KW-165703","4"
"KW-165704","2"
"KW-64351","2"
"KW-65701","2"
"KW-65702","3"
"LA-167801","4"
"LA-167802","4"
"LA-167803","2"
"LA-167804","4"
"LA-67801","2"
"LA-67802","4"
"LB-167351","3"
"LB-167352","4"
"LB-167353","4"
"LB-167354","2"
"LB-167951","4"
"LB-167952","3"
"LB-167953","4"
"LB-167954","3"
"LB-67351","3"
"LB-67353","3"
"LB-67951","3"
"LB-67952","4"
"LC-168701","3"
"LC-168702","2"
"LC-168703","3"
"LC-168704","3"
"LC-168851","4"
"LC-168852","3"
"LC-168853","2"
"LC-168854","4"
"LC-169301","3"
"LC-169302","3"
"LC-169303","3"
"LC-169304","3"
"LC-169601","3"
"LC-169602","3"
"LC-169603","2"
"LC-169604","2"
"LC-170501","3"
"LC-170502","3"
"LC-170503","4"
"LC-170504","3"
"LC-171401","2"
"LC-171402","4"
"LC-171403","4"
"LC-171404","4"
"LC-68701","2"
"LC-68702","4"
"LC-68851","4"
"LC-69301","3"
"LC-69302","2"
"LC-69601","2"
"LC-69602","4"
"LC-70501","3"
"LC-71403","2"
"LD-168551","4"
"LD-168552","4"
"LD-168553","4"
"LD-170051","4"
"LD-170052","4"
"LD-170053","4"
"LD-170054","2"
"LD-68551","3"
"LD-68552","2"
"LD-70053","2"
"LE-168101","4"
"LE-168102","4"
"LE-168104","4"
"LE-68101","4"
"LF-171851","3"
"LF-171852","3"
"LF-171853","2"
"LF-171854","4"
"LF-71852","2"
"LH-167501","3"
"LH-167503","4"
"LH-167504","2"
"LH-169001","4"
"LH-169002","3"
"LH-169003","3"
"LH-169004","4"
"LH-170201","3"
"LH-170202","3"
"LH-170203","3"
"LH-170204","4"
"LH-171551","4"
"LH-171552","3"
"LH-171553","2"
"LH-171554","3"
"LH-67502","2"
"LH-69001","2"
"LH-70201","2"
"LL-168401","3"
"LL-168402","4"
"LL-168403","2"
"LL-168404","3"
"LL-68401","3"
"LL-68402","4"
"LM-170651","3"
"LM-170652","2"
"LM-170653","3"
"LM-170654","3"
"LM-70651","2"
"LO-171701","4"
"LO-171702","4"
"LO-171703","3"
"LO-171704","2"
"LO-71701","2"
"LO-71702","3"
"LP-170801","4"
"LP-170802","3"
"LP-170803","4"
"LP-170804","3"
"LP-170951","3"
"LP-170952","2"
"LP-170953","2"
"LP-170954","2"
"LP-70801","3"
"LP-70802","2"
"LP-70953","2"
"LR-169151","4"
"LR-169152","3"
"LR-169153","4"
"LR-169154","4"
"LR-170351","3"
"LR-170352","4"
"LR-170353","3"
"LR-170354","4"
"LR-69152","2"
"LR-70351","3"
"LR-70352","2"
"LS-169451","3"
"LS-169452","3"
"LS-169453","3"
"LS-169454","3"
"LS-169751","3"
"LS-169752","3"
"LS-169753","4"
"LS-169754","4"
"LS-172001","4"
"LS-172002","2"
"LS-172003","3"
"LS-172004","3"
"LS-172301","3"
"LS-172302","3"
"LS-172303","3"
"LS-172304","2"
"LS-172451","3"
"LS-172452","2"
"LS-172453","4"
"LS-172454","4"
"LS-69451","2"
"LS-69453","3"
"LS-72001","2"
"LS-72301","3"
"LS-72302","4"
"LS-72451","2"
"LS-72452","2"
"LT-167651","4"
"LT-167652","3"
"LT-167653","4"
"LT-167654","3"
"LT-171101","4"
"LT-171102","4"
"LT-171103","3"
"LT-171104","4"
"LT-67651","2"
"LT-71102","2"
"LW-168251","4"
"LW-168252","2"
"LW-168253","2"
"LW-168254","3"
"LW-169901","3"
"LW-169902","3"
"LW-169903","3"
"LW-169904","2"
"LW-171252","4"
"LW-171253","3"
"LW-171254","3"
"LW-172151","4"
"LW-172152","3"
"LW-172153","4"
"LW-172154","3"
"LW-68251","3"
"LW-68252","3"
"LW-69901","3"
"LW-69902","4"
"LW-71251","3"
"LW-71252","3"
"LW-72151","3"
"MA-175601","3"
"MA-175602","3"
"MA-175603","2"
"MA-175604","4"
"MA-179951","3"
"MA-179952","2"
"MA-179953","4"
"MA-179954","4"
"MA-75602","2"
"MA-79951","4"
"MA-79953","2"
"MB-173051","2"
"MB-173052","3"
"MB-173053","2"
"MB-173054","4"
"MB-180851","2"
"MB-180852","4"
"MB-180853","4"
"MB-180854","3"
"MB-73051","3"
"MB-73052","3"
"MB-80851","2"
"MB-80852","3"
"MC-172751","4"
"MC-172752","4"
"MC-172753","3"
"MC-172754","4"
"MC-174251","4"
"MC-174252","3"
"MC-174253","3"
"MC-174254","3"
"MC-175751","3"
"MC-175752","3"
"MC-175753","3"
"MC-175754","4"
"MC-175902","3"
"MC-175903","3"
"MC-175904","3"
"MC-176051","4"
"MC-176052","3"
"MC-176053","2"
"MC-176054","4"
"MC-176351","3"
"MC-176352","3"
"MC-176353","4"
"MC-176354","3"
"MC-178451","4"
"MC-178452","2"
"MC-178453","4"
"MC-178454","3"
"MC-181001","3"
"MC-181002","3"
"MC-181003","4"
"MC-181004","4"
"MC-181301","3"
"MC-181302","3"
"MC-181303","4"
"MC-181304","3"
"MC-72751","3"
"MC-72752","2"
"MC-74251","3"
"MC-75751","2"
"MC-75752","3"
"MC-75901","2"
"MC-76352","2"
"MC-78451","2"
"MC-78452","2"
"MC-81001","3"
"MC-81301","2"
"MC-81302","3"
"MD-173501","3"
"MD-173502","2"
"MD-173503","4"
"MD-173504","4"
"MD-178601","3"
"MD-178602","4"
"MD-178603","4"
"MD-178604","2"
"MD-73501","2"
"MD-73503","2"
"MD-78601","3"
"ME-173201","3"
"ME-173202","4"
"ME-173203","2"
"ME-173204","4"
"ME-177251","4"
"ME-177252","3"
"ME-177253","3"
"ME-177254","4"
"ME-180101","3"
"ME-180102","4"
"ME-180103","3"
"ME-180104","3"
"ME-73201","4"
"ME-73202","2"
"ME-77251","3"
"ME-77253","4"
"MF-176651","4"
"MF-176652","4"
"MF-176653","4"
"MF-176654","2"
"MF-182501","4"
"MF-182502","3"
"MF-182503","4"
"MF-182504","3"
"MF-76651","2"
"MF-82502","4"
"MG-176501","4"
"MG-176502","3"
"MG-176503","4"
"MG-176504","3"
"MG-176801","4"
"MG-176802","3"
"MG-176803","2"
"MG-176804","3"
"MG-176951","3"
"MG-176952","3"
"MG-176953","3"
"MG-176954","3"
"MG-178751","3"
"MG-178752","4"
"MG-178753","4"
"MG-178754","4"
"MG-178901","4"
"MG-178902","4"
"MG-178903","3"
"MG-178904","4"
"MG-181451","2"
"MG-181452","2"
"MG-181453","3"
"MG-181454","3"
"MG-182051","3"
"MG-182052","3"
"MG-182053","4"
"MG-76801","2"
"MG-76802","2"
"MG-76951","3"
"MG-76952","3"
"MG-81451","2"
"MG-82051","2"
"MG-82053","3"
"MH-172901","2"
"MH-172902","3"
"MH-172903","4"
"MH-172904","4"
"MH-174401","4"
"MH-174402","4"
"MH-174403","4"
"MH-174404","2"
"MH-174551","3"
"MH-174552","3"
"MH-174553","3"
"MH-174554","4"
"MH-176201","2"
"MH-176202","3"
"MH-176203","4"
"MH-176204","3"
"MH-177851","4"
"MH-177852","4"
"MH-177853","3"
"MH-177854","4"
"MH-180252","2"
"MH-180253","3"
"MH-180254","3"
"MH-181151","3"
"MH-181152","2"
"MH-181153","4"
"MH-181154","2"
"MH-74401","2"
"MH-74403","2"
"MH-74551","2"
"MH-74552","4"
"MH-76201","2"
"MH-76203","2"
"MH-77851","3"
"MH-80251","2"
"MH-80253","3"
"MH-81151","2"
"MH-81152","2"
"MJ-177401","4"
"MJ-177402","2"
"MJ-177403","3"
"MJ-177404","3"
"MJ-77401","2"
"MK-179051","4"
"MK-179052","3"
"MK-179053","4"
"MK-179054","4"
"MK-181601","4"
"MK-181602","2"
"MK-181603","3"
"MK-181604","3"
"MK-79051","3"
"MK-79052","2"
"MK-79053","3"
"MK-81601","2"
"MK-81603","4"
"ML-173951","4"
"ML-173952","3"
"ML-173953","2"
"ML-173954","4"
"ML-174101","4"
"ML-174102","3"
"ML-174103","4"
"ML-174104","3"
"ML-177551","3"
"ML-177552","3"
"ML-177553","2"
"ML-177554","2"
"ML-180401","4"
"ML-180402","4"
"ML-180403","2"
"ML-182651","4"
"ML-182652","4"
"ML-182653","2"
"ML-182654","2"
"ML-73951","3"
"ML-73952","2"
"ML-74101","2"
"ML-77551","2"
"ML-80401","3"
"ML-80403","2"
"ML-82651","2"
"ML-82652","2"
"MM-172601","4"
"MM-172602","3"
"MM-172603","3"
"MM-172604","3"
"MM-179201","4"
"MM-179202","3"
"MM-179203","4"
"MM-179204","4"
"MM-180552","4"
"MM-180553","4"
"MM-180554","3"
"MM-182801","3"
"MM-182802","2"
"MM-182803","3"
"MM-182804","4"
"MM-72603","3"
"MM-79201","3"
"MM-80552","3"
"MM-82801","2"
"MM-82802","4"
"MN-179351","2"
"MN-179352","3"
"MN-179353","2"
"MN-179354","3"
"MN-79351","2"
"MN-79352","2"
"MO-175001","3"
"MO-175002","3"
"MO-175003","4"
"MO-175004","3"
"MO-178001","2"
"MO-178002","2"
"MO-178003","3"
"MO-178004","3"
"MO-179502","4"
"MO-179503","3"
"MO-179504","2"
"MO-75001","2"
"MO-75002","2"
"MO-78001","3"
"MO-78002","3"
"MO-79502","2"
"MP-174701","3"
"MP-174702","3"
"MP-174703","3"
"MP-174704","3"
"MP-179651","4"
"MP-179652","3"
"MP-179653","3"
"MP-179654","3"
"MP-181751","4"
"MP-181752","4"
"MP-181753","3"
"MP-181754","4"
"MP-74701","2"
"MP-79651","3"
"MP-79652","3"
"MP-81751","2"
"MP-81752","2"
"MR-175451","3"
"MR-175452","4"
"MR-175453","2"
"MR-175454","2"
"MR-75451","3"
"MR-75452","3"
"MS-173651","3"
"MS-173652","3"
"MS-173653","4"
"MS-173654","4"
"MS-175301","3"
"MS-175302","3"
"MS-175303","2"
"MS-175304","3"
"MS-177101","3"
"MS-177102","4"
"MS-177103","4"
"MS-177104","3"
"MS-177701","3"
"MS-177702","4"
"MS-177703","4"
"MS-177704","4"
"MS-178301","3"
"MS-178302","3"
"MS-178303","4"
"MS-178304","3"
"MS-179801","3"
"MS-179802","3"
"MS-179803","4"
"MS-179804","3"
"MS-73651","3"
"MS-75302","3"
"MS-77101","2"
"MS-77102","3"
"MS-77701","2"
"MS-78302","2"
"MS-79801","2"
"MS-79802","2"
"MT-178151","4"
"MT-178152","3"
"MT-178153","3"
"MT-178154","3"
"MT-180701","4"
"MT-180702","3"
"MT-180703","3"
"MT-180704","4"
"MT-78152","3"
"MT-80701","2"
"MT-80702","3"
"MV-174851","3"
"MV-174852","3"
"MV-174853","2"
"MV-174854","4"
"MV-181901","4"
"MV-181902","3"
"MV-181903","2"
"MV-181904","4"
"MV-74851","2"
"MV-74852","2"
"MV-81901","3"
"MV-81902","2"
"MW-182201","4"
"MW-182202","3"
"MW-182203","3"
"MW-182204","4"
"MW-182351","3"
"MW-182352","4"
"MW-182353","3"
"MW-182354","2"
"MW-82201","3"
"MW-82202","3"
"MW-82351","4"
"MY-173801","3"
"MY-173802","3"
"MY-173803","3"
"MY-173804","3"
"MY-182951","4"
"MY-182952","4"
"MY-182953","2"
"MY-182954","3"
"MY-73801","2"
"MY-73802","2"
"MY-82951","2"
"MY-82952","3"
"MZ-173351","4"
"MZ-173352","3"
"MZ-173353","4"
"MZ-173354","3"
"MZ-175151","3"
"MZ-175152","4"
"MZ-175153","3"
"MZ-175154","4"
"MZ-73352","2"
"MZ-75151","2"
"MZ-75153","2"
"NB-185801","2"
"NB-185802","2"
"NB-185803","2"
"NB-186551","2"
"NB-186552","3"
"NB-186553","2"
"NB-186554","4"
"NB-85801","2"
"NB-85803","2"
"NB-86552","2"
"NC-183401","4"
"NC-183402","4"
"NC-183403","2"
"NC-183404","4"
"NC-184151","3"
"NC-184152","2"
"NC-184153","2"
"NC-184154","4"
"NC-185351","3"
"NC-185352","4"
"NC-185354","3"
"NC-186251","4"
"NC-186252","4"
"NC-186253","3"
"NC-186254","4"
"NC-83401","3"
"NC-84151","2"
"NC-84152","2"
"NC-85351","3"
"NC-85352","2"
"ND-183701","2"
"ND-183702","2"
"ND-183703","3"
"ND-183704","4"
"ND-184601","2"
"ND-184602","3"
"ND-184603","4"
"ND-184604","3"
"ND-83701","2"
"ND-83702","3"
"ND-84601","3"
"ND-84603","3"
"NF-183851","3"
"NF-183852","4"
"NF-183853","2"
"NF-183854","4"
"NF-184751","3"
"NF-184752","3"
"NF-184753","3"
"NF-184754","3"
"NF-185951","3"
"NF-185952","3"
"NF-185953","2"
"NF-185954","3"
"NF-83851","3"
"NF-83853","3"
"NF-84753","2"
"NF-85952","2"
"NG-183551","2"
"NG-183552","3"
"NG-183553","3"
"NG-183554","3"
"NG-184301","4"
"NG-184302","3"
"NG-184303","4"
"NG-184304","3"
"NG-83551","2"
"NG-83552","2"
"NG-83553","3"
"NG-84303","3"
"NH-186101","3"
"NH-186102","4"
"NH-186104","4"
"NH-86103","2"
"NK-184901","2"
"NK-184902","3"
"NK-184903","4"
"NK-184904","3"
"NK-84901","4"
"NL-183101","4"
"NL-183102","3"
"NL-183103","3"
"NL-183104","4"
"NM-184451","4"
"NM-184452","4"
"NM-184453","3"
"NM-184454","3"
"NM-185201","4"
"NM-185202","3"
"NM-185203","2"
"NM-185204","3"
"NM-84451","3"
"NM-84453","3"
"NP-183251","3"
"NP-183252","3"
"NP-183253","4"
"NP-183254","3"
"NP-186701","4"
"NP-186702","3"
"NP-186703","2"
"NP-186704","3"
"NP-186851","3"
"NP-186852","3"
"NP-186853","3"
"NP-186854","3"
"NP-187001","4"
"NP-187002","4"
"NP-187003","3"
"NP-187004","3"
"NP-83251","2"
"NP-83253","2"
"NP-86701","2"
"NP-86702","2"
"NP-86851","2"
"NP-87001","2"
"NP-87002","2"
"NR-185501","3"
"NR-185502","4"
"NR-185503","4"
"NR-185504","3"
"NR-85501","2"
"NR-85502","3"
"NS-185051","3"
"NS-185052","2"
"NS-185053","4"
"NS-185054","2"
"NS-186401","3"
"NS-186402","3"
"NS-186403","4"
"NS-186404","4"
"NS-85051","2"
"NS-85052","2"
"NS-86401","3"
"NS-86402","2"
"NW-184001","4"
"NW-184002","2"
"NW-184003","4"
"NW-184004","4"
"NW-84003","3"
"NZ-185651","4"
"NZ-185652","4"
"NZ-185653","3"
"NZ-185654","4"
"NZ-85651","2"
"ON-187151","4"
"ON-187152","4"
"ON-187153","3"
"ON-187154","3"
"ON-87151","2"
"ON-87152","2"
"OT-187301","4"
"OT-187302","2"
"OT-187303","3"
"OT-187304","3"
"OT-87301","2"
"OT-87302","2"
"PA-190601","4"
"PA-190602","2"
"PA-190603","4"
"PA-190604","4"
"PA-90601","3"
"PA-90602","2"
"PB-188051","3"
"PB-188052","4"
"PB-188053","3"
"PB-188054","3"
"PB-191051","2"
"PB-191052","3"
"PB-191053","3"
"PB-191054","3"
"PB-191501","3"
"PB-191502","4"
"PB-191503","4"
"PB-191504","4"
"PB-192101","4"
"PB-192102","3"
"PB-192103","3"
"PB-192104","2"
"PB-88051","2"
"PB-88052","2"
"PB-88053","2"
"PB-91501","2"
"PB-91502","4"
"PB-92101","2"
"PB-92102","4"
"PC-187451","4"
"PC-187452","2"
"PC-187453","2"
"PC-187454","3"
"PC-190001","4"
"PC-190002","2"
"PC-190003","2"
"PC-190004","2"
"PC-87451","2"
"PC-87452","2"
"PC-90001","2"
"PF-191201","4"
"PF-191202","4"
"PF-191203","4"
"PF-191204","2"
"PF-191651","4"
"PF-191652","4"
"PF-191653","4"
"PF-191654","4"
"PF-192251","3"
"PF-192252","4"
"PF-192253","3"
"PF-192254","2"
"PF-91201","3"
"PF-91203","3"
"PF-91651","2"
"PF-91652","3"
"PF-92251","3"
"PF-92252","3"
"PG-188201","4"
"PG-188202","3"
"PG-188203","4"
"PG-188204","4"
"PG-188951","3"
"PG-188952","3"
"PG-188953","2"
"PG-188954","4"
"PG-88202","2"
"PG-88951","2"
"PG-88952","2"
"PH-187901","4"
"PH-187903","4"
"PH-87901","3"
"PH-87902","3"
"PJ-188351","2"
"PJ-188352","3"
"PJ-188353","3"
"PJ-188354","4"
"PJ-190151","3"
"PJ-190152","4"
"PJ-190153","2"
"PJ-190154","4"
"PJ-88351","3"
"PJ-88352","2"
"PJ-90152","4"
"PK-189101","2"
"PK-189102","2"
"PK-189103","3"
"PK-189104","2"
"PK-190751","3"
"PK-190752","3"
"PK-190753","4"
"PK-190754","3"
"PK-89101","3"
"PL-189251","4"
"PL-189252","3"
"PL-189253","2"
"PL-189254","3"
"PL-89251","2"
"PM-189401","2"
"PM-189402","4"
"PM-189403","4"
"PM-189404","3"
"PM-191351","3"
"PM-191352","4"
"PM-191353","2"
"PM-191354","3"
"PM-89401","3"
"PM-89402","3"
"PM-91351","3"
"PM-91352","2"
"PN-187751","4"
"PN-187752","4"
"PN-187753","2"
"PN-187754","3"
"PN-87751","3"
"PN-87752","2"
"PO-188501","4"
"PO-188502","4"
"PO-188503","4"
"PO-188504","4"
"PO-188651","3"
"PO-188652","4"
"PO-188653","4"
"PO-188654","3"
"PO-191801","3"
"PO-191802","2"
"PO-191803","3"
"PO-191804","3"
"PO-191951","4"
"PO-191952","2"
"PO-191953","3"
"PO-191954","3"
"PO-88502","2"
"PO-88651","3"
"PO-91801","3"
"PO-91802","2"
"PO-91803","2"
"PO-91951","2"
"PO-91953","3"
"PP-189551","3"
"PP-189552","3"
"PP-189553","3"
"PP-189554","4"
"PP-89551","2"
"PR-188801","4"
"PR-188802","4"
"PR-188803","3"
"PR-188804","3"
"PR-88801","2"
"PS-187601","4"
"PS-187602","3"
"PS-187603","3"
"PS-187604","4"
"PS-189701","3"
"PS-189702","4"
"PS-189703","4"
"PS-189704","4"
"PS-190451","4"
"PS-190452","3"
"PS-190453","4"
"PS-190454","4"
"PS-87602","3"
"PS-89702","2"
"PS-90451","3"
"PS-90452","3"
"PT-190901","3"
"PT-190902","3"
"PT-190903","3"
"PT-190904","3"
"PT-90902","3"
"PV-189851","4"
"PV-189852","3"
"PV-189853","3"
"PV-189854","3"
"PV-89851","3"
"PW-190301","4"
"PW-190302","3"
"PW-190303","3"
"PW-190304","4"
"PW-192401","3"
"PW-192402","3"
"PW-192403","3"
"PW-192404","3"
"PW-90302","2"
"PW-92401","2"
"PW-92402","2"
"QJ-192551","3"
"QJ-192552","2"
"QJ-192553","4"
"QJ-192554","4"
"QJ-92552","2"
"RA-192852","3"
"RA-192853","4"
"RA-192854","4"
"RA-198851","3"
"RA-198852","4"
"RA-198853","2"
"RA-198854","4"
"RA-199151","3"
"RA-199152","4"
"RA-199153","3"
"RA-199154","4"
"RA-199451","2"
"RA-199452","3"
"RA-199453","3"
"RA-199454","3"
"RA-92851","3"
"RA-92853","3"
"RA-98852","2"
"RA-98853","2"
"RA-99451","3"
"RA-99452","3"
"RB-193301","4"
"RB-193302","4"
"RB-193303","4"
"RB-193304","2"
"RB-193601","4"
"RB-193602","4"
"RB-193603","3"
"RB-193604","2"
"RB-194351","3"
"RB-194352","2"
"RB-194353","4"
"RB-194354","3"
"RB-194651","4"
"RB-194652","4"
"RB-194653","4"
"RB-194654","3"
"RB-195701","2"
"RB-195702","4"
"RB-195703","4"
"RB-195704","2"
"RB-196451","2"
"RB-196452","3"
"RB-196453","3"
"RB-196454","3"
"RB-197051","3"
"RB-197052","3"
"RB-197053","2"
"RB-197054","2"
"RB-197951","3"
"RB-197952","2"
"RB-197953","4"
"RB-197954","4"
"RB-93301","2"
"RB-93302","2"
"RB-93601","2"
"RB-94351","2"
"RB-94352","3"
"RB-94652","2"
"RB-95702","3"
"RB-96452","2"
"RB-97051","4"
"RB-97053","2"
"RB-97952","2"
"RC-198251","3"
"RC-198252","3"
"RC-198253","4"
"RC-198254","2"
"RC-199601","3"
"RC-199602","3"
"RC-199603","3"
"RC-199604","3"
"RC-99601","2"
"RD-194801","2"
"RD-194802","4"
"RD-194803","3"
"RD-194804","4"
"RD-195851","4"
"RD-195852","3"
"RD-195853","2"
"RD-195854","4"
"RD-196601","4"
"RD-196602","2"
"RD-196603","2"
"RD-196604","3"
"RD-197201","4"
"RD-197202","4"
"RD-197203","3"
"RD-197204","4"
"RD-198101","3"
"RD-198102","2"
"RD-198103","3"
"RD-198104","3"
"RD-199001","3"
"RD-199003","3"
"RD-199004","4"
"RD-199301","4"
"RD-199303","3"
"RD-199304","3"
"RD-94801","2"
"RD-94803","2"
"RD-95851","3"
"RD-96601","3"
"RD-97201","2"
"RD-97202","3"
"RD-98101","2"
"RD-98102","2"
"RD-99001","3"
"RD-99002","3"
"RD-99301","2"
"RD-99302","4"
"RE-194051","4"
"RE-194052","3"
"RE-194053","3"
"RE-194501","4"
"RE-194502","3"
"RE-194504","4"
"RE-94051","2"
"RE-94501","4"
"RE-94502","3"
"RF-193451","4"
"RF-193452","2"
"RF-193453","3"
"RF-193454","3"
"RF-197351","4"
"RF-197352","2"
"RF-197353","3"
"RF-197354","4"
"RF-198401","2"
"RF-198402","4"
"RF-198403","3"
"RF-198404","4"
"RF-93453","2"
"RF-98402","3"
"RH-194951","4"
"RH-194952","4"
"RH-194953","3"
"RH-194954","3"
"RH-195101","4"
"RH-195102","3"
"RH-195103","3"
"RH-195104","3"
"RH-195551","3"
"RH-195552","3"
"RH-195553","2"
"RH-195554","2"
"RH-196001","2"
"RH-196002","4"
"RH-196003","3"
"RH-196004","2"
"RH-94952","2"
"RH-95101","2"
"RH-95102","2"
"RH-95551","2"
"RH-95552","3"
"RH-96001","2"
"RH-96003","2"
"RK-193001","3"
"RK-193002","2"
"RK-193003","4"
"RK-193004","2"
"RK-93001","2"
"RK-93002","2"
"RL-196151","2"
"RL-196152","3"
"RL-196153","3"
"RL-196154","4"
"RL-96151","2"
"RL-96152","3"
"RM-193751","4"
"RM-193752","4"
"RM-193753","3"
"RM-193754","4"
"RM-196751","2"
"RM-196752","4"
"RM-196753","2"
"RM-196754","3"
"RM-197501","4"
"RM-197502","3"
"RM-197503","3"
"RM-93752","2"
"RM-96753","4"
"RM-97502","2"
"RO-197801","4"
"RO-197802","4"
"RO-197803","3"
"RO-197804","3"
"RO-97801","3"
"RO-97802","2"
"RP-192701","4"
"RP-192702","4"
"RP-192703","3"
"RP-192704","3"
"RP-193901","4"
"RP-193902","3"
"RP-193903","3"
"RP-193904","4"
"RP-198551","2"
"RP-198552","3"
"RP-198553","2"
"RP-198554","4"
"RP-92702","3"
"RP-93901","3"
"RP-93902","2"
"RP-98551","2"
"RP-98552","2"
"RR-193151","4"
"RR-193152","3"
"RR-193153","2"
"RR-193154","2"
"RR-195251","3"
"RR-195252","3"
"RR-195253","3"
"RR-195254","4"
"RR-93152","3"
"RR-95251","2"
"RR-95252","3"
"RS-194201","4"
"RS-194202","4"
"RS-194203","2"
"RS-194204","3"
"RS-197651","4"
"RS-197652","3"
"RS-197653","3"
"RS-197654","3"
"RS-198701","3"
"RS-198702","3"
"RS-198703","3"
"RS-198704","2"
"RS-94201","2"
"RS-97651","3"
"RS-97652","2"
"RS-98701","3"
"RS-98702","2"
"RW-195401","4"
"RW-195402","4"
"RW-195403","2"
"RW-195404","2"
"RW-196301","3"
"RW-196302","4"
"RW-196303","4"
"RW-196304","3"
"RW-196901","4"
"RW-196902","3"
"RW-196903","3"
"RW-196904","2"
"RW-95401","2"
"RW-96902","3"
"SA-108301","2"
"SA-108303","2"
"SA-208301","4"
"SA-208302","2"
"SA-208303","4"
"SA-208304","4"
"SB-101702","2"
"SB-101851","2"
"SB-102901","2"
"SB-201701","4"
"SB-201702","3"
"SB-201703","2"
"SB-201704","2"
"SB-201851","3"
"SB-201852","4"
"SB-201853","4"
"SB-201854","3"
"SB-202901","3"
"SB-202902","3"
"SB-202903","4"
"SB-202904","4"
"SC-100202","2"
"SC-100501","3"
"SC-100502","2"
"SC-100951","3"
"SC-100952","2"
"SC-102301","2"
"SC-102602","3"
"SC-103051","2"
"SC-103801","2"
"SC-103802","2"
"SC-104401","2"
"SC-105751","2"
"SC-106801","2"
"SC-106802","2"
"SC-106951","3"
"SC-107251","3"
"SC-107252","2"
"SC-107703","3"
"SC-108452","2"
"SC-200201","4"
"SC-200202","4"
"SC-200203","3"
"SC-200204","2"
"SC-200501","4"
"SC-200502","2"
"SC-200503","3"
"SC-200504","4"
"SC-200951","4"
"SC-200952","4"
"SC-200953","2"
"SC-200954","4"
"SC-202301","4"
"SC-202302","3"
"SC-202303","2"
"SC-202304","2"
"SC-202601","4"
"SC-202602","2"
"SC-202603","4"
"SC-202604","3"
"SC-203051","3"
"SC-203052","3"
"SC-203053","3"
"SC-203054","4"
"SC-203801","4"
"SC-203802","4"
"SC-203803","3"
"SC-203804","4"
"SC-204401","3"
"SC-204402","3"
"SC-204403","2"
"SC-204404","2"
"SC-205751","4"
"SC-205752","4"
"SC-205753","4"
"SC-205754","3"
"SC-206801","4"
"SC-206802","3"
"SC-206803","3"
"SC-206804","4"
"SC-206951","4"
"SC-206952","3"
"SC-206953","4"
"SC-206954","4"
"SC-207251","2"
"SC-207252","4"
"SC-207253","4"
"SC-207254","4"
"SC-207701","4"
"SC-207702","4"
"SC-207703","4"
"SC-207704","3"
"SC-208001","4"
"SC-208002","3"
"SC-208003","3"
"SC-208004","3"
"SC-208451","3"
"SC-208452","3"
"SC-208453","4"
"SC-208454","2"
"SD-104851","2"
"SD-104852","2"
"SD-204851","4"
"SD-204852","4"
"SD-204853","3"
"SD-204854","4"
"SE-201101","4"
"SE-201102","4"
"SE-201103","3"
"SE-201104","4"
"SF-100651","2"
"SF-100652","3"
"SF-102001","3"
"SF-102002","2"
"SF-109651","2"
"SF-109652","2"
"SF-200651","4"
"SF-200652","3"
"SF-200653","2"
"SF-200654","4"
"SF-202001","3"
"SF-202002","3"
"SF-202003","2"
"SF-202004","4"
"SF-209651","3"
"SF-209652","2"
"SF-209653","2"
"SF-209654","4"
"SG-100803","2"
"SG-104702","2"
"SG-106051","2"
"SG-106052","3"
"SG-108901","2"
"SG-108902","2"
"SG-200801","4"
"SG-200802","2"
"SG-200803","3"
"SG-200804","2"
"SG-204701","3"
"SG-204702","4"
"SG-204703","3"
"SG-204704","4"
"SG-206051","4"
"SG-206052","3"
"SG-206053","4"
"SG-206054","3"
"SG-208901","3"
"SG-208902","3"
"SG-208903","3"
"SG-208904","3"
"SH-103951","2"
"SH-106351","2"
"SH-199751","4"
"SH-199752","4"
"SH-199753","3"
"SH-199754","4"
"SH-203951","4"
"SH-203952","4"
"SH-203953","3"
"SH-203954","4"
"SH-206351","4"
"SH-206352","3"
"SH-206353","4"
"SH-206354","2"
"SH-99751","2"
"SH-99752","3"
"SJ-101251","2"
"SJ-101253","4"
"SJ-102151","2"
"SJ-102153","2"
"SJ-105001","3"
"SJ-201251","3"
"SJ-201252","3"
"SJ-201253","3"
"SJ-201254","3"
"SJ-202151","4"
"SJ-202152","4"
"SJ-202153","4"
"SJ-202154","3"
"SJ-205001","4"
"SJ-205002","3"
"SJ-205003","2"
"SJ-205004","3"
"SK-199901","3"
"SK-199902","2"
"SK-199903","4"
"SK-199904","2"
"SK-99901","2"
"SK-99902","3"
"SL-101551","4"
"SL-101553","4"
"SL-201551","3"
"SL-201552","4"
"SL-201553","4"
"SL-201554","4"
"SM-100051","2"
"SM-100052","3"
"SM-103201","3"
"SM-103202","3"
"SM-109051","2"
"SM-109501","2"
"SM-109502","3"
"SM-200051","4"
"SM-200052","4"
"SM-200053","2"
"SM-200054","2"
"SM-203201","2"
"SM-203202","2"
"SM-203203","3"
"SM-203204","3"
"SM-209051","3"
"SM-209052","4"
"SM-209053","2"
"SM-209501","2"
"SM-209502","4"
"SM-209503","3"
"SM-209504","4"
"SN-105601","2"
"SN-105603","2"
"SN-107101","2"
"SN-205601","4"
"SN-205602","3"
"SN-205603","3"
"SN-205604","3"
"SN-207101","2"
"SN-207102","3"
"SN-207103","3"
"SN-207104","4"
"SO-103352","2"
"SO-203351","3"
"SO-203352","3"
"SO-203353","4"
"SO-203354","2"
"SP-105451","3"
"SP-106201","2"
"SP-106202","3"
"SP-106501","2"
"SP-106502","3"
"SP-108601","2"
"SP-109201","2"
"SP-109202","2"
"SP-205451","4"
"SP-205452","3"
"SP-205453","3"
"SP-205454","3"
"SP-206201","3"
"SP-206202","3"
"SP-206203","3"
"SP-206204","4"
"SP-206501","3"
"SP-206502","2"
"SP-206503","2"
"SP-206504","3"
"SP-208601","2"
"SP-208602","4"
"SP-208603","4"
"SP-208604","4"
"SP-209201","2"
"SP-209202","4"
"SP-209203","4"
"SP-209204","3"
"SR-104251","2"
"SR-107401","2"
"SR-204251","3"
"SR-204252","4"
"SR-204253","2"
"SR-204254","2"
"SR-207401","2"
"SR-207402","4"
"SR-207403","3"
"SR-207404","4"
"SS-101401","3"
"SS-101403","3"
"SS-104103","4"
"SS-105152","2"
"SS-105901","2"
"SS-201401","4"
"SS-201402","4"
"SS-201403","4"
"SS-201404","4"
"SS-204101","3"
"SS-204102","2"
"SS-204103","4"
"SS-204104","3"
"SS-205151","3"
"SS-205152","3"
"SS-205153","2"
"SS-205154","3"
"SS-205901","3"
"SS-205902","4"
"SS-205903","3"
"SS-205904","3"
"SS-208751","3"
"SS-208752","3"
"SS-208753","2"
"SS-208754","4"
"ST-105301","2"
"ST-105302","2"
"ST-205301","3"
"ST-205302","3"
"ST-205303","4"
"ST-205304","3"
"SU-106652","2"
"SU-206651","2"
"SU-206652","2"
"SU-206653","3"
"SU-206654","3"
"SV-103652","3"
"SV-107851","3"
"SV-107852","3"
"SV-108151","2"
"SV-108153","3"
"SV-109351","2"
"SV-203651","4"
"SV-203652","3"
"SV-203653","4"
"SV-203654","4"
"SV-207851","3"
"SV-207852","2"
"SV-207853","3"
"SV-207854","4"
"SV-208151","4"
"SV-208152","3"
"SV-208153","4"
"SV-208154","3"
"SV-209351","4"
"SV-209352","3"
"SV-209353","4"
"SV-209354","2"
"SW-102451","2"
"SW-102452","2"
"SW-102753","3"
"SW-103501","2"
"SW-103502","3"
"SW-104551","3"
"SW-104552","2"
"SW-107551","3"
"SW-107553","3"
"SW-202451","4"
"SW-202452","4"
"SW-202453","3"
"SW-202454","4"
"SW-202751","4"
"SW-202752","3"
"SW-202753","4"
"SW-202754","3"
"SW-203501","3"
"SW-203502","3"
"SW-203503","2"
"SW-203504","2"
"SW-204551","3"
"SW-204552","3"
"SW-204554","3"
"SW-207551","3"
"SW-207552","4"
"SW-207553","4"
"SW-207554","2"
"SZ-200351","4"
"SZ-200353","4"
"SZ-200354","4"
"TA-113851","2"
"TA-213851","4"
"TA-213852","3"
"TA-213853","4"
"TA-213854","3"
"TB-110552","2"
"TB-112501","3"
"TB-112502","4"
"TB-112801","2"
"TB-112802","2"
"TB-112803","4"
"TB-113551","2"
"TB-113552","2"
"TB-114002","3"
"TB-115201","2"
"TB-115202","3"
"TB-115952","2"
"TB-116251","2"
"TB-116252","3"
"TB-210551","4"
"TB-210552","3"
"TB-210553","4"
"TB-210554","2"
"TB-211751","4"
"TB-211752","3"
"TB-211753","4"
"TB-211754","3"
"TB-211901","3"
"TB-211902","3"
"TB-211903","3"
"TB-211904","3"
"TB-212501","2"
"TB-212502","4"
"TB-212503","3"
"TB-212504","4"
"TB-212801","3"
"TB-212802","4"
"TB-212803","4"
"TB-212804","2"
"TB-213551","3"
"TB-213552","2"
"TB-213553","4"
"TB-213554","2"
"TB-214001","3"
"TB-214002","3"
"TB-214003","4"
"TB-214004","3"
"TB-215201","4"
"TB-215202","4"
"TB-215203","3"
"TB-215204","4"
"TB-215951","4"
"TB-215952","2"
"TB-215953","3"
"TB-215954","3"
"TB-216251","4"
"TB-216252","3"
"TB-216253","3"
"TB-216254","4"
"TC-109801","2"
"TC-109802","4"
"TC-111451","3"
"TC-111452","3"
"TC-112951","3"
"TC-114751","2"
"TC-114753","3"
"TC-209801","4"
"TC-209802","4"
"TC-209803","4"
"TC-209804","3"
"TC-211451","4"
"TC-211452","3"
"TC-211453","4"
"TC-212951","3"
"TC-212952","4"
"TC-212953","3"
"TC-212954","3"
"TC-214751","3"
"TC-214752","3"
"TC-214753","4"
"TC-214754","4"
"TC-215351","4"
"TC-215352","3"
"TC-215353","4"
"TC-215354","4"
"TD-209951","4"
"TD-209952","4"
"TD-209953","3"
"TD-209954","4"
"TG-116401","3"
"TG-116403","4"
"TG-213101","3"
"TG-213102","3"
"TG-213103","4"
"TG-213104","3"
"TG-216401","3"
"TG-216402","4"
"TG-216403","4"
"TG-216404","3"
"TH-111002","2"
"TH-111151","3"
"TH-112351","3"
"TH-112352","3"
"TH-115501","2"
"TH-211001","4"
"TH-211002","4"
"TH-211003","4"
"TH-211004","4"
"TH-211151","4"
"TH-211152","2"
"TH-211153","4"
"TH-211154","3"
"TH-212351","2"
"TH-212352","4"
"TH-212353","3"
"TH-212354","3"
"TH-215501","3"
"TH-215502","3"
"TH-215503","3"
"TH-215504","3"
"TM-110101","2"
"TM-114902","3"
"TM-210101","3"
"TM-210102","4"
"TM-210103","2"
"TM-210104","3"
"TM-214901","4"
"TM-214902","3"
"TM-214903","4"
"TN-110401","2"
"TN-210401","3"
"TN-210402","4"
"TN-210403","4"
"TN-210404","4"
"TP-111301","3"
"TP-111302","2"
"TP-114151","2"
"TP-115651","2"
"TP-115652","3"
"TP-211301","3"
"TP-211302","3"
"TP-211303","3"
"TP-211304","3"
"TP-214151","4"
"TP-214152","2"
"TP-214153","3"
"TP-214154","3"
"TP-215651","2"
"TP-215652","4"
"TP-215653","3"
"TP-215654","3"
"TR-113251","2"
"TR-113252","2"
"TR-213251","4"
"TR-213252","3"
"TR-213253","3"
"TR-213254","3"
"TS-110851","3"
"TS-110853","3"
"TS-111602","3"
"TS-112052","2"
"TS-113403","3"
"TS-113701","3"
"TS-113702","4"
"TS-114301","4"
"TS-114302","3"
"TS-115051","3"
"TS-116102","3"
"TS-116552","3"
"TS-210851","3"
"TS-210852","2"
"TS-210853","4"
"TS-210854","2"
"TS-211601","3"
"TS-211602","3"
"TS-211603","3"
"TS-211604","3"
"TS-212051","3"
"TS-212052","4"
"TS-212053","4"
"TS-212054","3"
"TS-213401","4"
"TS-213402","4"
"TS-213403","4"
"TS-213404","3"
"TS-213701","3"
"TS-213702","4"
"TS-213703","2"
"TS-213704","3"
"TS-214301","4"
"TS-214302","3"
"TS-214303","3"
"TS-214304","3"
"TS-215051","4"
"TS-215052","3"
"TS-215053","4"
"TS-215054","3"
"TS-216101","3"
"TS-216102","3"
"TS-216103","3"
"TS-216104","3"
"TS-216551","3"
"TS-216552","4"
"TS-216553","3"
"TS-216554","3"
"TT-110701","2"
"TT-112201","3"
"TT-112202","4"
"TT-112651","3"
"TT-112652","3"
"TT-114601","2"
"TT-114602","2"
"TT-210701","4"
"TT-210702","3"
"TT-210703","4"
"TT-210704","4"
"TT-212201","3"
"TT-212202","3"
"TT-212203","3"
"TT-212204","4"
"TT-212651","4"
"TT-212653","3"
"TT-212654","2"
"TT-214601","4"
"TT-214602","4"
"TT-214603","4"
"TT-214604","3"
"TW-110252","2"
"TW-210251","3"
"TW-210252","4"
"TW-210253","3"
"TW-210254","4"
"TZ-114451","2"
"TZ-114452","2"
"TZ-114453","2"
"TZ-115801","2"
"TZ-115802","2"
"TZ-214451","4"
"TZ-214452","3"
"TZ-214453","4"
"TZ-215801","3"
"TZ-215802","4"
"TZ-215803","3"
"TZ-215804","4"
"VB-117452","2"
"VB-217451","2"
"VB-217452","3"
"VB-217453","3"
"VB-217454","3"
"VD-116701","2"
"VD-116702","3"
"VD-216701","3"
"VD-216702","3"
"VD-216703","2"
"VD-216704","3"
"VF-117151","2"
"VF-117152","2"
"VF-217151","4"
"VF-217152","2"
"VF-217153","3"
"VF-217154","2"
"VG-117901","2"
"VG-118052","2"
"VG-217901","4"
"VG-217902","2"
"VG-217903","4"
"VG-217904","3"
"VG-218051","4"
"VG-218052","3"
"VG-218053","4"
"VG-218054","3"
"VM-116851","2"
"VM-116852","2"
"VM-118351","2"
"VM-216851","4"
"VM-216852","2"
"VM-216853","4"
"VM-216854","4"
"VM-218351","3"
"VM-218352","4"
"VM-218354","3"
"VP-117601","2"
"VP-217301","4"
"VP-217302","4"
"VP-217303","4"
"VP-217304","2"
"VP-217601","3"
"VP-217602","3"
"VP-217603","4"
"VP-217604","4"
"VS-118201","2"
"VS-118202","3"
"VS-218201","4"
"VS-218202","3"
"VS-218203","2"
"VS-218204","4"
"VT-117001","3"
"VT-117002","3"
"VT-217001","4"
"VT-217002","4"
"VT-217003","2"
"VT-217004","2"
"VW-117752","2"
"VW-217751","4"
"VW-217752","3"
"VW-217753","3"
"VW-217754","4"
"WB-218501","4"
"WB-218502","4"
"WB-218503","3"
"WB-218504","4"
"XP-118651","2"
"XP-218651","4"
"XP-218652","3"
"XP-218653","3"
"XP-218654","4"
"YC-118951","3"
"YC-218951","2"
"YC-218952","4"
"YC-218953","2"
"YC-218954","4"
"YS-118801","2"
"YS-118802","2"
"YS-218801","2"
"YS-218802","3"
"YS-218803","4"
"YS-218804","2"
"ZC-219101","3"
"ZC-219102","4"
"ZC-219103","3"
"ZC-219104","4"
"ZD-119251","2"
"ZD-119252","3"
"ZD-219251","3"
"ZD-219252","3"
"ZD-219253","3"
"ZD-219254","3"
