"customer_id","total_revenue"
"SM-203204","23282"
"AB-101054","12435"
"PF-191201","11981"
"HL-150404","11022"
"DR-129401","9357"
"BW-111102","8955"
"CC-123704","8714"
"MD-178601","8694"
"SC-206951","8661"
"CS-118451","8631"
"TS-213704","8578"
"JS-160301","8498"
"NC-186251","8462"
"EM-139601","8414"
"PJ-188352","8186"
"DB-130601","8135"
"GT-146354","8042"
"GB-145301","7997"
"LA-167801","7849"
"HG-149651","7726"
"CM-121601","7623"
"SC-203051","7606"
"MV-181901","7460"
"BF-110051","7409"
"SP-209202","7283"
"TB-214004","7206"
"NG-184301","6967"
"PO-188652","6895"
"BT-115301","6758"
"CA-127751","6728"
"KH-163301","6718"
"ER-138552","6717"
"JH-159854","6536"
"BH-117102","6521"
"DP-131651","6461"
"LB-167952","6456"
"CM-121151","6422"
"KN-163901","6372"
"MD-173503","6340"
"CR-126251","6317"
"CS-121751","6307"
"AT-104352","6303"
"MG-181452","6293"
"JK-160901","6290"
"MB-173051","6288"
"JB-160002","6280"
"CL-118903","6235"
"KW-164352","6200"
"HJ-148751","6121"
"MM-179202","6105"
"EH-137654","6066"
"JW-152201","6055"
"CL-118901","6052"
"JK-157301","5986"
"VP-217602","5975"
"MO-178001","5919"
"JC-153401","5893"
"SV-208151","5877"
"KD-166152","5866"
"TA-213851","5851"
"NF-183852","5836"
"MB-180851","5790"
"AJ-107801","5785"
"AH-102103","5782"
"DO-134351","5742"
"QJ-192554","5731"
"AR-105404","5610"
"JF-155652","5609"
"CD-122801","5580"
"SV-209351","5579"
"GT-147104","5568"
"DB-129702","5520"
"AA-104801","5518"
"DK-130901","5487"
"RA-192852","5484"
"MP-181751","5470"
"AC-104504","5460"
"SZ-200351","5455"
"JE-157454","5434"
"DK-131502","5423"
"HW-149354","5397"
"JB-154002","5396"
"FA-142302","5380"
"AF-108702","5318"
"TC-212952","5313"
"JC-153852","5294"
"PL-189251","5263"
"JL-158354","5259"
"MG-178901","5188"
"CC-123702","5185"
"AM-107051","5176"
"KB-166001","5172"
"JC-153402","5164"
"CS-125054","5161"
"MG-176801","5132"
"JD-161504","5124"
"HG-150251","5123"
"NW-84001","5100"
"MC-176353","5097"
"DJ-134202","5092"
"JM-158654","5085"
"JH-158203","5083"
"KD-164952","5056"
"JE-157154","5038"
"JH-154303","5032"
"AF-108701","5024"
"BD-115602","5005"
"NC-183401","4993"
"DP-131051","4978"
"JH-159101","4969"
"BD-113204","4963"
"NZ-185651","4944"
"ML-177552","4923"
"TP-214154","4921"
"BK-112601","4909"
"MS-179802","4904"
"TG-216402","4904"
"GM-144401","4889"
"JK-161201","4864"
"KM-166601","4843"
"SO-203351","4841"
"BE-113352","4837"
"SS-201402","4829"
"MC-178451","4825"
"EB-141102","4798"
"BW-10651","4792"
"CL-125654","4778"
"RB-193302","4774"
"SB-202904","4765"
"SS-201401","4753"
"GT-147101","4746"
"LB-167353","4723"
"RB-193601","4693"
"FH-142751","4692"
"RB-194651","4684"
"JR-162101","4677"
"RW-195404","4673"
"JB-160451","4664"
"CM-118152","4654"
"MW-182201","4643"
"SD-204854","4641"
"MW-182354","4636"
"DW-131951","4629"
"MS-175301","4619"
"NF-183851","4601"
"BN-114701","4599"
"DK-130902","4594"
"RE-194051","4589"
"RM-196754","4583"
"DK-129851","4575"
"EP-139151","4563"
"AH-301","4559"
"BE-114551","4553"
"VW-217754","4548"
"PS-187602","4538"
"SB-202902","4518"
"JM-152651","4497"
"AH-100751","4478"
"PP-189551","4469"
"AS-102251","4463"
"DL-133152","4458"
"YC-218952","4447"
"RW-195401","4438"
"RO-197801","4425"
"ML-174101","4423"
"BS-118001","4395"
"JF-152952","4381"
"JB-160001","4363"
"GR-45601","4362"
"CS-121301","4349"
"PM-189401","4334"
"AR-103452","4305"
"AB-101502","4300"
"FM-142152","4289"
"DA-134503","4288"
"JG-151604","4286"
"BD-16352","4280"
"SG-208901","4235"
"RH-95551","4231"
"LC-169304","4206"
"DK-128353","4205"
"ST-205303","4203"
"MC-174251","4185"
"GH-146651","4170"
"LW-172154","4162"
"JD-158954","4152"
"TP-211303","4136"
"ST-205301","4134"
"BM-117851","4132"
"MD-78601","4124"
"CM-122351","4107"
"GH-144251","4107"
"SP-206501","4106"
"TT-214602","4102"
"JH-158202","4082"
"DM-130151","4078"
"HM-49801","4062"
"MB-73051","4047"
"TC-211451","4046"
"DL-134952","4039"
"AH-102104","4030"
"AP-107201","4030"
"AO-108101","4027"
"AB-100151","4004"
"PB-192101","3994"
"AA-104802","3987"
"SC-200952","3987"
"EG-139002","3985"
"SR-207404","3965"
"TB-215204","3963"
"KB-165851","3937"
"AF-108851","3935"
"NL-183101","3930"
"EL-137351","3927"
"EH-141851","3921"
"SW-207551","3919"
"BG-117401","3919"
"RA-199153","3914"
"SB-201852","3904"
"JJ-157602","3895"
"ZC-219102","3895"
"MC-176351","3886"
"MS-177701","3882"
"AB-100603","3876"
"CA-119651","3845"
"KD-162701","3839"
"HR-148304","3828"
"SW-202451","3824"
"CP-120851","3819"
"EB-138404","3807"
"LR-169152","3802"
"LH-171551","3793"
"BG-110352","3791"
"HD-147851","3789"
"TS-216102","3787"
"CB-124152","3784"
"LR-169151","3782"
"DN-136903","3782"
"DL-133301","3772"
"AA-106451","3766"
"SW-203501","3765"
"BD-115001","3761"
"AR-108252","3760"
"BV-112452","3760"
"BP-111851","3753"
"AA-103152","3750"
"PF-191652","3749"
"DM-133451","3747"
"KM-163752","3737"
"DK-129853","3734"
"BB-109901","3725"
"NS-186402","3723"
"TM-214901","3709"
"CC-121452","3707"
"ML-177551","3707"
"RD-196601","3701"
"FO-143052","3700"
"SS-204102","3699"
"EM-142001","3684"
"DL-134951","3660"
"LS-172453","3650"
"GD-145902","3632"
"KT-164653","3608"
"RA-199452","3600"
"DM-33452","3597"
"MG-176802","3577"
"PS-190454","3575"
"SC-203054","3567"
"MS-78302","3563"
"KN-67052","3561"
"ED-138851","3544"
"BM-117852","3541"
"DP-130002","3539"
"DJ-134201","3537"
"PS-187601","3533"
"AH-105851","3530"
"RA-199453","3526"
"AJ-107804","3525"
"AB-102553","3525"
"YS-218801","3515"
"JR-156702","3510"
"SC-206952","3506"
"EH-139901","3496"
"PW-192404","3478"
"JH-161802","3478"
"VW-217751","3478"
"DB-136601","3477"
"BW-111104","3474"
"EM-138101","3473"
"PS-189703","3458"
"VG-217903","3455"
"MS-173651","3447"
"KN-163902","3441"
"VT-217001","3441"
"MG-178752","3437"
"MO-179502","3433"
"RD-194802","3432"
"RP-193901","3429"
"TB-214001","3425"
"JR-157001","3424"
"AJ-109453","3421"
"JM-156552","3421"
"ES-140804","3420"
"RB-194654","3417"
"BE-114101","3415"
"JC-157751","3414"
"DM-133454","3413"
"DC-132853","3398"
"TT-214601","3396"
"BS-113801","3396"
"CB-120251","3393"
"AH-100301","3390"
"KL-166454","3377"
"CC-124303","3377"
"EH-141251","3377"
"CC-123701","3373"
"VG-218051","3373"
"CK-122051","3371"
"TZ-214453","3370"
"CM-119351","3366"
"Dl-136001","3366"
"ZC-219104","3363"
"TW-210251","3359"
"DJ-35103","3358"
"RR-193151","3350"
"KA-165252","3350"
"DB-129102","3350"
"AT-107354","3344"
"DJ-134203","3343"
"LD-170051","3328"
"MY-173802","3326"
"DS-130303","3325"
"ED-138854","3324"
"KE-164203","3318"
"BH-117103","3308"
"SB-202901","3302"
"DW-135401","3299"
"MP-179652","3295"
"AB-106001","3292"
"JR-156701","3289"
"AH-100302","3283"
"NR-185501","3271"
"JL-151751","3270"
"LW-169902","3268"
"YS-218804","3267"
"DL-134954","3265"
"SC-208452","3251"
"LP-170951","3249"
"JL-151302","3244"
"CT-119952","3236"
"KW-165701","3236"
"BO-114253","3235"
"CR-125801","3234"
"SA-208304","3231"
"CA-120552","3230"
"PO-191801","3215"
"KT-164804","3206"
"AH-100303","3196"
"HR-147701","3195"
"JH-61803","3194"
"CA-119654","3188"
"BM-115751","3188"
"DV-130451","3188"
"JK-157304","3186"
"MZ-73352","3185"
"PA-90601","3181"
"HM-148601","3175"
"RE-194501","3174"
"JM-152502","3174"
"VF-217151","3171"
"MG-181451","3170"
"SR-204254","3170"
"KB-165852","3169"
"SR-204252","3167"
"AG-103301","3160"
"NM-184451","3160"
"TP-211301","3160"
"JF-154152","3157"
"CC-126701","3155"
"SF-202004","3150"
"JW-160752","3150"
"JF-155651","3150"
"TP-211302","3148"
"AJ-109452","3148"
"KH-166902","3147"
"DK-131501","3146"
"GK-146204","3143"
"DP-130001","3143"
"RS-194202","3131"
"WB-218503","3125"
"TB-212803","3120"
"SW-202452","3120"
"LB-167951","3119"
"GT-147102","3111"
"CL-127001","3102"
"DB-132704","3101"
"LT-167652","3100"
"RP-93901","3097"
"SC-203801","3095"
"AS-102852","3093"
"AG-106754","3092"
"CM-123851","3090"
"JM-155803","3087"
"SC-206801","3085"
"AS-102854","3082"
"FP-143201","3074"
"AH-102102","3072"
"AB-2551","3069"
"AO-108102","3068"
"MS-177102","3068"
"MK-179051","3067"
"EH-141852","3059"
"NP-187004","3057"
"MJ-177401","3055"
"RD-199301","3053"
"BN-114703","3052"
"SC-203804","3051"
"Dp-132404","3047"
"MG-178751","3045"
"DM-135252","3044"
"HD-147852","3041"
"BD-116051","3038"
"TS-215051","3032"
"FH-143502","3031"
"DO-136451","3027"
"LC-169601","3018"
"MV-81901","3016"
"VM-216851","3015"
"TZ-215802","3011"
"DG-133001","3009"
"KC-165401","3007"
"RW-196901","3003"
"DK-132254","2997"
"CM-123853","2994"
"RD-98101","2992"
"SC-200504","2989"
"SZ-200353","2985"
"XP-218653","2982"
"MB-173052","2978"
"HM-149801","2976"
"JG-158052","2974"
"CJ-118751","2974"
"FM-142151","2973"
"TS-216101","2973"
"AS-100454","2970"
"MR-175451","2968"
"CD-127902","2965"
"MS-175302","2964"
"BG-110351","2960"
"CC-121003","2951"
"AT-104353","2949"
"MK-179053","2939"
"JF-151901","2936"
"JW-159551","2927"
"AP-109151","2925"
"JL-152352","2924"
"TB-216251","2919"
"TG-216403","2917"
"BP-12301","2915"
"PV-189853","2912"
"SN-207101","2909"
"ZD-219252","2907"
"BT-113951","2905"
"SG-204701","2902"
"AB-101652","2898"
"PH-187901","2894"
"FC-142451","2894"
"TH-215503","2887"
"DB-130602","2887"
"MC-172753","2883"
"LH-167503","2882"
"SR-207401","2875"
"JE-154751","2873"
"JD-161503","2870"
"SE-201102","2863"
"TS-213701","2862"
"EM-138253","2860"
"LC-168851","2855"
"GD-145901","2853"
"TH-215504","2849"
"SM-203202","2841"
"JH-161803","2840"
"AS-2852","2838"
"VP-217604","2835"
"RH-94951","2833"
"JF-54151","2831"
"BF-110801","2825"
"BT-114401","2824"
"MC-72752","2818"
"PO-191804","2815"
"CY-127454","2812"
"VD-216704","2811"
"DR-129402","2803"
"LC-169604","2800"
"TB-212502","2799"
"JA-159701","2796"
"LC-168854","2795"
"CM-121603","2792"
"BS-117551","2791"
"RD-196604","2787"
"GP-147402","2787"
"TB-215201","2784"
"TS-213702","2783"
"DG-33001","2781"
"FH-143651","2780"
"AH-101951","2774"
"BG-117403","2770"
"MH-177852","2769"
"HK-148902","2766"
"SS-205152","2761"
"AB-100602","2760"
"CC-124301","2755"
"RH-195551","2753"
"AM-103602","2751"
"SG-206053","2741"
"MC-176051","2741"
"LH-169001","2739"
"SF-202002","2737"
"AH-106904","2735"
"SC-208001","2734"
"KT-164654","2731"
"Co-126401","2726"
"CC-26851","2724"
"AS-100902","2720"
"JK-160904","2719"
"JF-51902","2718"
"TB-112502","2716"
"JP-155203","2716"
"GH-144252","2715"
"SP-206202","2710"
"MC-175751","2706"
"CM-18301","2705"
"JD-160602","2701"
"BF-112753","2698"
"JG-158051","2698"
"MG-182052","2694"
"PV-89851","2693"
"TN-210404","2692"
"CM-126554","2691"
"TS-215052","2688"
"QJ-192552","2683"
"CD-119201","2682"
"TB-211753","2680"
"KD-164951","2677"
"JD-157901","2675"
"AG-105252","2670"
"BD-116351","2666"
"MM-182802","2666"
"EP-139154","2665"
"EC-140501","2664"
"VF-217152","2663"
"SM-103201","2663"
"GK-146203","2662"
"CB-120254","2661"
"GM-144404","2661"
"EM-139602","2660"
"BW-112003","2658"
"IL-151003","2657"
"JK-161204","2656"
"FM-142901","2651"
"NF-183854","2650"
"SJ-201252","2649"
"PV-189854","2648"
"SW-204554","2647"
"EB-138704","2646"
"RD-199003","2645"
"EH-41252","2643"
"BD-117253","2632"
"TR-213251","2631"
"EB-137053","2630"
"GD-145903","2627"
"RD-199001","2620"
"EB-137504","2618"
"JC-61052","2617"
"GA-145151","2617"
"SL-201552","2617"
"BN-114702","2613"
"AI-108554","2613"
"JM-158651","2612"
"BP-112302","2611"
"AG-107653","2610"
"CS-119501","2610"
"CS-124903","2609"
"CA-122651","2607"
"BE-113351","2606"
"AM-103601","2606"
"FW-143952","2605"
"HM-148603","2600"
"LO-171701","2597"
"RO-197804","2595"
"NG-183553","2592"
"AW-109302","2591"
"JD-60601","2590"
"MF-176652","2588"
"ND-184604","2587"
"MM-180552","2584"
"CS-119502","2578"
"MH-180252","2575"
"GA-145154","2574"
"JO-151452","2566"
"LH-170203","2563"
"ES-140801","2563"
"CV-122951","2563"
"PB-191503","2555"
"RM-193751","2552"
"NF-185951","2552"
"CA-119652","2551"
"PS-189701","2551"
"NM-185201","2548"
"LH-169003","2547"
"RB-197954","2545"
"BF-112752","2545"
"RH-194953","2541"
"DP-131053","2538"
"SL-201553","2535"
"EB-139301","2533"
"RA-92853","2533"
"RL-196154","2531"
"HZ-149501","2529"
"HZ-49501","2525"
"MP-181754","2522"
"AH-2101","2521"
"TM-210102","2520"
"MT-180702","2519"
"BD-117251","2519"
"OT-187301","2519"
"MS-178302","2518"
"AF-108852","2512"
"CS-124004","2510"
"AG-109002","2509"
"LA-67802","2507"
"GK-146202","2506"
"TB-215953","2506"
"GH-144103","2505"
"SM-209051","2504"
"LW-169904","2503"
"TS-216552","2502"
"DP-131652","2498"
"CS-124901","2491"
"MY-182954","2491"
"LP-170801","2488"
"CM-118153","2488"
"PR-188802","2485"
"CC-122204","2485"
"PG-188201","2485"
"VP-217601","2482"
"EM-141403","2480"
"SC-200201","2478"
"RS-197652","2476"
"CS-122502","2474"
"DB-135554","2474"
"DF-131352","2469"
"CM-121604","2462"
"FO-143054","2461"
"DB-130604","2458"
"JL-152353","2457"
"DH-136752","2456"
"SV-203651","2455"
"MC-181002","2452"
"TC-215353","2452"
"ME-173201","2452"
"CC-124751","2450"
"SV-203654","2449"
"DB-131204","2447"
"MG-176504","2446"
"TH-212353","2445"
"RL-196153","2444"
"DM-133452","2439"
"RB-193303","2437"
"RM-193752","2435"
"KM-167201","2433"
"PG-188951","2431"
"PT-190903","2430"
"BF-112152","2427"
"RF-197351","2427"
"PS-189702","2423"
"BD-115002","2422"
"MG-182053","2421"
"SE-201103","2419"
"TT-210701","2419"
"BM-111403","2418"
"DV-130453","2415"
"SC-205753","2415"
"FH-43652","2412"
"DJ-35101","2406"
"DS-131801","2406"
"GM-146801","2403"
"JH-159852","2399"
"SD-204852","2396"
"DL-129253","2396"
"DM-130152","2385"
"LC-168701","2385"
"EB-137054","2378"
"RK-193001","2374"
"AB-100604","2374"
"XP-218651","2372"
"YC-218951","2372"
"DR-128804","2370"
"MH-176202","2368"
"PB-188051","2365"
"RM-197502","2363"
"BT-14852","2363"
"GH-144852","2360"
"AB-106002","2359"
"SO-203352","2358"
"YC-218954","2355"
"HG-149654","2355"
"DE-32552","2352"
"AY-105552","2351"
"SS-205903","2348"
"SS-205902","2347"
"BM-111404","2346"
"CS-118602","2343"
"PF-192253","2343"
"MP-181752","2342"
"PO-188504","2341"
"HW-149351","2339"
"SC-206953","2339"
"IM-150702","2337"
"PB-191051","2337"
"HR-147702","2337"
"NC-184152","2335"
"DJ-135102","2332"
"KD-162702","2331"
"SM-209504","2328"
"HA-149051","2327"
"CB-125352","2327"
"AG-105253","2325"
"BC-111252","2325"
"MC-181001","2324"
"RD-196602","2323"
"FH-143654","2323"
"RS-197654","2321"
"JP-161351","2321"
"BT-114403","2316"
"ZC-219101","2316"
"MC-178454","2316"
"CJ-120104","2315"
"HM-148604","2309"
"GM-146802","2308"
"TH-215501","2306"
"SC-207701","2304"
"TG-116403","2300"
"PO-191951","2294"
"JE-157451","2291"
"JD-157903","2290"
"KD-162703","2287"
"RA-198854","2286"
"RB-197953","2286"
"DW-134804","2285"
"AS-100903","2284"
"DJ-136302","2284"
"LW-172151","2284"
"SC-200951","2283"
"DC-128504","2279"
"BG-110354","2279"
"SR-207402","2279"
"EH-141254","2277"
"AH-100753","2276"
"JK-153251","2274"
"AR-103451","2273"
"LC-171402","2272"
"JE-157452","2271"
"EM-138251","2271"
"CY-127451","2270"
"MC-175753","2269"
"JS-158804","2267"
"TP-211304","2266"
"KN-164501","2263"
"JK-156403","2262"
"BE-114104","2262"
"Dp-132401","2261"
"ME-173202","2257"
"MB-180853","2256"
"JH-158201","2253"
"JA-159702","2253"
"MO-78002","2250"
"RB-195702","2249"
"CC-24751","2248"
"SE-201104","2247"
"RW-196304","2242"
"DL-133302","2240"
"BD-117702","2240"
"TZ-214451","2239"
"EH-140053","2237"
"CA-122654","2235"
"DB-129103","2234"
"JH-159851","2232"
"TS-212051","2232"
"AM-103603","2230"
"LC-169301","2228"
"SC-207254","2227"
"JK-152053","2227"
"CK-125952","2226"
"TG-216401","2225"
"SM-200052","2224"
"RD-194804","2223"
"FP-143204","2223"
"RP-192701","2223"
"RS-198703","2222"
"JL-158353","2222"
"BH-117101","2220"
"NP-183253","2217"
"BF-111704","2209"
"MD-173504","2209"
"LL-168402","2209"
"DH-130753","2208"
"EG-139001","2206"
"LC-170502","2206"
"KL-165554","2194"
"DV-30452","2189"
"LR-169153","2188"
"HA-149052","2187"
"AA-3152","2180"
"EB-139302","2180"
"VS-218201","2180"
"AH-106901","2177"
"EA-140354","2176"
"RP-198551","2176"
"TC-209803","2175"
"JF-154902","2175"
"TP-214151","2170"
"AB-101503","2170"
"BP-112903","2168"
"CA-127754","2168"
"AC-106151","2167"
"DL-128652","2167"
"CC-124753","2157"
"AG-104952","2157"
"PN-187752","2156"
"JD-158953","2153"
"JH-161801","2153"
"MG-181454","2151"
"CK-123254","2150"
"JH-159853","2149"
"PK-190751","2147"
"BD-116201","2144"
"FC-143354","2143"
"TT-212201","2141"
"LC-171401","2140"
"FC-142454","2140"
"JG-153101","2139"
"JK-156253","2132"
"DD-135702","2131"
"KH-166901","2129"
"MF-182501","2129"
"CH-120701","2129"
"IM-150704","2127"
"PF-192251","2126"
"PJ-190152","2124"
"JD-157904","2123"
"RD-99301","2117"
"PO-188503","2113"
"LC-169602","2111"
"DL-129254","2111"
"RB-196451","2110"
"MW-182351","2109"
"EH-137651","2107"
"BF-110052","2099"
"MC-172751","2098"
"RD-195852","2097"
"SH-206354","2096"
"DW-34803","2095"
"GT-146351","2095"
"DJ-136304","2094"
"SC-208002","2093"
"KM-163754","2092"
"GZ-145454","2092"
"JK-152054","2091"
"SC-200954","2090"
"EB-141101","2090"
"CR-125802","2087"
"JD-160151","2087"
"LC-171404","2085"
"AB-101051","2085"
"BP-111854","2082"
"AS-1352","2082"
"SC-208451","2071"
"SS-205151","2070"
"BS-117552","2069"
"TT-212203","2060"
"EB-39751","2058"
"AS-101351","2058"
"DK-128351","2058"
"MH-174554","2057"
"AS-100451","2056"
"XP-218652","2053"
"CM-124452","2048"
"LW-171252","2043"
"JR-156703","2042"
"EJ-141554","2042"
"MR-175452","2040"
"JB-160452","2039"
"AG-103003","2035"
"EM-141404","2035"
"CA-122652","2035"
"RB-93301","2033"
"TS-115051","2033"
"PO-188651","2033"
"GW-146051","2032"
"JC-157754","2032"
"DN-136901","2031"
"TB-210551","2027"
"KB-163151","2024"
"MN-79352","2024"
"RD-197202","2022"
"RL-196151","2022"
"DJ-136301","2022"
"JK-153252","2022"
"TT-112651","2016"
"TB-216252","2013"
"CH-120702","2013"
"MY-182953","2009"
"MZ-173353","2006"
"RB-197951","2005"
"DK-128952","2002"
"NG-84303","2001"
"TS-214304","2000"
"CS-119504","1998"
"MG-181453","1998"
"NP-187002","1997"
"LS-172451","1996"
"MC-174253","1995"
"KH-163601","1994"
"NW-184004","1990"
"AR-104054","1989"
"BS-113804","1988"
"MC-172752","1986"
"SW-202752","1983"
"TS-113702","1981"
"SH-203953","1981"
"TS-213402","1979"
"BD-17251","1979"
"JE-157151","1973"
"JS-158801","1972"
"DJ-134204","1972"
"TC-214751","1968"
"AR-105102","1968"
"LD-168553","1965"
"LF-171852","1964"
"DJ-136303","1962"
"SW-202754","1962"
"CS-124601","1961"
"DB-129703","1958"
"NP-86701","1954"
"JK-160902","1954"
"BF-110204","1953"
"JJ-54451","1952"
"GB-145753","1951"
"NM-184453","1951"
"MM-172601","1941"
"BS-115904","1939"
"JK-156251","1937"
"JJ-154452","1935"
"CM-124453","1931"
"AR-108254","1931"
"DB-136154","1927"
"EH-139452","1927"
"CK-122052","1926"
"DJ-135104","1925"
"CW-119052","1924"
"NP-186851","1922"
"RD-199303","1922"
"JE-161651","1921"
"KL-166452","1920"
"JW-152202","1920"
"RH-195552","1919"
"JG-151154","1919"
"ON-187151","1917"
"TS-211601","1917"
"HR-148301","1916"
"EB-138402","1916"
"DK-133752","1912"
"KD-163452","1910"
"BD-113202","1909"
"DR-128801","1909"
"MT-178151","1908"
"NK-184901","1906"
"KB-163153","1906"
"AT-107351","1905"
"PS-190451","1904"
"JS-158802","1903"
"SA-208303","1903"
"MA-179954","1902"
"TH-211001","1897"
"KB-165854","1897"
"PH-187903","1896"
"HK-148901","1896"
"PR-188801","1894"
"MC-176053","1893"
"SP-206503","1892"
"SS-204103","1890"
"NC-183403","1888"
"MF-182502","1887"
"EH-140052","1885"
"SB-201701","1884"
"CC-126851","1881"
"SK-199902","1881"
"SV-207852","1880"
"SM-209052","1880"
"CP-23401","1880"
"SH-203952","1879"
"AD-101801","1879"
"LD-170052","1878"
"MV-174852","1875"
"PT-90902","1873"
"NW-184003","1873"
"HP-148153","1872"
"JF-153552","1869"
"RE-194053","1862"
"AR-104051","1861"
"AG-103303","1860"
"NP-186853","1859"
"MA-175603","1859"
"TH-212352","1859"
"AG-103002","1859"
"MH-172903","1858"
"PW-190302","1858"
"MC-181303","1857"
"MV-181902","1856"
"ND-184602","1856"
"RF-193452","1855"
"AR-105701","1854"
"BW-112001","1854"
"SB-201853","1853"
"KS-163001","1853"
"DN-136904","1852"
"CG-120401","1852"
"CK-123251","1849"
"CW-119051","1848"
"GD-145904","1845"
"RD-195851","1843"
"CR-127301","1841"
"JG-153102","1840"
"MS-179803","1836"
"SC-208453","1834"
"CK-125951","1834"
"GZ-144703","1832"
"ER-138551","1831"
"SS-204104","1831"
"FM-143801","1829"
"KB-164051","1829"
"ML-177554","1828"
"LA-167804","1827"
"NH-186104","1827"
"BF-110802","1826"
"HP-148154","1824"
"TB-212503","1820"
"JC-161051","1819"
"FM-142904","1815"
"BS-116652","1815"
"ND-184603","1815"
"JW-160751","1814"
"MC-175903","1814"
"NM-84453","1812"
"BS-117553","1811"
"GZ-144704","1811"
"SH-199751","1809"
"JM-152501","1808"
"NS-186401","1808"
"GP-47401","1808"
"RH-194952","1807"
"KT-164651","1807"
"DB-136152","1807"
"MC-176052","1805"
"JM-155802","1805"
"PR-188803","1805"
"LH-71553","1803"
"BP-112904","1803"
"PS-187603","1802"
"BP-112901","1802"
"JC-161052","1801"
"MH-172902","1801"
"JO-152804","1801"
"CB-124154","1800"
"BG-116954","1800"
"SZ-200354","1799"
"BM-116504","1799"
"JK-161203","1799"
"RH-96002","1799"
"HF-149952","1798"
"BM-111401","1798"
"MA-179951","1795"
"SP-205451","1793"
"KA-165251","1793"
"SC-206954","1792"
"JG-153104","1792"
"MH-181154","1792"
"CJ-120101","1791"
"MJ-177403","1789"
"IG-150853","1789"
"LP-170803","1786"
"DF-131351","1785"
"SC-202302","1785"
"AR-104052","1785"
"JF-53552","1784"
"TH-211004","1784"
"MP-179654","1784"
"FM-142154","1780"
"AB-100152","1773"
"JM-155801","1773"
"NC-184154","1772"
"KH-166903","1770"
"BO-113501","1770"
"TC-215352","1763"
"SA-208301","1763"
"AP-107202","1763"
"PC-187454","1762"
"TH-111151","1761"
"KN-167051","1758"
"KM-162251","1758"
"JL-55052","1758"
"JF-54152","1758"
"CM-126553","1757"
"CV-28052","1757"
"PK-190754","1757"
"CP-123403","1756"
"BS-113653","1755"
"SS-201403","1753"
"PF-191651","1750"
"JK-153704","1750"
"RW-195402","1750"
"MZ-173351","1748"
"AH-101203","1747"
"CL-127002","1745"
"JH-154301","1745"
"CL-125652","1743"
"TB-215202","1740"
"SH-206352","1739"
"DM-129552","1739"
"TC-209801","1738"
"LT-167651","1737"
"JM-56551","1736"
"PF-191202","1735"
"GW-146054","1735"
"MS-175303","1733"
"RS-197653","1733"
"MW-182353","1732"
"JM-152504","1732"
"AH-101953","1731"
"HL-150401","1729"
"ED-138853","1728"
"MZ-175151","1727"
"DK-128953","1726"
"AR-105702","1725"
"DS-130301","1725"
"SF-209654","1724"
"AG-109004","1724"
"RB-194653","1722"
"TH-211151","1718"
"SV-207854","1718"
"BV-112451","1718"
"BB-115454","1717"
"FM-143804","1716"
"JR-157003","1716"
"GM-144402","1715"
"JP-161352","1710"
"ML-173951","1709"
"HK-148904","1708"
"PO-188653","1708"
"JK-160903","1706"
"CD-122802","1705"
"OT-187303","1705"
"MG-176804","1704"
"CM-119352","1704"
"Co-126403","1704"
"BF-110201","1704"
"VP-217302","1703"
"JD-161501","1700"
"PT-190902","1699"
"JP-155201","1699"
"PB-192103","1699"
"JK-53701","1695"
"TS-215054","1694"
"AS-102401","1694"
"KM-67201","1692"
"LS-169451","1692"
"KN-163904","1692"
"JK-153253","1689"
"DK-28351","1688"
"AJ-109451","1688"
"SC-207704","1687"
"EP-139153","1686"
"AG-103902","1686"
"ND-183702","1685"
"JL-152351","1685"
"SG-106052","1683"
"SG-206051","1681"
"CM-118302","1681"
"DB-134051","1680"
"GM-144551","1679"
"AT-107353","1676"
"JB-154003","1676"
"LT-171101","1674"
"MH-177851","1674"
"MZ-173352","1672"
"WB-218501","1671"
"DK-33753","1671"
"MS-177702","1671"
"DM-135251","1670"
"GR-145601","1670"
"DM-130154","1669"
"KB-162401","1669"
"CP-123401","1668"
"PJ-190154","1666"
"RK-193003","1665"
"RH-194951","1664"
"MT-178152","1663"
"KB-164052","1663"
"PV-189851","1663"
"TB-216254","1660"
"DB-135551","1659"
"SH-203954","1658"
"ME-177251","1658"
"JG-151153","1657"
"EM-140951","1657"
"LC-170501","1656"
"DK-128354","1656"
"DB-132103","1656"
"EH-41852","1656"
"CR-128203","1656"
"LA-167802","1654"
"JW-159552","1654"
"SC-207253","1654"
"BH-117104","1652"
"SU-106651","1650"
"BC-111254","1650"
"LR-170353","1649"
"MP-174701","1649"
"CS-21752","1648"
"PT-190901","1648"
"CV-128051","1648"
"RF-198403","1644"
"JE-156101","1641"
"GH-146652","1640"
"JJ-154453","1639"
"LD-68551","1639"
"GT-147103","1639"
"MN-179352","1638"
"PC-187451","1638"
"FA-142301","1632"
"PL-189252","1631"
"JL-155054","1631"
"JC-161053","1628"
"GH-144102","1626"
"EJ-137201","1626"
"CR-127302","1625"
"FM-142903","1624"
"NC-83401","1621"
"GZ-144702","1620"
"DH-36751","1619"
"SC-102302","1619"
"SW-204551","1618"
"AS-102403","1617"
"DB-136151","1617"
"VB-217454","1616"
"JP-154601","1613"
"TH-211002","1612"
"EJ-137203","1612"
"AR-108253","1612"
"HA-149204","1612"
"JC-53852","1611"
"CA-19652","1610"
"DG-133003","1608"
"SP-209204","1607"
"CS-123553","1606"
"PN-187751","1606"
"DR-128802","1605"
"AW-108401","1604"
"AB-102551","1603"
"LS-172001","1603"
"EB-139754","1602"
"GM-45001","1600"
"BP-111853","1600"
"SN-207104","1593"
"SR-207403","1592"
"EB-138401","1590"
"JL-151752","1590"
"AW-109303","1588"
"BT-114402","1583"
"EM-138104","1583"
"MY-73802","1582"
"EH-137652","1580"
"SC-106802","1579"
"PK-190752","1579"
"LS-172301","1578"
"RP-193903","1576"
"FW-143953","1574"
"BP-111852","1573"
"MO-175002","1573"
"RB-94352","1572"
"EM-138254","1572"
"CR-126253","1571"
"SP-206201","1571"
"NC-186254","1571"
"SC-204404","1568"
"KC-162554","1568"
"MY-173801","1568"
"LT-171102","1567"
"HF-149954","1567"
"CC-126101","1566"
"AS-102851","1565"
"EJ-137204","1565"
"JC-153853","1564"
"BF-111703","1562"
"BO-114252","1560"
"CM-118301","1559"
"DR-129404","1559"
"AS-2402","1558"
"FO-143051","1556"
"JM-155354","1555"
"SV-209354","1554"
"GZ-145451","1554"
"AJ-109601","1552"
"EH-139453","1551"
"SL-201554","1551"
"NB-186554","1551"
"AH-104654","1550"
"ZD-219253","1550"
"NL-183102","1548"
"KN-164502","1547"
"FH-142754","1547"
"RD-194803","1544"
"TC-212954","1544"
"JP-161354","1544"
"EB-141703","1544"
"BT-115303","1544"
"KC-162553","1543"
"HM-148602","1543"
"BE-113353","1542"
"PB-192102","1541"
"SW-202751","1539"
"AC-106153","1538"
"DR-29401","1535"
"GH-144104","1534"
"KH-163304","1534"
"CS-121752","1532"
"MW-182204","1532"
"PO-191803","1531"
"RF-193454","1530"
"NC-185354","1530"
"Dp-132403","1530"
"RC-99601","1528"
"EM-138252","1527"
"HG-148453","1526"
"DB-132702","1525"
"AG-107651","1525"
"AP-109153","1524"
"HG-150254","1524"
"PW-190303","1522"
"CS-124602","1516"
"AS-100452","1515"
"PM-191351","1514"
"CV-122953","1514"
"EM-140651","1511"
"VM-216854","1510"
"SS-208751","1509"
"DV-134651","1508"
"SO-203353","1507"
"BO-14251","1506"
"JL-151754","1506"
"MC-176352","1506"
"BF-110803","1504"
"LB-167352","1503"
"DC-132852","1500"
"LH-169004","1498"
"KC-165403","1498"
"PA-190602","1498"
"CM-122354","1497"
"KB-166003","1496"
"JG-151152","1495"
"AM-107054","1495"
"JJ-154451","1494"
"MY-182951","1493"
"PJ-188351","1490"
"MM-179204","1489"
"SM-209503","1488"
"JH-161804","1488"
"RP-198552","1488"
"NS-185054","1488"
"TB-212804","1487"
"MM-180554","1487"
"ML-174104","1486"
"ZD-119252","1486"
"MH-177853","1486"
"MB-180852","1485"
"JP-155204","1485"
"EH-141252","1484"
"BP-110953","1484"
"MG-178903","1483"
"KL-165551","1481"
"JO-152803","1479"
"ME-180101","1479"
"MG-182051","1478"
"BP-111553","1477"
"DW-135853","1476"
"BN-14702","1476"
"AY-5552","1476"
"CS-119503","1474"
"SC-207252","1473"
"ML-182651","1472"
"CS-118453","1472"
"LS-172002","1472"
"IG-50852","1471"
"SM-203203","1470"
"TP-214153","1469"
"AJ-109454","1468"
"MJ-177404","1467"
"CB-124153","1466"
"GM-144554","1465"
"MC-181004","1465"
"CC-126102","1463"
"CP-123402","1462"
"VS-218202","1462"
"SN-207102","1461"
"AA-103753","1460"
"CH-120704","1459"
"TS-214302","1456"
"DB-133601","1456"
"EH-140051","1454"
"JB-159251","1454"
"KD-163454","1452"
"MS-177703","1451"
"SP-208604","1451"
"RF-193451","1449"
"EM-138103","1448"
"AH-100754","1448"
"SW-203502","1448"
"RM-197503","1448"
"BD-116352","1445"
"VF-217153","1444"
"AH-106902","1444"
"DO-134353","1444"
"EB-137052","1444"
"CH-20702","1442"
"SG-204704","1441"
"DB-134053","1441"
"MS-173652","1440"
"TS-213403","1440"
"AI-108551","1437"
"GR-145602","1436"
"SK-199901","1436"
"CA-119653","1436"
"NS-186404","1436"
"AB-601","1433"
"RM-196752","1433"
"SF-200651","1432"
"DM-129553","1431"
"LE-168101","1429"
"MH-174551","1429"
"DL-128651","1427"
"ME-180102","1424"
"SN-205603","1423"
"TT-212651","1422"
"DB-132104","1422"
"MY-182952","1421"
"ML-174103","1420"
"GZ-144701","1419"
"SP-206502","1419"
"CC-122202","1418"
"DB-36602","1416"
"KC-166751","1416"
"IM-150701","1416"
"KL-166451","1415"
"CC-23702","1415"
"BF-112151","1414"
"PF-192252","1413"
"SV-209353","1413"
"CW-119053","1412"
"NB-185802","1409"
"GZ-145453","1409"
"GG-146502","1409"
"TG-213101","1408"
"BD-15602","1408"
"FM-142153","1408"
"CA-123103","1407"
"GK-146201","1407"
"ME-177254","1407"
"JF-152953","1405"
"VB-217452","1403"
"BP-112301","1403"
"BB-115452","1402"
"MC-175752","1402"
"MC-178452","1402"
"NG-184302","1402"
"GM-146804","1400"
"SC-207703","1397"
"JB-154004","1397"
"PC-187453","1395"
"AG-107652","1395"
"YS-218803","1394"
"JP-54603","1393"
"ES-140202","1393"
"SH-99752","1393"
"CS-122503","1392"
"JK-153702","1391"
"SH-199752","1390"
"AB-101651","1390"
"DP-133902","1388"
"JR-162104","1387"
"RR-195251","1385"
"FO-43052","1385"
"SG-204703","1383"
"ME-180103","1382"
"MW-182203","1381"
"DB-132102","1381"
"SJ-202152","1381"
"TT-214604","1381"
"NW-184002","1380"
"SV-203652","1380"
"HA-149054","1380"
"SH-206351","1380"
"NS-185053","1379"
"HG-148451","1379"
"SC-202601","1379"
"FW-143951","1377"
"GW-146053","1376"
"JS-56852","1375"
"JD-158952","1374"
"MD-178602","1374"
"BS-113654","1373"
"SR-204251","1370"
"SC-203052","1370"
"MC-176054","1367"
"TP-215652","1365"
"CS-124003","1364"
"CC-121002","1363"
"PA-190603","1363"
"DB-134052","1362"
"TS-216554","1361"
"SW-202753","1361"
"MG-76801","1361"
"RM-193754","1359"
"VD-216701","1359"
"AR-5102","1358"
"CM-21601","1358"
"PM-189403","1357"
"GM-146954","1357"
"AC-6601","1356"
"JD-161502","1354"
"RB-195703","1354"
"BW-111101","1354"
"CR-127304","1352"
"BS-117554","1352"
"AG-102701","1352"
"CK-127604","1350"
"EB-39301","1349"
"PV-89852","1349"
"RS-197651","1349"
"VP-217301","1349"
"AR-103453","1348"
"RB-93302","1346"
"TM-214903","1346"
"LO-71701","1346"
"LE-168104","1345"
"FH-143503","1344"
"RH-195101","1344"
"CL-118902","1343"
"BS-18001","1342"
"RA-199154","1342"
"CS-123551","1342"
"TS-216551","1341"
"LT-171104","1341"
"HH-150103","1339"
"AP-109152","1339"
"CC-23701","1338"
"DK-132253","1338"
"AH-1953","1338"
"MP-179651","1337"
"AA-106452","1337"
"JK-156254","1336"
"DK-131503","1334"
"CS-125051","1333"
"PS-89702","1331"
"MS-178303","1331"
"ME-173204","1331"
"RB-195701","1330"
"IG-150851","1327"
"BT-115302","1326"
"EM-140953","1324"
"BS-115901","1324"
"JF-154901","1323"
"CK-123252","1322"
"FH-142752","1322"
"MT-178153","1321"
"CL-25651","1321"
"RA-199152","1320"
"VP-217603","1320"
"AC-106602","1318"
"KD-164953","1317"
"RC-198252","1315"
"RD-198103","1315"
"CM-21901","1314"
"MD-173501","1312"
"JS-156851","1311"
"PH-87902","1311"
"MM-172603","1310"
"TT-210702","1309"
"TB-216253","1309"
"TG-213104","1309"
"BT-116804","1307"
"AW-109304","1303"
"PM-189404","1303"
"MM-172602","1302"
"EL-137353","1302"
"EK-137954","1302"
"EB-141104","1301"
"JP-154604","1301"
"JF-151902","1299"
"SM-200053","1299"
"LR-70351","1298"
"PF-191653","1298"
"SJ-202153","1298"
"NS-185052","1298"
"ER-138553","1297"
"NF-184751","1296"
"AA-106454","1294"
"BP-110952","1293"
"BB-109903","1291"
"DM-133453","1290"
"BT-116801","1290"
"EJ-141552","1290"
"SC-107703","1289"
"LB-167953","1288"
"NB-185803","1287"
"SD-204851","1287"
"DA-134502","1287"
"LC-170504","1286"
"RB-194351","1285"
"BD-116204","1284"
"TR-213253","1283"
"PF-192254","1281"
"JE-61651","1281"
"SG-206054","1280"
"TB-115202","1278"
"Dl-36002","1277"
"PP-189554","1275"
"LS-172003","1273"
"CC-125501","1273"
"AA-106453","1273"
"EG-39001","1273"
"MM-182803","1271"
"KH-165101","1271"
"LD-170053","1269"
"DE-132552","1269"
"SS-101403","1268"
"LS-169452","1268"
"KE-164201","1268"
"PO-188502","1266"
"LO-171702","1266"
"PN-187754","1266"
"QJ-192551","1266"
"EL-37351","1264"
"VB-217451","1263"
"MD-178603","1261"
"SN-205602","1261"
"BS-116653","1257"
"EJ-141551","1257"
"NC-186253","1256"
"CM-127154","1256"
"CK-27602","1254"
"RF-193453","1250"
"HH-150101","1250"
"JM-156553","1249"
"DN-136902","1249"
"TT-210704","1249"
"ND-183704","1248"
"RP-193904","1248"
"JB-54001","1247"
"TB-210552","1246"
"HM-149802","1245"
"KW-164351","1244"
"JF-52953","1239"
"DK-133751","1239"
"GA-147251","1239"
"BD-113203","1238"
"JL-158503","1238"
"EM-140952","1237"
"XP-218654","1237"
"SF-209653","1237"
"BM-15751","1236"
"RC-199602","1235"
"KC-166753","1235"
"ME-177253","1235"
"EM-138102","1233"
"EB-139753","1230"
"DE-132551","1230"
"DL-133303","1230"
"BK-112602","1230"
"DH-130751","1228"
"SG-200801","1228"
"MC-175901","1227"
"AG-102703","1227"
"TH-211154","1227"
"CC-121451","1225"
"DB-136603","1224"
"AS-106302","1224"
"RB-193301","1223"
"ER-38552","1222"
"JP-155202","1222"
"NG-184303","1221"
"BM-117854","1220"
"MV-181904","1220"
"SV-207851","1219"
"BS-118003","1219"
"SJ-101253","1219"
"AR-105101","1219"
"KD-166153","1215"
"GP-147403","1215"
"SH-199754","1214"
"AG-103001","1214"
"RA-199151","1211"
"NP-186854","1211"
"AG-103903","1211"
"DK-132252","1210"
"CV-128052","1210"
"MK-179052","1210"
"GT-147552","1210"
"HH-150102","1210"
"PP-189552","1209"
"MK-181602","1209"
"PB-188052","1209"
"CM-121602","1209"
"SO-203354","1209"
"LR-170351","1209"
"VP-217303","1209"
"PB-191504","1207"
"LH-170202","1207"
"BF-111701","1204"
"TB-215954","1203"
"TS-216104","1203"
"MV-174853","1202"
"HM-149803","1202"
"NP-186702","1202"
"PF-191654","1201"
"KM-166602","1200"
"JO-152801","1200"
"FG-142601","1199"
"SJ-205003","1199"
"NG-183554","1199"
"RS-194204","1197"
"RA-198853","1196"
"SF-100652","1196"
"BP-110502","1195"
"CS-122501","1195"
"BW-110651","1195"
"NB-185801","1193"
"NF-83851","1192"
"BT-114851","1191"
"TA-213853","1191"
"DM-135253","1190"
"CC-126852","1190"
"ML-180401","1190"
"PK-189103","1190"
"JH-61801","1189"
"SJ-205001","1189"
"SA-208302","1187"
"MG-178754","1186"
"JS-156853","1186"
"KN-64501","1186"
"MG-176951","1185"
"AA-6451","1185"
"MP-174703","1185"
"TD-209954","1184"
"NB-186551","1184"
"Co-126402","1183"
"BT-113051","1181"
"CJ-120102","1181"
"LR-170354","1180"
"BN-115152","1180"
"RS-198702","1178"
"EM-141401","1177"
"MC-172754","1177"
"GH-44251","1177"
"EB-141704","1177"
"AG-106752","1176"
"LC-169303","1176"
"EJ-37201","1175"
"RM-96753","1175"
"BP-112304","1175"
"DO-136453","1174"
"DK-129854","1173"
"RD-198101","1172"
"MG-176501","1172"
"LD-168552","1172"
"RF-197354","1170"
"LB-67952","1169"
"CC-126854","1168"
"JE-154754","1168"
"SG-208902","1167"
"BN-115153","1166"
"JM-158652","1166"
"SW-207552","1166"
"MV-181903","1164"
"LW-71251","1163"
"BD-116202","1162"
"SC-200503","1161"
"SE-201101","1161"
"GM-145001","1161"
"DJ-135101","1160"
"TT-212204","1160"
"CT-119954","1159"
"CA-120551","1159"
"AC-104201","1157"
"JE-157152","1154"
"DK-129852","1153"
"MT-180701","1153"
"JB-60452","1153"
"PJ-90152","1153"
"TG-213102","1153"
"KH-63601","1153"
"BW-11103","1151"
"JM-161953","1151"
"KA-165254","1151"
"ML-173954","1150"
"MO-78001","1150"
"LB-167954","1149"
"BD-17702","1148"
"MG-178902","1147"
"CK-122054","1144"
"SJ-202151","1144"
"JR-156704","1143"
"TB-215203","1142"
"KF-162852","1142"
"GT-47551","1142"
"NR-185504","1140"
"JO-55501","1140"
"GH-144101","1139"
"MC-75752","1138"
"EJ-141553","1138"
"KB-162404","1137"
"TT-112201","1137"
"RS-194201","1137"
"CK-125953","1136"
"JM-152653","1136"
"BP-112303","1136"
"JH-159102","1135"
"CA-127753","1135"
"AB-1053","1134"
"TS-213401","1133"
"JJ-157601","1133"
"MY-173804","1133"
"SC-206803","1133"
"SF-102002","1132"
"DL-134953","1131"
"MC-175902","1131"
"CS-124902","1130"
"RF-198401","1130"
"RB-196452","1129"
"AG-104954","1129"
"SV-208153","1127"
"QJ-192553","1127"
"MG-176952","1126"
"DM-129554","1126"
"JO-151454","1125"
"MH-176203","1125"
"TG-213103","1124"
"SF-202001","1124"
"RC-199601","1123"
"DP-131054","1122"
"JM-161954","1121"
"SC-206802","1119"
"AS-102402","1117"
"JF-155654","1117"
"MC-174254","1114"
"AS-101352","1112"
"SJ-201254","1112"
"DW-134802","1109"
"DC-128503","1109"
"JB-160453","1108"
"SN-205601","1108"
"PO-188654","1108"
"DS-131803","1108"
"BP-110954","1107"
"RD-195854","1106"
"JS-155954","1106"
"ON-187152","1105"
"MS-173653","1104"
"SS-204101","1103"
"EK-137951","1103"
"RR-195252","1103"
"MO-175003","1103"
"TB-211901","1102"
"MC-178453","1102"
"MD-178604","1102"
"DS-131804","1102"
"EN-137802","1100"
"AG-106751","1100"
"KD-162704","1100"
"RC-198253","1098"
"SP-205453","1097"
"KB-163154","1097"
"TN-210401","1097"
"SC-200501","1096"
"BD-115003","1095"
"JG-158053","1095"
"BF-112154","1094"
"DC-128501","1094"
"RB-97051","1094"
"SP-205454","1094"
"PV-189852","1093"
"NC-185353","1092"
"SC-203802","1091"
"JL-158501","1091"
"EP-139152","1091"
"DW-135854","1090"
"RW-196903","1089"
"KS-163002","1088"
"LC-69302","1087"
"MR-175453","1085"
"AA-4802","1085"
"MS-77102","1084"
"CG-125201","1084"
"EN-137801","1084"
"MO-175001","1084"
"GA-145153","1082"
"BD-117254","1082"
"KM-167203","1082"
"MC-181302","1080"
"EH-141853","1079"
"BD-17252","1077"
"LC-168853","1077"
"TZ-215803","1076"
"AJ-109602","1076"
"RR-195253","1074"
"JC-157752","1074"
"MH-174401","1073"
"RS-194203","1072"
"AH-302","1072"
"HE-148003","1072"
"JK-156402","1071"
"HJ-148752","1070"
"CA-123101","1068"
"AT-107352","1067"
"NP-187003","1067"
"RP-198554","1067"
"ND-83702","1066"
"CR-128202","1065"
"KH-65101","1065"
"VD-216702","1064"
"CS-121303","1064"
"JB-60451","1063"
"TS-210853","1062"
"CK-23252","1061"
"JS-60301","1061"
"AG-6752","1060"
"BO-114251","1060"
"BM-17851","1059"
"DK-130904","1059"
"MJ-177402","1059"
"MH-174552","1059"
"DL-133151","1059"
"BS-113803","1059"
"PJ-188353","1056"
"KT-164801","1054"
"KA-165253","1054"
"OT-187302","1054"
"MH-181151","1053"
"JL-152354","1053"
"NM-184452","1053"
"CC-124754","1052"
"FM-42902","1052"
"TA-113852","1052"
"ON-187154","1051"
"KH-165102","1051"
"RP-193902","1051"
"AC-106603","1051"
"JE-161652","1051"
"SJ-101251","1050"
"TT-212202","1050"
"SC-206804","1050"
"BF-109753","1049"
"KB-63152","1048"
"LS-169751","1047"
"TB-210553","1047"
"GA-45152","1046"
"NC-185351","1046"
"SC-207702","1045"
"TC-211453","1044"
"DJ-36302","1044"
"AH-101204","1044"
"DP-133903","1043"
"DH-130754","1043"
"JO-155503","1041"
"ES-140201","1039"
"DB-133602","1039"
"AS-102252","1038"
"NF-83853","1038"
"LM-170654","1037"
"RM-196753","1035"
"VM-218352","1035"
"SC-205752","1035"
"SB-201854","1034"
"SP-205452","1034"
"MH-77851","1034"
"DB-129101","1034"
"JG-151601","1034"
"DO-134354","1033"
"AF-108704","1033"
"JP-154602","1033"
"CT-119953","1033"
"GH-146653","1032"
"AD-101804","1032"
"JS-156852","1031"
"KH-166904","1029"
"JL-158352","1027"
"HP-148152","1026"
"RD-97201","1026"
"LM-170651","1026"
"AF-108853","1025"
"CW-119054","1025"
"AM-3602","1024"
"DL-33152","1024"
"EA-140352","1024"
"SW-202453","1024"
"SJ-202154","1023"
"NR-185503","1023"
"JM-156551","1023"
"IL-151002","1022"
"AC-104202","1021"
"RR-193152","1020"
"PJ-190153","1020"
"MN-179351","1019"
"GB-145304","1019"
"AH-5852","1019"
"SV-203653","1018"
"HG-150253","1017"
"ML-182652","1017"
"GM-145003","1017"
"RD-96601","1016"
"BF-110202","1016"
"TH-211153","1015"
"ER-138554","1015"
"FA-142304","1014"
"MG-176954","1013"
"JW-52202","1011"
"NB-186552","1011"
"CS-118454","1010"
"TB-211751","1010"
"CA-123102","1010"
"FH-143652","1009"
"BT-114852","1007"
"DB-131202","1007"
"EH-39453","1007"
"VB-217453","1007"
"JE-157453","1006"
"CA-22652","1005"
"PS-87602","1003"
"JL-151304","1002"
"LC-71401","1002"
"RR-193153","1001"
"ML-174102","1000"
"NK-184902","1000"
"JF-153553","999"
"JR-162103","999"
"RW-195403","999"
"BF-111702","998"
"JL-51301","997"
"LL-168401","996"
"AS-100901","996"
"SC-205751","996"
"PG-188204","995"
"SM-203201","993"
"JO-151451","993"
"SC-200203","993"
"NR-185502","992"
"TC-215351","992"
"AS-6301","990"
"FA-142303","990"
"PJ-188354","990"
"JK-153703","989"
"CC-121001","989"
"HG-150252","989"
"KM-167204","988"
"NH-86103","988"
"AJ-9452","987"
"JK-157303","986"
"CS-24001","985"
"DP-131653","985"
"JS-160304","985"
"VS-118202","984"
"TM-210103","982"
"KH-66903","981"
"MV-174854","981"
"DB-133604","981"
"CK-123253","981"
"LD-168551","980"
"LS-69453","979"
"SC-200204","979"
"SP-206204","977"
"DL-128653","976"
"RW-196302","976"
"JK-152051","975"
"CM-121153","974"
"ML-173953","972"
"HA-149201","971"
"MD-173502","970"
"JH-59851","970"
"MS-177704","970"
"WB-218502","969"
"CJ-118753","969"
"JL-158351","969"
"SS-208753","968"
"MK-179054","968"
"JD-61501","968"
"JH-59103","967"
"CD-119202","967"
"RH-195104","967"
"CS-24602","964"
"JS-59403","963"
"DO-136452","962"
"BE-114102","962"
"JS-58801","961"
"DB-136153","961"
"KB-163152","960"
"MP-179653","960"
"JK-153701","958"
"MM-82802","957"
"GH-44101","956"
"AB-101053","956"
"AG-104953","955"
"TP-215654","953"
"DA-34502","953"
"SW-204552","953"
"LE-68101","952"
"AH-104651","952"
"TA-213852","951"
"IM-150703","950"
"DV-130454","950"
"RD-195853","949"
"MC-175754","949"
"LR-169154","949"
"PK-189101","949"
"PW-190304","949"
"BM-117853","948"
"GT-146353","948"
"DJ-135103","947"
"CC-124752","947"
"KB-166004","947"
"FC-42451","946"
"EM-39603","944"
"BF-109751","944"
"EB-137501","944"
"FG-142602","943"
"PO-188501","942"
"RA-198852","940"
"SN-205604","940"
"CA-120554","938"
"TS-214301","938"
"MW-82202","938"
"CC-125503","936"
"ML-82651","935"
"CM-118151","934"
"AA-103751","934"
"RW-196303","932"
"HA-149053","932"
"CK-125954","932"
"TB-215952","930"
"CD-119802","929"
"AB-100153","929"
"DW-135852","929"
"JD-158951","929"
"LT-167653","927"
"CL-127003","926"
"NC-184153","926"
"SG-206052","925"
"DG-133004","925"
"HK-48903","924"
"CM-24452","924"
"BT-114853","924"
"LM-70651","924"
"KN-164503","924"
"SV-209352","923"
"RA-92851","921"
"AJ-107802","920"
"IM-150552","920"
"EB-138701","919"
"AI-108552","919"
"CM-26552","919"
"CC-123703","918"
"AD-101802","918"
"RS-97651","916"
"DD-35701","916"
"JD-160603","915"
"MH-174402","915"
"LS-172004","914"
"BF-10801","913"
"CD-127904","913"
"RW-196902","912"
"LC-170503","912"
"HD-147853","911"
"EA-140351","911"
"SC-200502","911"
"TM-214902","911"
"ME-77253","910"
"BF-110053","910"
"CM-127151","909"
"AD-101803","906"
"DL-129251","902"
"IL-151001","901"
"PG-188952","901"
"CG-25202","900"
"JK-61203","900"
"VM-216853","899"
"AJ-7801","899"
"CM-121152","898"
"LL-168403","898"
"LH-170201","898"
"MP-181753","897"
"EB-139751","897"
"TW-210254","897"
"NS-186403","896"
"GB-145754","895"
"JL-158502","894"
"JK-161202","894"
"MK-181601","893"
"RE-94501","889"
"HW-149352","889"
"DP-133901","889"
"NS-86402","888"
"SC-202603","887"
"VG-217901","887"
"RH-195553","887"
"MZ-175152","886"
"NF-185954","886"
"CB-125353","885"
"KM-62252","884"
"JM-161951","883"
"JE-156104","883"
"JL-151303","882"
"VS-218204","882"
"JR-162102","881"
"DW-131954","880"
"RP-198553","879"
"DW-135851","879"
"TC-214754","879"
"BG-116951","878"
"DW-135402","877"
"CS-21303","877"
"AR-105703","876"
"HZ-149504","875"
"MC-74251","872"
"JL-158504","871"
"CP-120854","870"
"ES-140203","870"
"MF-176653","869"
"VT-217002","868"
"EB-137051","868"
"DM-35252","868"
"CM-121904","867"
"BT-113952","867"
"LH-171554","866"
"HF-149951","865"
"BD-115603","864"
"ME-73202","864"
"JR-157004","864"
"CS-124002","863"
"NP-183251","863"
"CK-127601","863"
"SC-205754","863"
"NP-86702","863"
"DO-136454","862"
"DB-133603","862"
"CS-124603","862"
"SC-202604","861"
"VD-116702","860"
"ON-187153","860"
"TW-210252","858"
"SM-209502","858"
"DK-128951","858"
"HF-149953","858"
"MB-173054","857"
"RW-95401","856"
"TB-112501","856"
"EH-140054","856"
"TH-212354","856"
"DP-133904","854"
"ND-184601","853"
"DF-131354","853"
"MF-176654","852"
"MH-180253","852"
"BD-115601","852"
"MH-172904","851"
"JS-155951","851"
"AM-107052","850"
"MP-174704","850"
"PB-91502","850"
"GH-144851","849"
"SG-200804","849"
"AJ-7803","848"
"MG-178753","848"
"AW-108402","848"
"JM-152652","847"
"LW-169901","847"
"NH-86102","847"
"NF-185952","847"
"KC-162552","846"
"RA-199454","846"
"TT-214603","846"
"DH-130752","845"
"AG-103302","845"
"DK-130903","844"
"TP-215653","843"
"CM-124451","843"
"SF-200653","842"
"NF-185953","842"
"CM-123852","842"
"DS-30302","842"
"TS-215053","841"
"AG-109003","841"
"VG-218052","841"
"DB-35552","840"
"EH-141854","839"
"KM-166603","839"
"SP-206504","839"
"JS-160303","838"
"SW-207553","837"
"TB-214002","837"
"CM-119353","837"
"BE-114103","836"
"BS-115903","836"
"CS-123554","835"
"BS-118002","833"
"BF-109752","833"
"TP-215651","831"
"AH-6902","831"
"TS-214303","831"
"CP-120853","831"
"NW-184001","831"
"TS-216103","830"
"HL-150402","830"
"DO-36452","829"
"AR-5702","829"
"BF-10201","829"
"SC-202301","829"
"JC-153851","827"
"MJ-77401","827"
"ED-138852","826"
"SJ-205002","826"
"BD-117701","826"
"BG-117402","826"
"EM-139603","825"
"EM-139604","825"
"ES-140802","824"
"NP-186703","823"
"TC-212951","823"
"LR-170352","823"
"PB-191502","823"
"DH-136753","822"
"NM-185202","822"
"DK-133754","822"
"MH-181152","821"
"BS-18002","820"
"ON-87152","820"
"LP-170953","820"
"RB-197053","817"
"EH-141253","817"
"MO-178004","817"
"TB-211904","816"
"NH-186101","816"
"CS-118452","816"
"AB-102554","816"
"AG-109001","815"
"BO-113502","815"
"RD-194801","815"
"LH-69001","815"
"NS-185051","815"
"SW-202454","814"
"MM-182801","813"
"PW-190301","812"
"MA-75602","811"
"PC-90001","810"
"RD-95851","809"
"AJ-107951","809"
"BP-110503","808"
"AF-8703","808"
"ZD-219251","807"
"DW-135403","807"
"BF-12752","806"
"DB-132701","806"
"CC-124304","806"
"BT-113053","805"
"SB-201702","804"
"JG-51601","804"
"AR-103454","804"
"SS-205153","804"
"PK-189102","802"
"TT-210703","801"
"SV-107851","800"
"MH-177854","800"
"KD-62701","800"
"JM-52501","800"
"LW-168251","799"
"SF-209651","799"
"DM-135254","799"
"LC-69601","798"
"PN-187753","794"
"ES-40801","794"
"LS-72451","794"
"JF-152951","793"
"RD-199304","793"
"TB-213552","792"
"PB-92102","792"
"MY-82952","791"
"JB-159253","791"
"JB-160454","791"
"IM-50702","789"
"DR-128803","789"
"EA-140353","789"
"CM-121903","788"
"SC-107252","786"
"CM-118154","786"
"RB-197051","786"
"JC-153854","786"
"RA-192854","785"
"RH-196002","784"
"AR-3452","784"
"TH-212351","783"
"RO-97801","783"
"TN-210403","781"
"CJ-18752","779"
"JW-159554","779"
"JK-60901","778"
"DB-132101","778"
"BN-15152","777"
"PB-191052","777"
"AJ-107954","775"
"JF-151903","775"
"GW-46052","774"
"BN-15151","773"
"YS-118802","773"
"SG-204702","772"
"KM-162254","772"
"TT-114602","771"
"PW-92401","771"
"KH-166302","770"
"BD-115004","770"
"VP-117602","770"
"TH-112351","770"
"BM-16503","770"
"EH-139904","770"
"JS-159403","769"
"CS-21751","768"
"BT-113954","768"
"SP-208603","768"
"DK-128352","767"
"BE-113354","767"
"JK-157302","766"
"JD-60151","765"
"RF-197353","764"
"ES-140204","762"
"RM-97502","762"
"ME-177252","761"
"ST-205302","761"
"GG-146501","760"
"CC-126704","760"
"RD-197201","760"
"CS-124001","760"
"PO-91951","759"
"CS-18601","759"
"SK-199904","759"
"BE-114552","757"
"NP-86851","757"
"CA-122653","757"
"DL-133154","756"
"JD-160153","755"
"VW-217753","755"
"KH-163603","754"
"SS-205901","754"
"SC-108452","754"
"AC-104203","753"
"DF-31351","752"
"AH-100304","752"
"CD-119803","752"
"FC-142452","752"
"JB-159254","752"
"RP-98552","750"
"KC-166754","750"
"AC-106601","750"
"GM-146803","750"
"KW-165703","749"
"LC-171403","749"
"BS-17551","748"
"SV-108151","748"
"JD-61502","748"
"SV-207853","748"
"LS-169754","747"
"SH-203951","746"
"EB-139304","745"
"MH-74552","743"
"LB-67351","743"
"FH-143501","742"
"GT-146352","742"
"BT-115304","742"
"SB-201851","742"
"JH-159103","742"
"LP-170954","742"
"AZ-107501","742"
"CY-127452","741"
"AS-106301","741"
"AF-108854","741"
"Dl-136004","740"
"MS-178301","740"
"MG-176803","739"
"FG-142604","739"
"YS-218802","739"
"JS-158803","738"
"JM-158653","738"
"GT-46351","737"
"BF-110203","737"
"BD-117252","736"
"GA-145152","736"
"AH-100752","736"
"ES-40202","735"
"IG-150852","735"
"MC-72751","735"
"DB-134054","734"
"NG-183552","734"
"BT-113054","734"
"NK-184903","732"
"CP-20853","732"
"AB-102552","732"
"EK-137952","731"
"JL-58351","731"
"SH-206353","730"
"LC-68702","730"
"MH-181153","729"
"HZ-149502","728"
"EB-138403","728"
"KW-165702","728"
"RA-99451","727"
"OT-187304","726"
"CD-119203","725"
"EB-141701","725"
"GM-144552","725"
"SP-206203","725"
"CA-27751","724"
"HR-147704","724"
"AH-101952","724"
"MW-182352","723"
"BG-116953","723"
"ND-183703","722"
"BD-116054","722"
"MC-176354","722"
"CK-27601","722"
"LT-171103","721"
"RH-196003","721"
"SC-200202","721"
"NH-186102","721"
"BG-110353","720"
"MH-176201","720"
"MY-173803","719"
"JB-160003","718"
"CA-127752","718"
"MA-179953","718"
"KD-166154","718"
"VG-217904","717"
"BF-112754","717"
"JK-152052","717"
"AP-107203","716"
"PM-191352","716"
"ML-182653","715"
"LP-170802","714"
"TN-210402","713"
"BT-14402","713"
"PJ-190151","713"
"JA-159703","712"
"KN-167054","712"
"AS-2851","712"
"NP-186704","712"
"CM-122352","711"
"KB-162403","711"
"SC-204403","711"
"SL-201551","710"
"TB-112801","710"
"SM-100052","710"
"CB-125351","710"
"JF-54901","709"
"DK-28352","708"
"Co-126404","708"
"JM-55801","708"
"JK-57302","708"
"JE-154752","707"
"GG-146503","707"
"MF-182503","707"
"CS-124904","707"
"PC-190001","706"
"LE-168102","706"
"TB-211752","705"
"PC-187452","705"
"MM-179201","704"
"TB-215951","704"
"VM-216852","703"
"CC-126103","703"
"TS-212053","703"
"ES-40203","702"
"RB-194353","701"
"MC-181301","701"
"HE-48002","700"
"DK-133753","700"
"JF-151904","699"
"RO-197803","699"
"MF-182504","698"
"TC-209802","698"
"AA-103151","697"
"EH-40051","697"
"BT-116802","696"
"JS-58802","696"
"DK-31502","695"
"BE-14101","694"
"RM-196751","693"
"DP-130004","693"
"DC-128502","692"
"CS-18452","691"
"DS-30301","691"
"RC-198251","690"
"HA-149202","689"
"PK-190753","689"
"MS-79802","689"
"BT-13051","689"
"GA-47251","689"
"BO-113504","688"
"SR-204253","686"
"CL-125651","685"
"FM-42152","685"
"EB-137502","685"
"BP-11852","684"
"JL-151301","684"
"VF-217154","684"
"PH-187904","684"
"EB-138702","683"
"RL-196152","682"
"BT-113052","681"
"PM-91352","681"
"CD-122803","680"
"RB-196453","679"
"JD-57901","679"
"EG-139003","678"
"RK-193002","678"
"CB-24152","677"
"PB-191054","676"
"MV-174851","674"
"CM-122353","674"
"EG-139004","673"
"CS-118603","672"
"JK-156404","671"
"JS-59401","671"
"SF-200652","670"
"HM-149804","670"
"CV-128054","669"
"JG-51151","669"
"RB-193304","668"
"CP-123404","668"
"EH-41251","668"
"PF-92252","668"
"KF-62852","667"
"CL-125653","667"
"BG-117404","666"
"FC-143351","666"
"BF-10202","666"
"DS-130302","665"
"LW-172153","665"
"PG-88202","665"
"FC-143353","663"
"PB-191053","663"
"JF-154903","663"
"KB-162402","663"
"RR-195254","663"
"ML-180404","662"
"KH-63301","661"
"PC-190002","661"
"CM-121901","660"
"CR-127303","660"
"EM-141402","660"
"BC-111253","660"
"HF-49951","659"
"AH-105852","658"
"AB-100601","657"
"SU-206652","657"
"FP-43202","656"
"TB-116252","655"
"TD-209953","655"
"TB-213553","655"
"JR-157002","654"
"HR-147703","654"
"EL-137352","653"
"TD-209951","653"
"CH-120703","653"
"AS-106304","652"
"AC-104501","651"
"RA-198851","651"
"MM-82801","650"
"LS-169453","650"
"DV-134653","650"
"BS-15902","650"
"AC-106604","650"
"TM-114902","649"
"TC-109802","647"
"JM-155351","647"
"KH-163302","647"
"KM-163753","647"
"BP-111551","645"
"NZ-185654","645"
"BP-110504","644"
"JB-160004","644"
"JW-152204","644"
"FA-42302","643"
"AG-104951","641"
"EB-41102","641"
"VG-118052","640"
"KN-164504","640"
"TM-210104","640"
"KC-162551","639"
"RH-195102","637"
"TZ-215804","637"
"EH-39451","636"
"MG-176502","636"
"BM-116502","635"
"CG-125202","635"
"SC-200953","635"
"MH-76203","634"
"AF-108703","634"
"GH-44253","634"
"HR-47703","634"
"GP-147401","633"
"CM-127152","633"
"LS-172454","633"
"VD-216703","631"
"AG-105254","630"
"Dl-136002","629"
"SC-202602","629"
"KL-165552","629"
"DV-34652","628"
"GG-46502","628"
"MM-179203","628"
"LM-170653","628"
"PA-190604","628"
"TB-111902","627"
"BB-109902","627"
"GA-147254","625"
"DL-28651","625"
"CR-128201","625"
"GZ-145452","625"
"SC-202303","625"
"CC-22202","624"
"ZC-219103","624"
"VT-117002","624"
"LC-168703","623"
"SH-199753","623"
"MH-80253","623"
"JK-52051","621"
"SD-104851","620"
"PB-88052","620"
"BS-113802","619"
"TS-216553","619"
"TC-214753","619"
"NM-184454","618"
"RD-198102","618"
"BS-16651","618"
"LW-168254","618"
"DW-134801","617"
"NG-84302","617"
"BE-13352","615"
"GZ-44703","615"
"JO-51451","613"
"EN-137803","613"
"LH-171552","613"
"DV-134654","613"
"AB-6002","613"
"SN-207103","613"
"MZ-75151","612"
"RB-194652","612"
"FO-143053","612"
"SC-107251","611"
"MH-174553","611"
"TR-213252","611"
"TC-215354","610"
"AZ-107504","609"
"CJ-118752","607"
"TT-112202","607"
"DC-132854","607"
"PS-189704","606"
"NP-186701","606"
"RS-198701","606"
"RA-192853","605"
"EH-139903","605"
"JE-54752","605"
"DH-30751","604"
"BK-112603","603"
"SU-206651","601"
"DH-136751","600"
"AB-101653","600"
"NC-186252","600"
"MH-74401","599"
"DP-30001","599"
"BT-15303","599"
"PF-191204","598"
"DM-129551","598"
"PB-188053","598"
"JW-160753","597"
"TS-213703","597"
"KF-162854","597"
"JM-61952","596"
"RP-93902","596"
"LW-72151","596"
"GT-147551","596"
"BF-11702","594"
"KC-62551","594"
"FP-143203","592"
"DB-29102","592"
"MD-73503","592"
"JS-155953","592"
"FC-143352","592"
"MA-175602","592"
"RB-197952","592"
"BF-112153","592"
"TS-211604","591"
"DG-133002","591"
"CM-126551","591"
"MN-179353","589"
"BG-116952","588"
"HG-48452","588"
"DK-132251","587"
"NP-83253","587"
"AR-105401","587"
"AG-102704","587"
"NP-87001","586"
"JO-155501","586"
"BM-116501","586"
"PF-191203","586"
"CM-121154","585"
"AS-102253","584"
"TB-211902","584"
"JR-57001","583"
"BD-117703","583"
"AB-101052","583"
"AH-104653","583"
"GH-44102","582"
"RA-199451","581"
"HG-149652","580"
"MK-81603","580"
"LC-168852","580"
"PG-188954","580"
"MO-75001","580"
"CM-118303","579"
"RC-198254","579"
"KT-64801","579"
"SC-204402","578"
"TS-114302","577"
"VG-217902","577"
"IL-151004","576"
"HG-48451","575"
"LW-71252","575"
"SW-104552","575"
"CA-123104","573"
"TP-115652","573"
"RD-99302","572"
"LC-69602","572"
"LS-172303","572"
"RF-198402","571"
"KC-165402","571"
"JG-151151","570"
"JG-53101","570"
"CK-127602","570"
"NP-187001","569"
"LC-69301","569"
"CC-126104","569"
"MG-176503","568"
"AG-3001","568"
"CP-120852","567"
"AH-105853","567"
"ML-180402","567"
"DS-130304","566"
"GB-145752","566"
"RW-96902","566"
"MG-76802","566"
"CJ-120103","565"
"BS-13651","564"
"HP-48151","563"
"KH-163303","563"
"CB-125354","563"
"MA-175601","562"
"CP-20851","562"
"AC-104502","562"
"BH-17101","562"
"GB-145751","561"
"DK-128954","561"
"HK-148903","561"
"PO-191802","561"
"KC-165404","561"
"TH-112352","559"
"LP-70953","558"
"TB-214003","558"
"AG-102702","558"
"AH-101201","558"
"CA-20551","558"
"IG-150854","557"
"EB-139303","557"
"NG-184304","557"
"ND-84603","556"
"DE-132553","556"
"NR-85502","555"
"RD-196603","555"
"SU-206654","554"
"SP-209201","554"
"HH-50101","553"
"RM-197501","553"
"BW-110653","553"
"CS-24002","552"
"AS-102254","552"
"HP-48152","552"
"SJ-205004","551"
"BP-11553","551"
"RB-193602","551"
"TM-214904","551"
"DL-133153","550"
"TS-212054","550"
"FM-43802","550"
"KN-163903","549"
"KM-167202","548"
"DB-34051","548"
"JF-154904","547"
"MS-177104","547"
"AJ-107952","547"
"KD-166151","546"
"RP-192702","546"
"AO-108103","544"
"AZ-107502","544"
"HE-148004","542"
"JE-157153","542"
"MO-79501","542"
"SG-108902","541"
"DW-134803","541"
"VW-217752","541"
"RC-199604","541"
"AW-108403","540"
"JO-155504","540"
"NS-86401","540"
"JE-156103","540"
"MK-181603","539"
"TB-115952","539"
"RA-192851","539"
"MT-80701","539"
"CB-120252","538"
"JM-55352","536"
"TB-110552","536"
"SJ-201253","535"
"CS-118604","535"
"DW-35403","535"
"TC-115351","534"
"MM-182804","534"
"JL-155051","534"
"JJ-157603","534"
"PP-189553","533"
"CS-19501","533"
"KM-163751","532"
"BF-9751","532"
"MH-81151","531"
"DO-134352","531"
"HR-148303","530"
"MS-173654","530"
"IM-50551","530"
"FH-143653","529"
"LW-171251","529"
"RR-193154","527"
"LC-68851","527"
"BM-115752","527"
"SM-200051","527"
"PO-191954","527"
"JH-159104","527"
"TC-111452","526"
"BF-10802","526"
"CM-18302","526"
"SB-202903","526"
"DS-131802","526"
"GM-146953","525"
"TT-112652","525"
"LC-168702","525"
"MM-80551","525"
"CS-123552","523"
"ML-173952","523"
"NF-85952","523"
"KE-164204","522"
"JD-160152","521"
"PS-190453","521"
"KL-66451","521"
"BM-111402","520"
"MF-176651","519"
"CW-19051","519"
"KD-164954","519"
"AJ-9602","518"
"LH-167501","516"
"RO-197802","516"
"JG-151603","516"
"HF-49952","515"
"VM-218351","514"
"SK-199903","514"
"PJ-88351","514"
"EH-37651","513"
"CC-21001","513"
"MM-80552","513"
"JW-159553","512"
"PG-188203","512"
"RH-196001","512"
"AY-105553","512"
"AB-101654","511"
"TG-216404","510"
"BS-113652","510"
"SJ-102153","510"
"EB-39302","509"
"AS-102853","508"
"BD-116353","508"
"JM-58651","508"
"MS-75302","507"
"JK-56251","507"
"KB-166002","506"
"MW-82351","506"
"GM-145004","506"
"LW-69902","505"
"KA-65252","505"
"HA-49202","505"
"TS-212052","504"
"FW-43952","503"
"TP-111302","503"
"CD-19801","503"
"JF-154151","502"
"PN-87751","502"
"NC-183402","501"
"CL-127004","501"
"KC-166752","500"
"LO-71702","499"
"RE-194052","499"
"SD-204853","499"
"MT-78152","498"
"RW-95402","498"
"KE-64201","498"
"SC-203803","498"
"JD-157902","498"
"HJ-48752","496"
"MY-82951","496"
"LC-169302","496"
"RE-194502","495"
"JC-157753","495"
"SV-208152","494"
"DD-135701","493"
"JS-156854","492"
"JS-159402","492"
"AC-104503","492"
"NM-185203","492"
"MV-81902","492"
"DD-135703","491"
"DB-36151","490"
"JL-58352","489"
"AM-7051","489"
"TH-211003","489"
"LO-171703","489"
"BN-115154","488"
"KB-66003","487"
"TA-213854","487"
"BM-116503","486"
"SF-109651","486"
"BD-113201","486"
"CM-119354","486"
"NZ-185653","485"
"NW-84003","485"
"LO-171704","484"
"AH-751","484"
"SS-108751","484"
"WB-218504","484"
"MG-176953","483"
"CV-122954","482"
"BP-111552","482"
"GD-45902","482"
"DB-130603","481"
"BP-11851","481"
"JD-60152","481"
"SS-208752","481"
"CC-121454","481"
"MS-179804","481"
"JB-54002","480"
"DB-136604","480"
"JP-154603","480"
"LW-168252","480"
"KT-164652","480"
"JK-156252","480"
"LP-170952","480"
"EB-41701","480"
"BW-112002","479"
"CR-28202","479"
"DB-129104","478"
"CB-120253","478"
"EK-37952","478"
"FP-143202","478"
"TZ-215801","477"
"PM-91351","477"
"SH-99751","476"
"DV-130452","476"
"EB-39752","476"
"CC-126703","476"
"HE-148002","476"
"PF-91652","476"
"LS-72302","475"
"TC-214752","475"
"JM-152503","475"
"EL-37352","475"
"TB-212801","473"
"ES-140803","473"
"CD-119204","473"
"AZ-7501","472"
"AS-100904","471"
"PN-87752","471"
"CM-23851","470"
"AY-105551","470"
"JB-59252","469"
"MH-172901","469"
"TG-116401","469"
"CC-21451","468"
"AH-101202","468"
"HW-49352","468"
"EB-37502","468"
"MP-174702","467"
"EJ-41551","467"
"LH-169002","467"
"CD-27901","467"
"CC-122203","467"
"TS-211602","466"
"RO-97802","465"
"DB-31202","465"
"JP-61352","465"
"AA-6452","465"
"DB-129701","465"
"SP-208602","463"
"LL-68402","463"
"CA-120553","463"
"GH-46653","463"
"BD-117704","462"
"SF-102001","461"
"BW-112004","461"
"SG-208903","460"
"HZ-149503","460"
"AA-103154","460"
"MW-182202","459"
"DB-135553","459"
"BP-10501","459"
"PF-91201","457"
"MS-73651","457"
"TG-116402","457"
"PR-188804","457"
"BP-112902","457"
"LW-169903","456"
"CK-127603","456"
"EB-37051","455"
"RH-196004","455"
"DB-136602","455"
"PO-191953","455"
"NL-183103","455"
"SJ-105001","454"
"BN-115151","453"
"TB-212802","453"
"VT-217004","452"
"LS-169454","451"
"JS-155952","451"
"Dl-36001","451"
"AJ-9451","451"
"MC-181003","451"
"AC-106152","451"
"HR-47701","450"
"DL-128654","450"
"DB-33601","449"
"SM-109051","449"
"BV-112454","449"
"DP-31651","448"
"BP-110501","448"
"CR-28201","448"
"TT-212653","448"
"CR-128204","447"
"NF-183853","445"
"TB-213551","445"
"NF-84753","445"
"JK-52052","444"
"SB-201704","444"
"NC-184151","444"
"JH-158204","443"
"TC-114753","443"
"RA-99452","442"
"GP-47402","442"
"BE-114553","442"
"KH-63602","442"
"AY-5551","442"
"DK-32251","442"
"KN-64502","441"
"KL-165553","440"
"DC-132851","440"
"GG-146504","440"
"CS-121302","440"
"AM-107053","440"
"TT-212654","439"
"FM-143803","439"
"NM-185204","439"
"KB-66001","438"
"SP-108601","438"
"AR-105103","436"
"DW-131952","435"
"BS-116651","435"
"JC-161054","435"
"MT-178154","435"
"GM-146952","434"
"BW-111103","434"
"SB-101851","433"
"NG-183551","433"
"JL-155052","433"
"EK-137953","432"
"SV-108153","432"
"TB-211903","432"
"JB-154001","432"
"EM-140954","431"
"CR-126254","430"
"RF-198404","429"
"PM-189402","429"
"LC-168704","429"
"PJ-90151","429"
"AB-101501","429"
"BM-115754","428"
"BP-110951","427"
"HR-148302","427"
"CD-119804","427"
"SM-109502","426"
"SU-206653","426"
"MH-80251","426"
"AA-4803","424"
"RP-92702","424"
"JM-52652","424"
"SG-104701","423"
"NP-183254","423"
"AS-451","423"
"GM-46951","423"
"JS-160302","423"
"PM-89402","422"
"VG-218054","422"
"AC-4501","422"
"MG-178904","422"
"DL-33151","421"
"RH-95552","421"
"ND-183701","421"
"MZ-175154","420"
"JO-55502","419"
"SP-105451","419"
"AW-8401","418"
"PG-88201","418"
"JC-53401","418"
"MH-74551","418"
"CA-19651","417"
"MH-72901","417"
"GR-145603","417"
"DB-135552","417"
"TC-111451","417"
"RH-95102","416"
"KE-164202","416"
"AG-7651","415"
"TB-212501","415"
"JM-152654","413"
"CT-119951","413"
"TS-110853","413"
"CC-126702","413"
"MB-80852","413"
"TM-210101","413"
"GH-144253","413"
"AG-5251","413"
"LW-171254","412"
"RE-194503","412"
"JH-54301","412"
"JO-52801","412"
"MM-180553","412"
"CG-125204","411"
"GW-146052","411"
"AR-108251","411"
"AB-1652","411"
"AI-8552","410"
"RM-193753","410"
"AR-4052","410"
"GM-146951","409"
"DW-35402","409"
"EM-40953","408"
"IM-50552","408"
"KA-65251","407"
"RB-97053","406"
"MG-81451","406"
"EJ-137202","405"
"DW-35851","405"
"LW-172152","404"
"ME-73201","404"
"RF-197352","404"
"BD-116053","403"
"FW-43951","403"
"CR-26251","403"
"RE-94502","403"
"CC-26101","403"
"DH-36753","402"
"JJ-154454","402"
"RH-95101","400"
"CV-22952","400"
"SW-203503","400"
"MB-180854","400"
"RB-94652","400"
"BW-11101","400"
"JE-56101","399"
"KM-63753","399"
"AT-4351","399"
"LC-169603","399"
"MA-175604","399"
"CR-27301","399"
"LS-172302","399"
"DL-29252","398"
"JM-52651","397"
"SM-209501","397"
"TS-116101","397"
"CG-120404","397"
"MW-82352","397"
"CV-28051","397"
"NC-185352","397"
"CM-21152","396"
"JJ-54452","396"
"MZ-175153","396"
"EB-41702","396"
"DW-131953","395"
"CM-27151","394"
"SF-100651","394"
"CC-125502","393"
"JE-161653","393"
"TR-213254","393"
"EH-139451","392"
"NB-186553","392"
"AG-3301","392"
"DR-28801","392"
"SZ-100351","392"
"AJ-107803","391"
"DM-29553","391"
"SW-103502","391"
"AT-4352","389"
"LS-69451","389"
"RR-95251","389"
"BT-116803","389"
"DM-29551","388"
"RD-197204","388"
"AC-4201","388"
"MC-174252","387"
"KF-162853","386"
"CY-127453","386"
"AP-9152","386"
"BW-110654","386"
"GZ-44701","386"
"MG-76951","386"
"BT-114854","386"
"RE-194504","385"
"SS-205904","384"
"EH-37652","384"
"BW-12001","384"
"AA-104803","383"
"JF-154153","383"
"BW-110652","383"
"JK-153254","382"
"PM-89401","382"
"RS-98701","382"
"MM-79202","382"
"BT-13052","381"
"GW-46051","381"
"DK-32252","381"
"HG-50252","380"
"SG-200802","379"
"VB-117452","379"
"LB-167351","379"
"CR-126252","378"
"AJ-7951","378"
"AT-104351","378"
"CD-119801","378"
"CM-18151","378"
"NF-184754","377"
"JL-51303","377"
"DH-136754","377"
"IG-50851","376"
"MO-178003","375"
"JG-151602","375"
"SC-102601","374"
"AB-100154","373"
"FH-142753","373"
"BE-114554","373"
"DO-34352","373"
"RR-95252","373"
"AH-101954","373"
"MM-172604","373"
"EG-39002","372"
"KD-163451","372"
"PS-190452","372"
"LD-170054","372"
"KB-63151","372"
"JE-154753","371"
"JL-58502","371"
"AG-106753","371"
"AR-5101","371"
"GT-147553","370"
"CS-125053","370"
"NF-184752","369"
"BO-13501","369"
"BP-12302","369"
"JW-52201","368"
"BD-16202","368"
"EH-139902","368"
"DB-30602","368"
"CV-122952","368"
"CK-25952","368"
"JP-161353","366"
"JG-51152","365"
"AG-7652","364"
"AT-7352","364"
"PB-91051","364"
"DR-129403","364"
"PM-191353","364"
"VP-217304","364"
"JO-151453","363"
"MM-79201","363"
"CJ-18751","362"
"PB-88053","362"
"AP-109154","361"
"FM-42151","361"
"EM-142003","360"
"CK-122053","360"
"MP-81751","360"
"MF-82502","359"
"DK-28952","358"
"PO-88502","358"
"BB-109904","358"
"CB-20251","358"
"KB-165853","358"
"AJ-109603","358"
"MB-73052","357"
"MK-81601","357"
"LH-67502","357"
"RW-196301","356"
"LD-68552","355"
"AM-103604","355"
"BS-115902","355"
"MS-175304","355"
"NC-85352","354"
"JF-52951","354"
"AH-105854","354"
"PS-187604","354"
"RD-199004","353"
"GM-44401","353"
"LF-71851","351"
"SF-209652","350"
"PW-192403","350"
"CC-121004","350"
"Co-26401","350"
"EM-140653","349"
"PW-90302","349"
"AG-103004","349"
"KF-162851","349"
"JM-58652","349"
"BS-113651","349"
"LW-72153","349"
"GH-144254","349"
"RH-195103","348"
"JG-153103","347"
"RL-96152","347"
"NC-85351","347"
"ON-87151","346"
"AS-101353","346"
"RW-196904","344"
"TD-209952","344"
"LS-172452","344"
"LL-68401","344"
"MA-79951","343"
"SP-106502","342"
"AW-108404","342"
"PS-90451","341"
"LS-72001","341"
"LW-171253","341"
"KH-66301","340"
"JD-160604","339"
"MS-178304","339"
"RF-98402","338"
"TS-112051","338"
"BT-113953","337"
"DO-34351","337"
"JM-161952","336"
"TS-210852","336"
"HK-48902","336"
"LC-71403","336"
"SP-106501","336"
"BF-9752","336"
"SJ-201251","335"
"SC-102602","334"
"GH-44851","334"
"PA-90602","334"
"RB-195704","333"
"CR-125803","333"
"DK-31501","333"
"MC-81001","332"
"KD-63451","332"
"AJ-9601","330"
"SR-107402","330"
"CS-118601","330"
"LT-167654","330"
"RK-193004","329"
"DF-131353","329"
"HJ-148754","328"
"RB-197054","328"
"Dp-32401","328"
"BT-16802","326"
"NP-186852","326"
"DO-36453","326"
"MT-80702","326"
"RB-197052","325"
"CM-127153","325"
"PW-90301","325"
"CS-121304","325"
"CL-18901","325"
"AG-105251","324"
"CM-26551","324"
"VW-117752","323"
"RS-98702","323"
"NP-183252","322"
"CA-22651","321"
"CS-23552","321"
"SF-200654","319"
"GK-46201","318"
"RB-194354","318"
"JF-53551","318"
"LT-71102","317"
"FM-143802","317"
"AA-103752","317"
"MV-74852","317"
"BO-14252","316"
"GM-144403","316"
"JR-56702","316"
"JG-51602","315"
"BB-9902","315"
"RD-97202","315"
"JC-53851","315"
"EM-142004","314"
"MS-177101","314"
"HD-47851","314"
"MM-72602","314"
"CD-127901","314"
"SG-200803","314"
"KB-164053","314"
"KT-64651","313"
"CK-22052","313"
"AB-2553","313"
"PM-191354","313"
"DB-131203","312"
"LH-67501","312"
"JF-55652","312"
"JL-151753","311"
"SC-208003","311"
"BV-12451","311"
"SV-109352","311"
"MH-81152","310"
"BS-13802","310"
"TB-112803","309"
"MC-175904","308"
"SA-108303","308"
"TD-109953","308"
"GH-44852","308"
"JS-159404","306"
"BD-116203","306"
"SW-104551","306"
"BD-16201","306"
"JH-58202","306"
"SK-99901","306"
"JB-59251","305"
"DB-131201","304"
"KD-64952","304"
"CM-121902","303"
"EH-139454","303"
"RD-198104","302"
"MG-76501","302"
"SC-106951","302"
"HW-49351","302"
"LF-171851","302"
"KH-166304","302"
"SP-209203","301"
"JK-156401","301"
"BE-14552","301"
"HK-48901","301"
"CS-121754","301"
"AZ-107503","300"
"JB-60001","300"
"PK-189104","300"
"SS-201404","299"
"KH-66901","299"
"BM-115753","299"
"HM-49802","298"
"ML-73951","298"
"CS-23551","298"
"AG-103304","297"
"DB-29101","297"
"DW-135404","297"
"DW-34801","297"
"FC-42452","297"
"SW-107551","297"
"AP-7201","297"
"TP-214152","296"
"SC-204401","296"
"CS-122504","296"
"MH-174404","296"
"TS-114301","296"
"PB-188054","296"
"MP-79651","295"
"AB-1653","295"
"MC-78452","295"
"GM-45002","294"
"MS-78301","294"
"NB-85801","294"
"TW-210253","293"
"PG-188202","293"
"BM-11402","293"
"RM-93751","293"
"CM-123854","292"
"JL-155053","291"
"JF-153551","291"
"HG-148452","291"
"EN-37802","291"
"EB-139752","291"
"KH-66302","290"
"AR-3451","290"
"RS-97652","290"
"KW-65702","289"
"PW-192402","289"
"LA-67801","289"
"AM-3601","289"
"JW-152203","288"
"LH-167504","288"
"TH-211152","288"
"LH-170204","287"
"DC-32851","287"
"AB-602","287"
"JO-152802","287"
"GM-145002","286"
"MP-81752","286"
"JM-61951","286"
"RB-193603","286"
"CS-121753","285"
"AS-100453","285"
"IL-51002","284"
"AH-1201","283"
"EN-137804","283"
"JD-160601","283"
"CC-122201","283"
"JC-153403","283"
"CD-22801","282"
"SB-102901","282"
"GM-144553","281"
"LW-68252","281"
"MG-81452","281"
"MH-77852","280"
"AB-1501","279"
"NC-84151","279"
"SW-103501","279"
"ST-205304","279"
"PB-191501","279"
"SL-101551","279"
"MO-178002","278"
"SN-105602","277"
"MT-78151","277"
"JF-153554","277"
"LW-72152","277"
"NZ-85651","276"
"HG-149653","276"
"TS-210851","276"
"AZ-7503","276"
"AW-109301","274"
"ME-77251","274"
"NB-185804","274"
"JL-51752","274"
"JR-62101","274"
"SS-104103","273"
"GZ-45453","273"
"KC-66752","273"
"VG-218053","272"
"MB-173053","272"
"AJ-107953","271"
"PR-88803","271"
"DB-29103","271"
"MS-177103","271"
"JO-155502","271"
"SA-108301","270"
"BB-115453","270"
"JK-53702","269"
"JA-159704","269"
"KH-165104","269"
"DH-30752","268"
"EH-137653","268"
"AW-9301","268"
"SN-105603","268"
"JD-160154","267"
"TC-212953","267"
"KM-162253","267"
"EH-41851","266"
"MO-179503","266"
"BD-116052","266"
"VG-117901","266"
"DN-36901","265"
"MC-81301","265"
"PS-87601","265"
"GH-144854","264"
"GB-45752","264"
"JR-57002","263"
"JS-56851","263"
"BM-15752","263"
"KW-164353","262"
"JF-154154","262"
"ML-177553","262"
"SC-100951","261"
"JM-155352","261"
"MA-179952","260"
"GM-44552","259"
"RB-95702","259"
"PG-188953","259"
"HM-48601","259"
"TS-111602","258"
"TZ-214452","258"
"NB-85803","258"
"KL-166453","258"
"ZD-119251","257"
"AJ-7952","256"
"DL-28652","256"
"JK-61201","256"
"LW-68251","255"
"MR-175454","255"
"RS-94201","254"
"EB-141103","254"
"EM-142002","254"
"JM-56552","254"
"EH-39901","254"
"HA-49052","253"
"TH-215502","252"
"SH-106351","251"
"AH-104652","251"
"DB-30601","251"
"AR-104053","250"
"HE-148001","249"
"SW-102451","249"
"GT-47552","249"
"JE-57452","249"
"BP-10952","249"
"CM-126552","249"
"CC-126853","248"
"NZ-185652","248"
"MV-74851","248"
"RD-197203","248"
"CM-19352","247"
"CR-125804","246"
"RD-99002","246"
"CV-22951","246"
"DO-36451","246"
"TS-211603","246"
"SP-208601","246"
"PF-91203","246"
"DJ-36301","245"
"LS-169753","245"
"KH-63302","245"
"SW-203504","245"
"PB-92101","244"
"GT-47553","244"
"BT-13952","244"
"RB-193604","244"
"KH-163602","244"
"EM-40653","244"
"SC-104401","243"
"AH-106903","242"
"TB-213554","242"
"BF-12151","241"
"AG-4951","241"
"BN-114704","241"
"BP-111554","241"
"DJ-34201","241"
"JE-156102","240"
"AR-105104","240"
"PS-90452","238"
"MK-79051","238"
"NP-87002","238"
"LS-169752","238"
"MG-82051","237"
"JH-154304","237"
"JR-62103","237"
"EJ-37202","237"
"BN-14701","237"
"JK-56402","236"
"SC-103801","236"
"KW-165704","236"
"LS-172304","236"
"SG-100803","235"
"CL-27001","235"
"CA-27752","234"
"HL-150403","234"
"KF-62851","233"
"DK-33751","233"
"RB-93602","233"
"JG-158054","233"
"CS-25051","233"
"KH-166301","232"
"BB-115451","232"
"PL-89251","232"
"PL-89252","231"
"EC-140502","231"
"AA-103754","229"
"MG-82053","228"
"NL-183104","228"
"SW-102753","228"
"PO-91803","228"
"TB-111901","228"
"ML-80401","228"
"KN-167052","228"
"AG-9001","227"
"ST-105301","227"
"LB-67353","227"
"DC-32852","227"
"SS-208754","227"
"JM-156554","227"
"JH-154302","227"
"GR-145604","226"
"TZ-115802","226"
"DP-31051","226"
"BO-113503","225"
"SM-209054","225"
"MH-174403","225"
"DA-134501","225"
"TS-213404","225"
"AG-2701","224"
"MS-179801","223"
"TP-114151","223"
"CC-21452","223"
"TS-116552","223"
"GB-45751","222"
"SC-100502","222"
"SS-205154","222"
"MZ-173354","221"
"CA-23101","221"
"PB-88051","221"
"SO-103352","221"
"VB-117451","220"
"AD-1802","220"
"MW-82201","220"
"OT-87301","220"
"PA-190601","219"
"AR-5701","219"
"NC-183404","218"
"BP-12902","218"
"SC-202304","218"
"KB-65851","217"
"MS-77701","217"
"LC-68701","216"
"FH-143504","216"
"RB-94351","215"
"SP-106202","215"
"CD-127903","211"
"DM-130153","211"
"CS-22502","211"
"JB-159252","210"
"LR-69152","209"
"VM-116852","209"
"SU-106652","209"
"PK-89101","208"
"BD-16051","208"
"RM-93752","208"
"KW-164354","208"
"AR-5402","208"
"PR-88801","207"
"DK-30902","207"
"NF-84752","206"
"AR-5401","205"
"AB-151","205"
"KD-66151","205"
"AP-107204","205"
"CY-27451","205"
"LT-67651","205"
"JJ-57602","205"
"ME-77252","204"
"JL-52352","204"
"TB-210554","204"
"TS-113403","203"
"RB-95701","203"
"BK-112604","203"
"CG-20402","203"
"KM-162252","203"
"AS-102404","203"
"KN-67051","202"
"CD-22802","202"
"JL-55051","202"
"KD-163453","201"
"NF-184753","201"
"RA-99151","201"
"AR-8252","201"
"RM-96752","201"
"PW-192401","201"
"MN-179354","200"
"MO-175004","200"
"SB-101702","200"
"AG-3002","200"
"EM-38102","200"
"AB-101504","199"
"CM-22352","199"
"DW-34802","199"
"VT-117001","199"
"NC-83403","199"
"LP-70801","198"
"TW-110252","198"
"RM-96751","198"
"PO-88652","198"
"KS-163003","198"
"MC-181304","198"
"AP-9151","198"
"SZ-100352","197"
"BD-13202","197"
"FG-42603","197"
"KM-63752","197"
"AG-2702","197"
"CL-118904","197"
"MR-75452","196"
"VW-117751","196"
"JM-52502","196"
"SC-104402","195"
"RH-194954","195"
"SW-204553","195"
"DJ-35102","194"
"CM-27152","194"
"GT-47102","194"
"CC-121453","193"
"EM-40952","193"
"ML-77551","193"
"LP-70802","193"
"TB-110551","193"
"SN-107101","192"
"DP-31052","192"
"RP-192704","192"
"TB-111752","192"
"AA-3753","192"
"JE-161654","191"
"DL-34951","191"
"LM-70652","191"
"LH-167502","190"
"YS-118801","190"
"AB-6001","190"
"KL-65552","189"
"LF-71852","189"
"MH-74403","189"
"AS-2253","189"
"CD-19803","188"
"RB-97952","188"
"MK-79052","187"
"EB-137503","187"
"HM-48602","187"
"AS-1351","187"
"BD-116354","186"
"SC-100501","186"
"EM-41401","186"
"TB-114002","186"
"KB-64051","184"
"PH-187902","184"
"ML-73952","183"
"RE-94052","183"
"PL-189253","183"
"NC-84152","182"
"BD-16351","182"
"ME-180104","182"
"AH-2102","182"
"DM-30152","182"
"BF-10051","181"
"CK-23251","181"
"NG-84301","181"
"SC-103051","181"
"MC-75751","181"
"AG-6751","180"
"BT-114404","180"
"TT-212652","180"
"GM-44551","180"
"JD-58951","179"
"FC-142453","179"
"EN-37801","179"
"TC-114752","178"
"TC-211452","178"
"PH-87901","177"
"TS-116551","176"
"LW-168253","176"
"MH-180254","175"
"HA-149203","175"
"EC-140504","175"
"CC-26701","175"
"LM-170652","175"
"SM-209053","175"
"PO-191952","174"
"SV-208154","174"
"SW-107553","174"
"AC-6152","174"
"CD-19201","174"
"ZD-219254","174"
"KD-63452","173"
"HH-50102","173"
"KH-166303","173"
"FA-42301","172"
"CG-25201","171"
"ES-40802","170"
"GH-46651","170"
"JF-155653","170"
"NK-84901","170"
"AA-3751","169"
"JR-62102","169"
"JB-60002","169"
"JK-53251","169"
"MD-73501","168"
"EB-41101","168"
"KC-65402","168"
"IM-50701","168"
"DB-36601","167"
"CH-20701","167"
"BE-14551","167"
"EM-42002","166"
"JF-152954","165"
"DL-28653","165"
"JM-55802","165"
"BH-17102","165"
"SS-101401","164"
"BD-115604","164"
"MS-77101","164"
"CS-21301","164"
"AG-4953","164"
"JM-155804","164"
"NM-84451","164"
"EM-140652","163"
"AR-8251","163"
"CS-18602","163"
"EJ-41552","163"
"HJ-148753","163"
"CR-27302","163"
"DB-31201","163"
"CS-22501","162"
"GM-46802","162"
"JW-160754","162"
"DB-32101","161"
"FP-43201","161"
"AO-108104","161"
"ME-80101","161"
"BP-10951","160"
"CS-18451","160"
"CT-19951","160"
"JH-59101","160"
"CM-19351","160"
"PG-88951","159"
"JW-60751","159"
"TS-116102","159"
"DJ-34202","158"
"KM-66602","158"
"CA-23102","158"
"TZ-114451","158"
"KH-165103","157"
"PC-190003","157"
"NG-83553","157"
"RD-96603","157"
"JF-55651","156"
"PF-92251","156"
"MC-76351","156"
"CD-19802","156"
"RC-199603","155"
"KB-62402","155"
"GR-45602","155"
"PO-91953","155"
"LF-171854","155"
"PL-189254","155"
"GB-145303","155"
"LS-69752","154"
"NB-86552","154"
"CG-120402","154"
"CR-25802","154"
"SK-99902","154"
"TZ-114452","154"
"DP-31652","153"
"TB-113551","153"
"KC-62552","153"
"SM-100051","152"
"GM-46952","152"
"LH-71552","152"
"TC-209804","152"
"RD-99001","151"
"VP-117302","151"
"MO-75002","150"
"BM-17852","149"
"AY-105554","149"
"JJ-157604","149"
"BT-14401","149"
"MK-79053","149"
"KC-65401","147"
"FM-42901","147"
"RB-96451","147"
"VS-218203","147"
"EM-41402","147"
"KL-66452","147"
"RB-196454","147"
"AC-4502","147"
"TA-113851","147"
"HA-49051","146"
"PF-91651","146"
"BS-16652","146"
"TS-113701","146"
"PJ-88352","146"
"NH-186103","146"
"BT-13951","145"
"AF-8701","145"
"JE-56102","145"
"NP-83252","145"
"BT-14851","145"
"AJ-109604","145"
"AR-4051","144"
"PT-190904","144"
"MM-72603","144"
"FG-142603","144"
"BS-116654","143"
"TH-115501","143"
"DM-33451","143"
"TS-113402","143"
"EM-40951","143"
"AG-107654","143"
"BE-14102","141"
"SC-203053","141"
"SG-106051","141"
"AB-152","141"
"TP-115651","141"
"TH-111002","141"
"PW-92402","140"
"TC-112951","140"
"HD-147854","140"
"NS-85051","140"
"BC-11252","140"
"GM-44402","140"
"FO-43051","140"
"ML-82652","139"
"TB-115201","139"
"JL-58501","139"
"DC-28501","139"
"SV-103652","139"
"PG-88952","138"
"JS-55952","138"
"KB-164054","138"
"GB-145302","138"
"AA-4801","138"
"AC-6151","137"
"SC-106801","137"
"BD-15601","137"
"CC-26702","137"
"AG-103901","137"
"AH-752","137"
"LH-71551","137"
"VT-217003","137"
"SV-107852","137"
"RA-99152","137"
"RD-94803","136"
"BE-13351","136"
"NK-184904","136"
"AB-106004","136"
"GH-144853","136"
"RR-93152","136"
"GA-45151","135"
"RB-96452","135"
"MM-180551","135"
"PT-90901","135"
"TS-110851","135"
"DB-29702","134"
"GT-147554","134"
"ED-38853","134"
"MS-73652","133"
"BS-118004","133"
"JP-55202","133"
"FC-43352","133"
"PB-192104","133"
"BV-112453","133"
"EP-39152","132"
"RA-98853","132"
"LP-70952","132"
"TB-212504","132"
"BO-114254","131"
"RF-97351","131"
"DV-134652","131"
"EA-40351","131"
"BP-10502","131"
"EP-39151","130"
"MA-79952","130"
"FH-43651","130"
"AP-7202","130"
"FM-142902","129"
"DP-33901","129"
"HP-148151","129"
"TZ-114453","129"
"JC-57752","128"
"JF-51901","128"
"DP-131654","128"
"TG-113102","128"
"AB-1651","128"
"BS-13801","128"
"Dp-132402","128"
"LC-71402","128"
"HL-50401","127"
"GH-44252","127"
"TP-111301","127"
"ME-173203","127"
"EC-40502","127"
"SP-109202","127"
"LP-170804","127"
"LT-71101","127"
"NF-85951","126"
"GA-147252","126"
"SC-105751","126"
"EL-137354","125"
"NP-83251","125"
"BB-15451","125"
"BK-12601","125"
"JH-59102","125"
"LC-70501","125"
"IM-150553","124"
"Dp-32402","124"
"BG-10351","124"
"MG-76952","124"
"CG-120403","124"
"CL-18903","124"
"AR-105403","124"
"TZ-115801","123"
"TR-113252","123"
"YC-218953","123"
"AB-106003","123"
"CC-22201","123"
"MC-81302","123"
"EB-37052","123"
"HW-149353","122"
"EM-39601","122"
"KL-65551","122"
"ML-77553","122"
"PR-88802","122"
"VP-117601","121"
"BD-17701","121"
"PC-90002","120"
"SS-104101","120"
"KT-164802","120"
"ML-74101","120"
"GH-146654","120"
"RH-96001","120"
"SF-202003","119"
"CC-24301","119"
"KT-164803","119"
"HH-150104","119"
"SC-208004","118"
"DB-132703","118"
"AS-901","118"
"DE-132554","117"
"BB-9901","117"
"KB-62401","117"
"EC-140503","117"
"JD-58952","117"
"MZ-75153","117"
"KN-63901","117"
"RP-92701","117"
"BF-110804","117"
"TD-109951","117"
"TT-114601","117"
"AS-2251","117"
"GK-46202","116"
"JF-54902","116"
"AG-3901","116"
"IL-51001","116"
"JK-60902","116"
"BP-11552","116"
"CK-25951","115"
"CM-124454","115"
"KH-163604","115"
"RK-93001","115"
"ND-83701","115"
"CD-122804","114"
"HG-148454","114"
"EB-37501","114"
"LB-67352","114"
"CR-25801","114"
"VM-218354","113"
"EM-40651","113"
"KS-63001","113"
"JE-61652","113"
"DB-35551","113"
"KD-64951","113"
"SR-104251","112"
"RD-94801","112"
"AH-4652","112"
"BF-109754","112"
"LS-69452","112"
"AA-103153","112"
"RB-97052","112"
"DV-34651","112"
"BG-16951","111"
"SV-108152","111"
"SC-102301","111"
"MC-74252","111"
"ST-105302","111"
"SC-100202","110"
"DP-130003","110"
"EM-40652","110"
"SV-109351","110"
"KS-63002","109"
"DD-35702","109"
"DK-28951","109"
"CJ-20102","109"
"BW-12002","109"
"KW-65701","108"
"DL-33302","108"
"AF-8702","108"
"DM-35253","108"
"LD-70053","107"
"JE-57151","107"
"GP-147404","106"
"KN-167053","106"
"KM-166604","106"
"CR-26253","105"
"CC-22203","105"
"LE-168103","105"
"MB-80851","105"
"AH-4651","104"
"MF-76652","104"
"ML-80403","104"
"KW-64351","104"
"NC-86252","103"
"CC-125504","103"
"CM-21902","103"
"SC-106952","103"
"JS-55953","103"
"JW-59551","103"
"TB-113552","103"
"JM-56553","102"
"CB-124151","102"
"BG-17401","101"
"MO-179501","101"
"GB-45303","101"
"AC-4202","101"
"CC-24752","101"
"PC-87452","101"
"BS-13652","101"
"EB-38702","101"
"NG-83551","101"
"EM-38101","100"
"NB-85802","100"
"AC-104204","100"
"EM-39602","100"
"CS-24902","100"
"AG-103904","100"
"CG-125203","99"
"ML-180403","99"
"SC-103802","99"
"MY-73801","98"
"Dp-32403","98"
"JD-58953","98"
"SL-101553","98"
"DV-30451","98"
"SN-107102","97"
"MH-176204","97"
"AB-1051","97"
"LL-168404","97"
"DE-32551","97"
"YC-118951","97"
"JW-60752","97"
"HR-47702","97"
"DC-28503","96"
"TB-211754","96"
"TC-114751","96"
"AZ-7502","96"
"MC-76052","96"
"TN-110401","96"
"CA-20552","96"
"LB-67951","96"
"LC-68852","95"
"NP-86852","95"
"DD-135704","95"
"ND-84601","94"
"NR-85501","94"
"RB-194352","93"
"DL-133304","93"
"PK-90752","93"
"XP-118651","93"
"TH-115502","93"
"AC-4503","93"
"SC-103052","93"
"RH-96003","92"
"CS-25052","91"
"RF-93453","91"
"RD-94802","91"
"DP-33902","91"
"JA-59702","91"
"RF-93451","90"
"JF-52952","90"
"ML-182654","90"
"JD-57902","89"
"HZ-49502","89"
"EB-38403","89"
"SN-105601","88"
"SF-109652","88"
"AH-1952","88"
"GZ-45451","88"
"PO-91802","88"
"AS-452","87"
"BO-13502","87"
"BM-11401","86"
"DP-33903","86"
"TB-111751","86"
"DB-36152","86"
"JE-54751","85"
"SG-108901","85"
"PC-87451","85"
"SP-109201","85"
"KT-64802","85"
"DM-35251","84"
"TB-114001","84"
"CV-128053","84"
"TB-112802","84"
"MS-77702","83"
"PO-88653","83"
"HG-49651","83"
"HG-50251","83"
"TC-109801","83"
"TC-211454","82"
"DP-30003","82"
"EB-38701","82"
"LS-72301","81"
"JG-58051","81"
"DK-29851","81"
"FW-143954","81"
"SW-107552","80"
"RH-94952","80"
"PP-89552","80"
"CS-19502","80"
"AS-106303","80"
"DC-28502","80"
"FH-42752","79"
"CB-25351","79"
"MT-180704","79"
"HE-48001","78"
"LH-171553","78"
"BK-12602","78"
"SG-104702","78"
"RP-98551","78"
"CJ-20101","77"
"BB-15452","77"
"CM-24451","77"
"SP-106201","77"
"LF-171853","76"
"NL-83101","76"
"HA-49201","76"
"JK-57301","76"
"AO-8103","76"
"AC-106154","76"
"PO-91801","75"
"MC-75902","75"
"EM-42001","75"
"SC-100952","75"
"DL-29251","75"
"RP-192703","74"
"DR-29402","74"
"CC-25502","74"
"RF-98401","74"
"EH-40052","74"
"CC-21002","73"
"LH-70201","73"
"DW-31952","73"
"MP-79652","73"
"DA-134504","73"
"FC-43351","73"
"ML-80402","73"
"JA-59701","73"
"DR-28802","72"
"IM-150554","72"
"ES-40201","72"
"BF-11701","72"
"KH-65102","72"
"JC-153404","72"
"ED-38851","72"
"BC-111251","71"
"DN-36902","71"
"JG-58052","71"
"JO-51452","71"
"MK-181604","71"
"SM-200054","71"
"AS-6302","71"
"MN-79351","71"
"VD-116701","70"
"BW-10652","70"
"VG-118051","69"
"RL-96151","69"
"AH-6901","69"
"CC-25501","68"
"MC-78451","68"
"LC-70502","68"
"RB-97951","68"
"EM-38253","68"
"JH-58201","68"
"SB-201703","68"
"EC-40501","68"
"DK-30901","67"
"SS-108752","67"
"LS-69751","67"
"NB-86551","66"
"IM-150551","66"
"DM-29552","66"
"JS-60302","66"
"FH-43502","65"
"BP-12901","65"
"TH-111153","65"
"KT-64653","65"
"RK-93002","64"
"GA-147253","64"
"BM-16501","64"
"PO-88651","64"
"CB-24151","64"
"HJ-48751","64"
"AR-105402","64"
"MT-180703","64"
"TR-113251","64"
"SW-102452","64"
"MS-79801","63"
"MR-75451","63"
"ER-38551","63"
"JM-55351","63"
"AH-102101","62"
"JC-53402","62"
"NS-85052","62"
"LR-70352","62"
"CD-19202","62"
"AH-5851","61"
"PP-89551","61"
"LD-70051","61"
"JC-61051","61"
"SC-207251","61"
"BP-11551","61"
"TM-110101","61"
"SJ-102151","61"
"DL-33303","60"
"DK-33752","60"
"PF-91202","60"
"VP-117301","60"
"AA-104804","60"
"JR-56701","60"
"RD-98102","59"
"CS-24601","59"
"VF-117152","59"
"DK-131504","59"
"RW-96301","59"
"SG-100801","59"
"MF-76651","58"
"BF-10803","58"
"JM-58653","58"
"AH-1951","58"
"TM-114901","58"
"EM-140654","58"
"TS-112052","58"
"FG-42601","58"
"SM-109501","57"
"BD-13201","57"
"LT-67653","57"
"DA-34501","57"
"PS-89701","57"
"PC-190004","57"
"SC-108001","57"
"CW-19052","57"
"CC-124302","57"
"VS-118201","57"
"QJ-92552","57"
"SZ-200352","57"
"MO-179504","56"
"SW-207554","56"
"JP-54601","56"
"SG-100802","56"
"SR-107401","56"
"DW-31951","55"
"DP-131052","55"
"HR-48302","55"
"SC-107702","55"
"BF-110054","55"
"MZ-75152","55"
"JH-54303","55"
"JL-51751","55"
"SA-108302","55"
"DL-129252","55"
"JK-56401","54"
"MH-76201","54"
"VM-118352","54"
"JE-57451","53"
"AT-104354","53"
"CL-18902","53"
"SS-105901","53"
"BD-15001","52"
"VM-116851","52"
"SR-104253","52"
"AG-4952","52"
"KH-66902","52"
"TW-110251","52"
"RB-93601","52"
"SW-102751","52"
"MO-79502","52"
"BT-16801","51"
"SS-105152","51"
"ML-77552","51"
"EB-38402","50"
"SB-101852","50"
"JW-59552","50"
"DN-36903","50"
"LB-167354","50"
"MP-74701","49"
"MA-79953","49"
"LR-69151","49"
"EH-39452","49"
"PO-88501","49"
"CM-21602","48"
"JE-57152","48"
"RE-194054","48"
"CD-27902","48"
"VF-117151","48"
"JJ-57601","48"
"BG-16952","48"
"CR-26252","48"
"NC-86251","48"
"SC-100201","48"
"SR-104252","47"
"AF-8852","47"
"DF-31352","47"
"MC-75901","47"
"NF-83852","47"
"DS-31801","46"
"JK-61202","46"
"LS-69753","46"
"GB-45301","46"
"AG-5252","45"
"FH-43501","45"
"LW-69901","45"
"DB-32701","45"
"JP-61351","44"
"JD-60602","44"
"TH-111152","44"
"EK-37951","44"
"EB-138703","44"
"CC-26852","44"
"SM-103202","44"
"SD-104852","43"
"SS-105151","43"
"JH-59852","43"
"OT-87302","42"
"VG-117902","42"
"TG-113103","42"
"GT-47101","41"
"EM-38251","41"
"TD-109952","41"
"TB-116251","41"
"NF-84751","41"
"KT-64652","41"
"ND-84602","41"
"LS-72452","40"
"NC-83402","40"
"CM-18152","40"
"LA-167803","40"
"KS-163004","40"
"CL-27002","39"
"CP-20852","39"
"GD-45901","39"
"RE-94051","39"
"SG-208904","38"
"RA-98852","38"
"TB-115951","38"
"SC-208454","37"
"RC-98251","37"
"SB-101701","37"
"EH-39902","37"
"RD-199302","37"
"AR-105704","36"
"CG-20401","36"
"JM-155353","35"
"CC-24753","35"
"SO-103351","35"
"RH-195554","35"
"TT-110701","35"
"BS-15901","35"
"BC-11251","34"
"RM-97501","34"
"FH-42751","34"
"AB-1052","34"
"DG-33002","33"
"DM-30151","33"
"GT-46352","32"
"RW-96901","32"
"CY-27452","31"
"QJ-92551","31"
"KN-63902","31"
"EB-141702","31"
"DB-29701","31"
"NH-86101","31"
"PK-90751","31"
"RC-99602","31"
"MG-78751","30"
"SC-108451","30"
"RA-98851","30"
"DL-34952","30"
"GM-46801","30"
"MA-75601","30"
"DP-30002","30"
"AH-753","30"
"DH-36752","30"
"WB-118501","30"
"AI-8551","30"
"MZ-73351","30"
"FM-43801","30"
"MK-81602","29"
"PB-91501","29"
"JP-54602","29"
"SS-105902","29"
"KB-66002","29"
"CM-21151","29"
"LT-67652","29"
"AS-2252","28"
"SL-101552","28"
"JK-56252","28"
"JH-54302","28"
"BG-17402","28"
"VM-118351","28"
"JL-51302","27"
"RR-93151","27"
"CM-23852","27"
"MC-76352","27"
"SW-102752","27"
"BF-112751","27"
"AA-3752","27"
"SC-107701","27"
"PO-91952","27"
"CS-124604","27"
"SC-108002","27"
"DW-35852","27"
"FG-42602","26"
"RM-197504","26"
"MD-73502","26"
"SM-109052","26"
"RB-94651","26"
"GG-46501","26"
"MH-76202","26"
"MS-75301","26"
"MF-82501","25"
"CS-21302","25"
"LH-69002","25"
"TH-111001","25"
"BF-12751","24"
"BT-15302","24"
"BD-16052","24"
"MH-180251","24"
"AM-7052","24"
"TS-110852","24"
"SV-103651","23"
"LC-68853","23"
"RD-199002","23"
"AO-8102","22"
"JS-159401","22"
"GZ-45452","22"
"SJ-102152","22"
"BT-15301","22"
"TS-111601","22"
"MJ-77402","22"
"SE-101102","22"
"CS-19503","22"
"MH-80252","22"
"AG-2703","22"
"GB-45302","21"
"WB-118502","21"
"JP-55203","21"
"JC-57751","21"
"AG-3902","21"
"AM-7053","20"
"NG-83552","20"
"AG-3302","20"
"RA-92852","20"
"GH-46652","20"
"HL-50402","20"
"RS-94203","19"
"NW-84002","19"
"JS-60303","19"
"MG-78901","19"
"AJ-7802","19"
"MM-72601","19"
"NL-83102","19"
"LD-70052","19"
"JS-55951","19"
"NM-85201","19"
"KC-66751","19"
"NM-84452","18"
"SE-101101","18"
"CL-25652","18"
"TS-113401","18"
"MC-76051","18"
"KM-63751","18"
"HG-49652","17"
"HR-48301","17"
"JS-59402","17"
"CJ-118754","17"
"DB-32102","17"
"AS-101354","17"
"AF-8851","17"
"BW-11102","17"
"BM-16502","17"
"JH-61802","17"
"AO-8101","16"
"TG-113101","16"
"DW-35401","16"
"RS-198704","15"
"ED-38852","15"
"MG-82052","15"
"Co-26402","14"
"JP-55201","14"
"CP-23402","14"
"SH-103952","14"
"CS-125052","14"
"CS-24901","14"
"HD-47852","14"
"DL-33301","14"
"RW-96302","14"
"AI-108553","14"
"AW-9302","13"
"JL-52351","13"
"SS-104102","13"
"EM-38252","13"
"RF-93452","13"
"SJ-101252","12"
"AD-1801","12"
"YC-118952","12"
"TP-114152","12"
"RS-94202","12"
"KE-64202","12"
"TH-115503","11"
"VM-218353","11"
"JK-60903","11"
"CB-25352","11"
"Dl-136003","11"
"JK-56253","11"
"TC-112952","11"
"AA-3151","11"
"SH-103953","10"
"KM-66601","10"
"AC-6602","10"
"AT-7351","10"
"AB-2552","10"
"SH-103951","10"
"RD-95852","9"
"DB-32702","9"
"CC-24302","9"
"EB-38401","9"
"TC-115352","8"
"TS-115052","8"
"CM-22351","8"
"GZ-44702","8"
"SS-101402","7"
"ZC-119101","7"
"DS-31802","7"
"KM-62251","7"
"MH-74402","6"
"TC-112953","6"
"HG-49653","6"
"RD-96602","5"
"TS-210854","5"
"LD-168554","5"
"AS-2401","5"
"LH-70202","4"
"MG-182054","4"
"BF-10052","4"
"LP-70951","4"
"XP-118652","4"
"TM-110102","4"
"BS-17552","3"
"CK-22051","3"
"AH-1202","2"
